global_batch,control_batch,arrow_task_batch,qa_task_batch,mem_canvas_batch,blue_line_direction_batch,gold_direction_batch,gold_proximity_batch,please_turn_batch,relposition_qa_batch,direction_names_batch,primary_solver_batch,secondary_solver_batch
1,inf,inf,inf,inf,inf,inf,inf,inf,inf,inf,inf,0.006775
2,inf,inf,inf,inf,inf,inf,inf,inf,inf,inf,inf,0.007515
3,inf,inf,inf,inf,inf,inf,inf,inf,inf,inf,0.000251,0.007515
4,inf,inf,inf,inf,inf,inf,inf,inf,inf,inf,0.000255,0.007515
5,inf,inf,inf,inf,inf,inf,inf,inf,inf,inf,0.000255,0.006903
6,inf,inf,inf,inf,inf,0.001011,inf,inf,inf,inf,0.000255,0.006903
7,inf,inf,0.003109,inf,inf,0.001011,inf,inf,inf,inf,0.000255,0.006903
8,inf,inf,0.003109,0.006699,inf,0.001011,inf,inf,inf,inf,0.000255,0.006903
9,inf,inf,0.003109,0.008012,inf,0.001011,inf,inf,inf,inf,0.000255,0.006903
10,inf,inf,0.003109,0.008012,inf,0.001011,inf,inf,inf,inf,0.000286,0.006903
100,0.000558,0.000938,0.003081,0.006548,0.001134,0.001000,0.001005,0.002128,0.002170,0.000645,0.000390,0.003638
200,0.000582,0.000955,0.003079,0.007498,0.001139,0.001000,0.000998,0.002127,0.002543,0.000631,0.000424,0.001443
300,0.000593,0.000949,0.003079,0.006251,0.001153,0.001002,0.001002,0.002136,0.002357,0.000647,0.000383,0.000665
400,0.000628,0.000938,0.003075,0.006927,0.001142,0.001001,0.000999,0.002149,0.002545,0.000664,0.000383,0.000540
500,0.000589,0.000997,0.003080,0.006970,0.001144,0.000998,0.000998,0.002143,0.002411,0.000643,0.000389,0.000534
600,0.000565,0.000938,0.003085,0.007445,0.001137,0.001000,0.001001,0.002142,0.002346,0.000654,0.000385,0.000529
700,0.000598,0.000992,0.003078,0.007238,0.001138,0.000998,0.000998,0.002160,0.002664,0.000663,0.000350,0.000438
800,0.000597,0.000947,0.003083,0.006591,0.001137,0.000998,0.000997,0.002136,0.002627,0.000685,0.000398,0.000473
900,0.000591,0.000996,0.003076,0.005867,0.001145,0.001002,0.001001,0.002178,0.002576,0.000663,0.000384,0.000429
1000,0.000585,0.000987,inf,0.006349,0.001144,0.000998,0.000999,0.002104,0.002830,0.000642,0.000365,0.000441
1100,0.000564,0.000954,0.003079,0.007082,0.001128,0.000999,0.000997,0.002109,0.002483,0.000631,0.000354,0.000425
1200,0.000572,0.000999,0.003079,0.006972,0.001147,0.000997,0.000998,0.002156,0.002605,0.000595,0.000350,0.000434
1300,0.000545,0.000939,0.003080,0.005954,0.001145,0.001004,0.001001,0.002101,0.002518,0.000609,0.000384,0.000390
1400,0.000551,0.000918,0.003064,0.006937,0.001134,0.000997,0.000999,0.002150,0.002721,0.000626,0.000354,0.000424
1500,0.000600,0.000976,0.003083,0.007606,0.001133,0.000998,0.000998,0.002167,0.002507,0.000602,0.000386,0.000404
1600,0.000574,0.000920,0.003079,0.007917,0.001168,0.001002,0.001000,0.002110,0.002668,0.000635,0.000387,0.000408
1700,0.000578,0.000855,0.003081,0.006108,0.001131,0.001000,0.000998,0.002185,0.002697,0.000659,0.000361,0.000403
1800,0.000615,0.000975,0.003077,0.007345,0.001140,0.000999,0.000997,0.002120,0.002879,0.000647,0.000385,0.000401
1900,0.000560,0.000937,0.003082,0.006549,0.001145,0.000994,0.000996,0.002168,0.002281,0.000621,0.000375,0.000420
2000,0.000607,0.000959,0.003077,0.005811,inf,0.001002,0.001001,0.002108,0.002575,0.000621,0.000364,0.000435
2100,0.000562,0.000973,0.003078,0.005630,0.001136,0.000998,0.000999,0.002140,0.002520,0.000603,0.000368,0.000416
2200,0.000582,0.000961,0.003087,0.005626,0.001138,0.001002,inf,0.002141,0.002371,0.000586,0.000344,0.000396
2300,0.000601,0.000904,0.003079,0.005662,0.001125,0.001000,0.001001,0.002126,0.002621,0.000667,0.000335,0.000402
2400,0.000615,0.000950,0.003080,0.006777,0.001136,0.001000,0.001000,0.002143,0.002295,0.000690,0.000386,0.000459
2500,0.000588,0.000924,0.003080,0.007407,0.001152,0.000998,0.000999,0.002142,0.003172,0.000571,0.000359,0.000435
2600,0.000570,0.000982,0.003076,0.006414,0.001143,0.001001,0.001000,0.002118,0.002526,0.000660,0.000352,0.000402
2700,0.000609,0.000938,0.003078,0.006793,0.001133,0.001000,0.000999,0.002144,0.002625,0.000722,0.000400,0.000389
2800,0.000579,0.001043,0.003086,0.006790,0.001143,0.000998,0.000996,0.002127,0.002440,0.000620,0.000396,0.000382
2900,0.000626,0.001039,0.003073,0.006521,0.001152,0.001002,0.001002,0.002160,0.002395,0.000632,0.000367,0.000392
3000,0.000614,0.000964,0.003080,0.006578,0.001155,0.000997,0.001002,0.002103,0.002406,0.000721,0.000365,0.000392
3100,0.000603,0.000936,0.003084,0.006009,0.001132,0.000997,0.000998,0.002151,0.002547,0.000582,0.000349,0.000377
3200,0.000601,0.000931,0.003079,0.007353,0.001133,0.000999,0.000995,0.002165,0.002498,0.000718,0.000382,0.000398
3300,0.000531,0.001017,0.003077,0.007666,0.001154,0.000999,0.000997,0.002141,0.002614,0.000595,0.000357,0.000401
3400,0.000617,0.000990,0.003078,0.006845,0.001133,0.001000,0.000998,0.002116,0.002578,0.000637,0.000365,0.000385
3500,0.000626,0.001030,0.003073,0.006476,0.001148,0.001002,0.001000,0.002165,0.002580,0.000705,0.000391,0.000377
3600,inf,0.001037,0.003079,0.006527,0.001122,0.001001,0.001002,0.002162,0.002704,0.000661,0.000354,0.000397
3700,0.000586,0.000874,0.003081,0.006361,0.001156,0.000997,0.001000,0.002147,0.002553,0.000720,0.000349,0.000379
3800,0.000589,0.000946,0.003080,0.007458,0.001142,0.001001,0.000998,0.002135,0.002410,0.000733,0.000371,0.000407
3900,0.000579,0.000958,0.003083,0.005368,0.001139,0.000998,0.001001,0.002147,0.002443,0.000657,0.000350,0.000382
4000,0.000603,0.001079,0.003081,0.006750,0.001142,0.001001,0.000999,0.002133,0.002401,0.000659,0.000367,0.000393
4100,0.000571,0.001029,0.003081,0.006921,0.001131,0.000999,0.000997,0.002133,0.002821,0.000583,0.000338,0.000393
4200,0.000600,0.000973,0.003079,0.007143,0.001147,0.001000,0.001002,0.002158,0.002734,0.000621,0.000375,0.000383
4300,0.000608,0.000988,0.003076,0.005996,0.001148,0.001001,0.000997,0.002112,0.002484,0.000630,0.000368,0.000391
4400,0.000581,0.000937,0.003077,0.006472,0.001131,0.000996,0.001002,0.002122,0.002486,0.000723,0.000335,0.000416
4500,0.000547,0.000937,0.003077,0.006367,0.001126,0.001000,0.000999,0.002107,0.002529,0.000675,0.000364,0.000389
4600,0.000561,0.000910,0.003075,0.007037,0.001139,0.000999,0.001004,0.002127,0.002242,0.000755,0.000342,0.000393
4700,0.000576,0.000964,0.003084,0.006040,0.001141,0.000997,0.000996,0.002095,0.002656,0.000669,0.000377,0.000387
4800,0.000589,0.000984,0.003078,0.006274,0.001152,0.001001,0.001002,0.002175,0.002448,0.000644,0.000352,0.000382
4900,0.000573,0.000980,0.003079,0.006223,0.001146,0.000999,0.001004,0.002148,0.002500,0.000761,0.000364,0.000376
5000,0.000581,0.000955,0.003093,0.005948,0.001143,0.001003,0.000999,0.002160,0.002430,0.000700,0.000349,0.000373
5100,0.000567,0.000955,0.003077,0.006782,0.001141,0.000999,0.001001,0.002161,0.002249,0.000653,0.000371,0.000376
5200,0.000553,0.000991,0.003079,0.008032,0.001154,0.001000,0.000996,0.002096,0.002501,0.000676,0.000370,0.000362
5300,0.000589,0.000929,0.003076,0.006339,0.001148,0.000996,0.000999,0.002174,0.002600,0.000601,0.000350,0.000372
5400,0.000607,0.000931,0.003079,0.006996,0.001136,0.000999,0.000997,0.002101,0.002541,0.000710,0.000367,0.000394
5500,0.000573,0.000922,0.003084,0.006015,0.001137,0.001002,0.001000,0.002129,0.002371,0.000635,0.000367,0.000388
5600,0.000587,0.001001,0.003076,0.006748,0.001144,0.000999,0.001000,0.002144,0.002559,0.000709,0.000316,0.000366
5700,0.000577,0.000935,0.003080,0.006591,0.001142,0.000999,0.000996,0.002165,0.002485,0.000593,0.000347,0.000382
5800,0.000593,0.000974,0.003078,0.006717,0.001137,0.000999,0.000998,0.002121,0.002152,0.000685,0.000371,0.000390
5900,0.000612,0.000904,0.003077,0.006791,0.001141,0.000997,0.001003,0.002115,0.002367,0.000670,0.000387,0.000389
6000,0.000571,0.000957,0.003080,0.006272,0.001141,0.001001,0.000998,0.002114,0.002148,0.000483,0.000359,0.000376
6100,0.000605,0.000991,0.003077,0.007117,0.001145,0.001000,0.001002,0.002120,0.002591,0.000668,0.000367,0.000384
6200,0.000611,0.000869,0.003080,0.008034,0.001141,0.000998,0.001001,0.002133,0.002250,0.000652,0.000328,0.000362
6300,0.000595,0.000940,0.003065,0.005967,0.001138,0.000999,0.000995,0.002092,0.002157,0.000641,0.000392,0.000371
6400,0.000597,0.001017,0.003083,0.007901,0.001144,0.000997,0.000997,0.002113,0.002287,0.000575,0.000395,0.000383
6500,0.000586,0.001023,0.003069,0.006555,0.001145,0.001001,0.001000,0.002155,0.002586,0.000709,0.000348,0.000383
6600,0.000577,0.000943,0.003082,0.006745,0.001142,0.000998,0.000998,0.002140,0.002198,0.000582,0.000364,0.000390
6700,0.000599,0.000925,0.003075,0.006769,0.001152,0.000997,0.000997,0.002097,0.002360,0.000710,0.000386,0.000369
6800,0.000622,0.000945,0.003081,0.006732,0.001130,0.001004,0.001001,0.002124,0.002383,0.000615,0.000367,0.000362
6900,0.000594,0.001010,0.003068,0.005998,0.001144,0.001000,0.001001,0.002166,0.002498,0.000630,0.000370,0.000353
7000,0.000596,0.000981,0.003085,0.006759,0.001138,0.000997,0.000999,0.002094,0.002254,0.000570,0.000355,0.000394
7100,0.000551,0.000967,0.003080,0.006423,0.001137,0.001000,0.000998,0.002147,0.002416,0.000554,0.000366,0.000371
7200,0.000564,0.000986,0.003078,0.007353,0.001139,0.001002,0.000999,0.002136,0.002969,0.000724,0.000369,0.000361
7300,0.000595,0.001008,0.003085,0.006410,0.001147,0.000995,0.000998,0.002199,0.002465,0.000688,0.000352,0.000360
7400,0.000591,0.000990,0.003081,0.006453,0.001147,0.000997,0.001001,0.002169,0.002558,0.000631,0.000378,0.000349
7500,0.000609,0.000937,0.003077,0.007421,0.001142,0.001002,0.001001,0.002143,0.002294,0.000629,0.000380,0.000356
7600,0.000596,0.000945,0.003077,0.007301,0.001142,0.000996,0.000996,0.002126,0.002493,0.000676,0.000364,0.000377
7700,0.000591,0.000901,0.003085,0.006542,0.001139,0.001000,0.000996,0.002062,0.002243,0.000643,0.000340,0.000374
7800,0.000571,0.001004,0.003074,0.005949,0.001129,0.001000,0.001000,0.002111,0.002264,0.000692,0.000363,0.000384
7900,0.000621,0.000988,0.003078,0.006787,0.001140,0.001002,0.001005,0.002148,0.002659,0.000606,0.000341,0.000364
8000,0.000600,0.000977,0.003078,0.006385,0.001130,0.000998,0.000999,0.002111,0.002295,0.000724,0.000327,0.000370
8100,0.000606,0.000991,0.003078,0.007020,0.001153,0.000999,0.001004,0.002170,0.002226,0.000679,0.000379,0.000356
8200,0.000597,0.000907,0.003082,0.006792,0.001129,0.001000,0.001002,0.002139,0.002790,0.000612,0.000353,0.000380
8300,0.000605,0.001063,0.003086,0.006180,0.001125,0.000999,0.000996,0.002101,0.002264,0.000593,0.000375,0.000382
8400,0.000598,0.001029,0.003079,0.006556,0.001141,0.000997,0.000999,0.002124,0.002503,0.000685,0.000353,0.000366
8500,0.000595,0.000950,0.003072,0.006605,0.001138,0.000998,0.000999,0.002113,0.002350,0.000584,0.000346,0.000386
8600,0.000616,0.000953,0.003079,0.007016,0.001146,0.000999,0.000996,0.002090,0.002606,0.000629,0.000368,0.000349
8700,0.000599,0.000948,0.003077,0.007040,0.001146,0.001002,0.000999,0.002155,0.002639,0.000611,0.000339,0.000366
8800,0.000586,0.000986,0.003083,0.006773,0.001155,0.001000,0.001000,0.002153,0.002580,0.000540,0.000366,0.000379
8900,0.000638,0.000975,0.003075,0.007094,0.001137,0.001001,0.000998,0.002134,0.002297,0.000628,0.000327,0.000355
9000,0.000608,0.000987,0.003079,0.005644,0.001125,0.000999,0.000997,0.002129,0.002781,0.000713,0.000363,0.000364
9100,0.000606,0.000940,0.003083,0.007027,0.001134,0.000998,0.001000,0.002123,0.002957,0.000620,0.000376,0.000353
9200,0.000595,0.000965,0.003074,0.005768,0.001129,0.000998,0.001000,0.002124,0.002301,0.000643,0.000346,0.000360
9300,0.000586,0.000906,0.003081,0.006545,0.001127,0.000996,0.000996,0.002131,0.002319,0.000687,0.000361,0.000362
9400,0.000576,0.001026,0.003062,0.005920,0.001137,0.000999,0.001000,0.002161,0.002569,0.000666,0.000334,0.000360
9500,0.000590,0.000978,0.003077,0.007888,0.001134,0.001001,0.000998,0.002127,0.002480,0.000661,0.000390,0.000374
9600,0.000602,0.000989,0.003088,0.006608,0.001132,0.000996,0.000996,0.002151,0.002235,0.000666,0.000326,0.000379
9700,0.000613,0.000997,0.003081,0.007223,0.001134,0.000999,0.001000,0.002149,0.003136,0.000696,0.000347,0.000369
9800,0.000610,0.000976,0.003079,0.006384,0.001142,0.000997,0.000996,0.002146,0.002575,0.000631,0.000366,0.000367
9900,0.000592,0.000953,0.003088,0.006807,0.001133,0.001000,0.001001,0.002119,0.002312,0.000688,0.000368,0.000370
10000,0.000588,0.001009,0.003076,0.007416,0.001139,0.001002,0.001001,0.002123,0.002242,0.000628,0.000352,0.000358
10100,0.000607,0.001005,0.003078,0.008252,0.001134,0.001000,0.001002,0.002104,0.002170,0.000653,0.000371,0.000348
10200,0.000570,0.001015,0.003076,0.006787,0.001143,0.000996,0.000998,0.002131,0.002485,0.000628,0.000374,0.000403
10300,0.000564,0.000984,0.003078,0.007338,0.001152,0.000996,0.000998,0.002133,0.002554,0.000730,0.000355,0.000361
10400,0.000629,0.000930,0.003085,0.007831,0.001141,0.001001,0.001001,0.002089,0.002560,0.000707,0.000351,0.000387
10500,0.000568,0.000992,0.003076,0.006488,0.001139,0.000997,0.000998,0.002124,0.002257,0.000582,0.000348,0.000384
10600,0.000590,0.000917,0.003083,0.006478,0.001125,0.000998,0.000999,0.002074,0.002361,0.000627,0.000388,0.000367
10700,0.000589,0.001046,0.003078,0.006969,0.001142,0.000999,0.001001,0.002127,0.002732,0.000677,0.000372,0.000361
10800,0.000594,0.001015,0.003062,0.007450,0.001138,0.000999,0.001000,0.002115,0.002809,0.000616,0.000361,0.000359
10900,0.000611,0.000979,0.003078,0.007468,0.001137,0.000999,0.000999,0.002113,0.002708,0.000694,0.000348,0.000367
11000,0.000551,0.000986,0.003078,0.006354,0.001141,0.000994,0.000997,0.002186,0.002572,0.000674,0.000354,0.000382
11100,0.000567,0.000954,0.003077,0.006379,0.001145,0.001000,0.000998,0.002117,0.002299,0.000622,0.000353,0.000371
11200,0.000604,0.001047,0.003074,0.007881,0.001131,0.000997,0.000999,0.002160,0.002553,0.000618,0.000378,0.000359
11300,0.000612,0.000969,0.003080,0.006952,0.001138,0.000997,0.000999,0.002133,0.002333,0.000541,0.000378,0.000364
11400,0.000589,0.000964,0.003069,0.007477,0.001156,0.001002,0.001001,0.002155,0.002780,0.000630,0.000343,0.000372
11500,0.000563,0.000977,0.003082,0.007629,0.001136,0.000998,0.000997,0.002156,0.002300,0.000587,0.000378,0.000375
11600,0.000567,0.000974,0.003081,0.007559,0.001143,0.000997,0.001000,0.002128,0.002613,0.000636,0.000367,0.000364
11700,0.000573,0.000908,0.003075,0.007566,0.001144,0.000999,0.001000,0.002118,0.002216,0.000617,0.000351,0.000356
11800,0.000582,0.000963,0.003077,0.005841,0.001139,0.001002,0.001000,0.002140,0.002392,0.000563,0.000347,0.000358
11900,0.000593,0.000954,0.003076,0.007272,0.001136,0.000997,0.000999,0.002170,0.002412,0.000644,0.000352,0.000365
12000,0.000572,0.000953,0.003085,0.007162,0.001130,0.000998,0.001001,0.002150,0.002781,0.000688,0.000348,0.000351
12100,0.000563,0.000969,0.003082,0.007772,0.001142,0.001001,0.001000,0.002156,0.002511,0.000749,0.000380,0.000365
12200,0.000619,0.000990,0.003081,0.006224,0.001146,0.000997,0.000993,0.002156,0.002835,0.000706,0.000341,0.000377
12300,0.000566,0.000957,0.003079,0.007186,0.001137,0.000999,0.000999,0.002152,0.002286,0.000702,0.000339,0.000356
12400,0.000585,0.001003,0.003076,0.006566,0.001146,0.001005,0.001001,0.002182,0.002308,0.000695,0.000333,0.000366
12500,0.000593,0.000946,0.003078,0.006536,0.001139,0.000998,0.001003,0.002077,0.002707,0.000674,0.000358,0.000366
12600,0.000586,0.000987,0.003075,0.006970,0.001138,0.000994,0.000999,0.002102,0.002605,0.000685,0.000353,0.000350
12700,0.000584,0.000980,0.003082,0.006776,0.001146,0.001000,0.001001,0.002108,0.002356,0.000668,0.000362,0.000351
12800,0.000579,0.000944,0.003076,0.007083,0.001135,0.001000,0.000998,0.002141,0.002223,0.000630,0.000333,0.000360
12900,0.000621,0.000959,0.003082,0.006915,0.001139,0.000997,0.000997,0.002153,0.002858,0.000599,0.000349,0.000348
13000,0.000617,0.000974,0.003079,0.005875,0.001140,0.000996,0.000997,0.002127,0.002576,0.000662,0.000340,0.000348
13100,0.000549,0.000968,0.003080,0.007559,0.001148,0.000999,0.000999,0.002090,0.002477,0.000570,0.000357,0.000349
13200,0.000557,0.001015,0.003077,0.007248,0.001144,0.000997,0.001000,0.002133,0.002506,0.000629,0.000355,0.000371
13300,0.000592,0.000942,0.003071,0.007016,0.001132,0.001001,0.001002,0.002076,0.002179,0.000619,0.000367,0.000366
13400,0.000598,0.000891,0.003078,0.008294,0.001127,0.000999,0.001002,0.002097,0.002982,0.000607,0.000353,0.000358
13500,0.000573,0.000974,0.003081,0.006134,0.001136,0.000996,0.000997,0.002118,0.002579,0.000674,0.000349,0.000368
13600,0.000564,0.000946,0.003079,0.006991,0.001131,0.000999,0.000998,0.002159,0.002764,0.000593,0.000353,0.000356
13700,0.000568,0.000922,0.003086,0.007202,0.001139,0.000998,0.000999,0.002102,0.002527,0.000618,0.000361,0.000358
13800,0.000575,0.000967,0.003077,0.007539,0.001145,0.001001,0.000999,0.002118,0.002595,0.000657,0.000359,0.000381
13900,0.000594,0.000988,0.003085,0.006040,0.001131,0.001000,0.000999,0.002129,0.002378,0.000629,0.000342,0.000364
14000,0.000557,0.000914,0.003080,0.006225,0.001136,0.001000,0.001002,0.002156,0.002475,0.000618,0.000326,0.000356
14100,0.000582,0.000906,0.003074,0.006487,0.001132,0.000996,0.001000,0.002142,0.002370,0.000693,0.000363,0.000357
14200,0.000582,0.000997,0.003081,0.007642,0.001136,0.000997,0.000996,0.002131,0.002131,0.000583,0.000331,0.000374
14300,0.000596,0.000926,0.003077,0.006589,0.001145,0.001000,0.000998,0.002120,0.002443,0.000689,0.000375,0.000355
14400,0.000594,0.000986,0.003081,0.006435,0.001134,0.000997,0.001000,0.002125,0.002497,0.000602,0.000332,0.000363
14500,0.000604,0.000961,0.003077,0.006015,0.001134,0.000999,0.000998,0.002148,0.002732,0.000596,0.000348,0.000360
14600,0.000606,0.001028,0.003077,0.006565,0.001133,0.000999,0.000997,0.002129,0.002261,0.000612,0.000350,0.000379
14700,0.000599,0.000964,0.003078,0.005516,0.001144,0.000999,0.001000,0.002114,0.002165,0.000632,0.000360,0.000361
14800,0.000592,0.000964,0.003083,0.007363,0.001131,0.000998,0.000999,0.002142,0.002240,0.000683,0.000340,0.000346
14900,0.000578,0.000889,0.003083,0.006784,0.001130,0.000999,0.001001,0.002127,0.002932,0.000592,0.000365,0.000369
15000,0.000613,0.000995,0.003078,0.007414,0.001144,0.000999,0.000998,0.002118,0.002480,0.000676,0.000317,0.000361
15100,0.000552,0.000950,0.003079,0.006052,0.001124,0.000997,0.000995,0.002133,0.002603,0.000695,0.000350,0.000364
15200,0.000570,0.001026,0.003074,0.006591,0.001137,0.000997,0.000998,0.002162,0.002471,0.000594,0.000329,0.000370
15300,0.000563,0.000931,0.003084,0.006539,0.001152,0.001002,0.001002,0.002158,0.002327,0.000614,0.000324,0.000362
15400,0.000565,0.001012,0.003077,0.006230,0.001140,0.000997,0.000998,0.002131,0.002464,0.000721,0.000373,0.000359
15500,0.000576,0.001014,0.003082,0.006761,0.001145,0.000998,0.001001,0.002150,0.002775,0.000645,0.000339,0.000372
15600,0.000615,0.001015,0.003079,0.007367,0.001143,0.001000,0.000998,0.002155,0.002427,0.000624,0.000356,0.000363
15700,0.000608,0.000961,0.003073,0.006398,0.001141,0.000997,0.001002,0.002145,0.002233,0.000661,0.000351,0.000371
15800,0.000569,0.000913,0.003079,0.006285,0.001134,0.000998,0.000997,0.002143,0.002333,0.000655,0.000341,0.000361
15900,0.000591,0.001042,0.003075,0.006767,0.001131,0.000999,0.001003,0.002119,0.002413,0.000609,0.000363,0.000351
16000,0.000575,0.001018,0.003081,0.008053,0.001135,0.000997,0.000998,0.002178,0.002218,0.000628,0.000362,0.000363
16100,0.000600,0.000993,0.003075,0.005868,0.001132,0.000998,0.000998,0.002161,0.002163,0.000675,0.000369,0.000370
16200,0.000645,0.000972,0.003081,0.006753,0.001148,0.000999,0.000998,0.002127,0.002491,0.000610,0.000353,0.000376
16300,0.000575,0.000988,0.003078,0.007364,0.001147,inf,0.001000,0.002125,0.002316,0.000699,0.000375,0.000370
16400,0.000608,0.001063,0.003080,0.006960,0.001137,0.000998,0.000998,0.002155,0.002389,0.000694,0.000341,0.000353
16500,inf,0.000999,0.003075,0.005861,0.001137,0.000998,0.000997,0.002122,0.002349,0.000663,0.000346,0.000359
16600,0.000632,0.000990,0.003079,0.007007,0.001131,0.001003,0.001002,0.002123,0.002199,0.000681,0.000320,0.000349
16700,0.000601,0.000952,0.003078,0.007138,0.001124,0.000998,0.000999,0.002133,0.002707,0.000631,0.000369,0.000355
16800,0.000629,0.000997,0.003075,0.006751,0.001128,0.000996,0.000997,0.002176,0.002238,0.000641,0.000368,0.000359
16900,0.000580,0.000928,0.003085,0.007419,0.001144,0.001002,0.000999,0.002138,0.002230,0.000721,0.000363,0.000378
17000,0.000571,0.000919,0.003082,0.006618,0.001141,0.000998,0.001001,0.002139,0.002319,0.000654,0.000363,0.000340
17100,0.000585,0.000955,0.003077,0.006216,0.001141,0.000997,0.000997,0.002137,0.002868,0.000653,0.000331,0.000365
17200,0.000569,0.000892,0.003081,0.006170,0.001129,0.001002,0.001001,0.002153,0.002405,0.000669,0.000334,0.000349
17300,0.000610,0.000922,0.003077,0.007936,0.001136,0.001001,0.001000,0.002123,0.002526,0.000744,0.000337,0.000367
17400,0.000594,0.001048,0.003077,0.007526,0.001137,0.001000,0.000996,0.002111,0.002716,0.000659,0.000377,0.000363
17500,0.000602,0.000933,0.003080,0.006081,0.001131,0.000998,0.001000,0.002116,0.002332,0.000619,0.000348,0.000357
17600,0.000577,0.000946,0.003072,0.007553,0.001149,0.001000,0.000998,0.002121,0.002385,0.000613,0.000347,0.000365
17700,0.000569,0.000960,0.003089,0.006582,0.001132,0.001000,0.001001,0.002113,0.002729,0.000634,0.000360,0.000372
17800,0.000567,0.000999,0.003075,0.007525,0.001127,0.000996,0.000998,0.002151,0.002393,0.000630,0.000362,0.000342
17900,0.000606,0.001023,0.003078,0.006424,0.001133,0.001002,0.001000,0.002178,0.002540,0.000608,0.000358,0.000351
18000,0.000592,0.001013,0.003079,0.007161,0.001127,0.000997,0.001002,0.002115,0.002420,0.000600,0.000351,0.000359
18100,0.000567,0.001015,0.003075,0.006818,0.001142,0.000996,0.001000,0.002121,0.002914,0.000619,0.000353,0.000358
18200,0.000548,0.000953,0.003074,0.006964,0.001142,0.000999,0.000996,0.002146,0.002623,0.000642,0.000333,0.000352
18300,0.000588,0.000974,0.003079,0.006481,0.001135,0.000998,0.000998,0.002083,0.002558,0.000653,0.000329,0.000356
18400,0.000623,0.000994,0.003080,0.006613,0.001128,0.000998,0.000998,0.002125,0.002458,0.000604,0.000356,0.000345
18500,0.000608,0.001046,0.003082,0.006337,0.001143,0.000998,0.000995,0.002131,0.002577,0.000629,0.000335,0.000369
18600,0.000543,0.000965,0.003084,0.007105,0.001133,0.001002,0.001002,0.002167,0.002638,0.000584,0.000385,0.000338
18700,0.000592,0.000972,0.003076,0.005930,0.001134,0.001000,0.000997,0.002172,0.002505,0.000699,0.000349,0.000353
18800,0.000605,0.000958,0.003080,0.007070,0.001141,0.001000,0.001000,0.002135,0.002603,0.000611,0.000363,0.000353
18900,0.000555,0.000988,0.003077,0.006937,0.001140,0.000994,0.000995,0.002150,0.002477,0.000678,0.000331,0.000363
19000,0.000587,0.000933,0.003075,0.005624,0.001146,0.000997,0.000998,inf,0.002609,0.000673,0.000329,0.000354
19100,0.000590,0.000963,0.003080,0.006253,0.001150,0.000999,0.000999,0.002152,0.002199,0.000719,0.000354,0.000364
19200,0.000612,0.000939,0.003076,0.008053,0.001147,0.001001,inf,0.002120,0.002180,0.000701,0.000341,0.000356
19300,0.000568,0.001001,0.003083,0.006010,0.001150,0.000998,0.000998,0.002133,0.002190,0.000593,0.000376,0.000373
19400,0.000597,0.000964,0.003077,0.006583,0.001142,0.000998,0.000999,0.002112,0.002803,0.000673,0.000389,0.000368
19500,0.000613,0.000873,0.003081,0.006373,0.001135,0.000997,0.000996,0.002152,0.002301,0.000651,0.000339,0.000374
19600,0.000572,0.001000,0.003079,0.006106,0.001146,0.000998,0.000997,0.002138,0.002472,0.000675,0.000346,0.000356
19700,0.000580,0.000944,0.003083,0.007113,0.001133,0.001010,0.001003,0.002146,0.002486,0.000679,0.000372,0.000359
19800,0.000579,0.000980,0.003082,0.007290,0.001126,0.000997,0.001002,0.002121,0.002779,0.000704,0.000356,0.000361
19900,0.000618,0.000978,0.003074,0.006730,0.001148,0.001001,0.001002,0.002135,0.002230,0.000589,0.000348,0.000350
20000,0.000598,0.000928,0.003076,0.006254,0.001151,0.000999,0.000998,0.002145,0.002474,0.000628,0.000328,0.000349
20100,0.000591,0.000965,0.003079,0.007168,0.001136,0.000997,0.000998,0.002123,0.002199,0.000662,0.000348,0.000352
20200,0.000581,0.000925,0.003084,0.006779,0.001146,0.000999,0.001002,0.002140,0.002610,0.000676,0.000364,0.000364
20300,0.000604,0.001001,0.003081,0.007639,0.001140,0.000997,0.000997,0.002134,0.002551,0.000618,0.000336,0.000357
20400,0.000570,0.000923,0.003078,0.007159,0.001148,0.000997,0.000996,0.002133,0.002424,0.000599,0.000365,0.000360
20500,0.000527,0.000887,0.003078,0.006146,0.001142,0.000996,0.000999,0.002139,0.002237,0.000643,0.000368,0.000341
20600,0.000565,0.000958,0.003077,0.007706,0.001121,0.000999,0.000998,0.002109,0.002550,0.000690,0.000346,0.000360
20700,0.000556,0.000948,0.003079,0.006769,0.001142,0.000997,0.000997,0.002123,0.002191,0.000642,0.000331,0.000374
20800,0.000580,0.001026,0.003074,0.005871,0.001144,0.001000,0.000999,0.002092,0.002200,0.000623,0.000356,0.000359
20900,0.000620,0.001059,0.003084,0.006958,0.001135,0.000999,0.001001,0.002097,0.002530,0.000664,0.000362,0.000365
21000,0.000579,0.000922,0.003075,0.006590,0.001136,0.000998,0.000997,0.002157,0.002216,0.000671,0.000342,0.000362
21100,0.000590,0.000887,0.003079,0.006021,0.001133,0.001000,0.001001,0.002128,0.002723,0.000678,0.000357,0.000356
21200,0.000553,0.000944,0.003075,0.006352,0.001126,0.000999,0.001000,0.002122,0.002299,0.000712,0.000327,0.000353
21300,0.000572,0.000958,0.003082,0.006977,0.001132,0.000997,0.000998,0.002120,0.002402,0.000643,0.000357,0.000356
21400,0.000575,0.000983,0.003070,0.007887,0.001145,0.000998,0.000995,0.002157,0.002495,0.000684,0.000380,0.000361
21500,0.000571,0.000920,0.003076,0.007354,0.001148,0.001000,0.000998,0.002108,0.002793,0.000661,0.000362,0.000351
21600,0.000639,0.000943,0.003076,0.007257,0.001139,0.001004,0.001000,0.002124,0.002742,0.000504,0.000385,0.000358
21700,0.000605,0.001048,0.003081,0.005863,0.001131,0.000996,0.001000,0.002164,0.002279,0.000654,0.000344,0.000356
21800,0.000625,0.000964,0.003082,0.006584,0.001134,0.000999,0.000998,0.002165,0.002294,0.000635,0.000343,0.000375
21900,0.000593,0.000950,0.003079,0.005995,0.001126,0.001000,0.001001,0.002151,0.002193,0.000562,0.000357,0.000348
22000,0.000597,0.000986,0.003084,0.007333,0.001146,0.000998,0.000996,0.002153,0.002214,0.000652,0.000360,0.000352
22100,0.000564,0.000940,0.003078,0.006544,0.001145,0.000997,0.001001,0.002118,0.002159,0.000698,0.000328,0.000355
22200,0.000695,0.000949,0.003075,0.006958,0.001132,0.001000,0.000999,0.002142,0.002741,0.000616,0.000356,0.000365
22300,0.000620,0.001028,0.003078,0.007074,0.001144,0.000998,0.000998,0.002128,0.002419,0.000650,0.000345,0.000366
22400,0.000639,0.001032,0.003078,0.007028,0.001126,0.000996,0.001000,0.002151,0.002711,0.000705,0.000340,0.000345
22500,0.000569,0.000955,0.003075,0.006775,0.001137,0.001001,0.000998,0.002127,0.002460,0.000658,0.000334,0.000355
22600,0.000598,0.000921,0.003078,0.006385,0.001150,0.001000,0.001001,0.002139,0.002685,0.000628,0.000341,0.000334
22700,0.000597,0.000997,0.003084,0.006967,0.001143,0.000997,0.000996,0.002123,0.002506,0.000676,0.000329,0.000372
22800,0.000582,0.000965,0.003086,0.005697,0.001146,0.000997,0.000999,0.002145,0.002581,0.000628,0.000370,0.000341
22900,0.000593,0.001011,0.003076,0.006646,0.001139,0.000999,0.001001,0.002167,0.002324,0.000629,0.000369,0.000356
23000,0.000617,0.000938,0.003077,0.006746,0.001161,0.000997,0.000998,0.002138,0.002258,0.000729,0.000334,0.000348
23100,0.000576,0.000926,0.003075,0.007356,0.001137,0.001001,0.001002,0.002127,0.002497,0.000703,0.000355,0.000352
23200,0.000569,0.000930,0.003076,0.005806,0.001141,0.000999,0.001001,0.002112,0.002461,0.000629,0.000343,0.000384
23300,0.000590,0.000902,0.003080,0.006973,0.001121,0.000998,0.000997,0.002217,0.002522,0.000721,0.000353,0.000347
23400,0.000580,0.001033,0.003080,0.006937,0.001149,0.001001,0.000995,0.002135,0.002616,0.000685,0.000336,0.000373
23500,0.000571,0.000996,0.003081,0.007172,0.001138,0.000997,0.001001,0.002122,0.002224,0.000678,0.000340,0.000369
23600,0.000573,0.000955,0.003076,0.006932,0.001132,0.001001,0.001000,0.002113,0.002066,0.000631,0.000329,0.000367
23700,0.000602,0.001030,0.003085,0.006039,0.001140,0.000998,0.000996,0.002116,0.002855,0.000593,0.000337,0.000363
23800,0.000585,0.000900,0.003077,0.007022,0.001120,0.001002,0.001000,0.002160,0.002284,0.000725,0.000366,0.000352
23900,0.000596,0.000947,0.003073,0.006967,0.001133,0.000998,0.001002,0.002155,0.002429,0.000613,0.000371,0.000345
24000,0.000595,0.000932,0.003083,0.005923,0.001134,0.000998,0.000999,0.002111,0.002332,0.000751,0.000341,0.000378
24100,0.000552,0.000917,0.003071,0.006966,0.001135,0.001000,0.001000,0.002103,0.002342,0.000707,0.000358,0.000354
24200,0.000624,0.001079,0.003080,0.006423,0.001141,0.000999,0.001001,0.002141,0.002613,0.000590,0.000340,0.000376
24300,0.000573,0.000998,0.003077,0.006307,0.001136,0.000997,0.000997,0.002135,0.002280,0.000651,0.000353,0.000372
24400,0.000615,0.000934,0.003075,0.005807,0.001132,0.000997,0.000999,0.002115,0.002672,0.000644,0.000338,0.000355
24500,0.000646,0.001009,0.003077,0.005356,0.001152,0.001000,0.001000,0.002122,0.002525,0.000640,0.000357,0.000365
24600,0.000581,0.000963,0.003090,0.006297,0.001137,0.000997,0.000998,0.002162,0.002442,0.000680,0.000327,0.000371
24700,0.000610,0.000983,0.003075,0.006613,0.001129,0.000997,0.001006,0.002153,0.002212,0.000688,0.000359,0.000361
24800,0.000597,0.000977,0.003076,0.006374,0.001127,0.000995,0.000997,0.002129,0.002543,0.000619,0.000366,0.000363
24900,0.000633,0.000941,0.003084,0.006759,0.001122,0.000997,0.000997,0.002109,0.002249,0.000608,0.000357,0.000353
25000,0.000618,0.000930,0.003077,0.006300,0.001148,0.000997,0.000995,0.002090,0.002691,0.000606,0.000373,0.000359
25100,0.000572,0.001005,0.003086,0.006035,0.001153,0.001004,0.001000,0.002128,0.002372,0.000735,0.000349,0.000365
25200,0.000593,0.000965,0.003076,0.006773,0.001141,0.000998,0.000998,0.002191,0.002234,0.000664,0.000347,0.000347
25300,0.000572,0.001008,0.003080,0.006297,0.001131,0.000999,0.000997,0.002116,0.002645,0.000659,0.000357,0.000336
25400,0.000615,0.001021,0.003075,0.007625,0.001140,0.000998,0.000997,0.002100,0.002132,0.000594,0.000376,0.000333
25500,0.000610,0.000933,0.003077,0.006551,0.001145,0.001000,0.001001,0.002140,0.002415,0.000669,0.000335,0.000333
25600,0.000576,0.000945,0.003075,0.005798,0.001140,0.000999,0.000998,0.002125,0.002319,0.000611,0.000338,0.000367
25700,0.000528,0.000966,0.003079,0.007447,0.001143,0.001000,0.000997,0.002135,0.002148,0.000715,0.000348,0.000375
25800,0.000590,0.000964,0.003069,0.006194,0.001132,0.000998,0.001002,0.002157,0.002343,0.000642,0.000351,0.000375
25900,0.000576,0.000977,0.003076,0.005892,0.001139,0.000996,0.000997,0.002137,0.002869,0.000675,0.000346,0.000375
26000,0.000572,0.000976,0.003081,0.006775,0.001134,0.000996,0.000997,0.002115,0.002600,0.000689,0.000334,0.000360
26100,0.000593,0.000971,0.003079,0.005833,0.001116,0.000998,0.000998,0.002140,0.002210,0.000694,0.000336,0.000364
26200,0.000587,0.000970,0.003085,0.006206,0.001141,inf,0.000997,0.002137,0.002710,0.000644,0.000327,0.000354
26300,0.000623,0.000977,0.003079,0.006959,0.001139,0.000997,0.000994,0.002169,0.002656,0.000722,0.000340,0.000364
26400,0.000567,0.001032,0.003074,0.007134,0.001130,0.001001,0.001004,0.002132,0.002267,0.000736,0.000337,0.000354
26500,0.000569,0.000968,0.003078,0.008056,0.001141,0.001001,0.000998,0.002151,0.002352,0.000655,0.000338,0.000358
26600,0.000592,0.001074,0.003075,0.007218,0.001142,0.000995,0.000996,0.002133,0.002518,0.000704,0.000355,0.000376
26700,0.000573,0.000959,0.003085,0.007114,0.001132,0.001000,0.000995,0.002126,0.002660,0.000629,0.000356,0.000365
26800,0.000619,0.000969,0.003079,0.006910,0.001136,0.000999,0.000998,0.002128,0.002443,0.000706,0.000359,0.000368
26900,0.000590,0.000965,0.003080,0.007992,0.001135,0.000996,0.000994,0.002142,0.002570,0.000747,0.000354,0.000386
27000,0.000606,0.000961,0.003081,0.007129,0.001137,0.001002,0.001000,0.002176,0.002334,0.000600,0.000353,0.000347
27100,0.000629,0.001000,0.003077,0.006583,0.001137,0.000998,0.001001,0.002128,0.002675,0.000629,0.000346,0.000360
27200,0.000595,0.000971,0.003071,0.006731,0.001135,0.000996,0.000997,0.002138,0.002386,0.000657,0.000343,0.000346
27300,0.000594,0.001019,0.003086,0.006417,0.001142,0.001000,0.000997,0.002132,0.002616,0.000612,0.000346,0.000386
27400,0.000602,0.000951,0.003078,0.007303,0.001135,0.000998,0.001002,0.002132,0.002586,0.000651,0.000346,0.000333
27500,0.000585,0.000952,0.003085,0.006291,0.001150,0.001004,0.000998,0.002096,0.002448,0.000667,0.000333,0.000362
27600,0.000606,0.001031,0.003075,0.006347,0.001134,0.000999,0.000999,0.002138,0.002615,0.000626,0.000349,0.000371
27700,0.000625,0.000942,0.003081,0.007282,0.001130,0.000997,0.001000,0.002125,0.002456,0.000647,0.000341,0.000365
27800,0.000554,0.000993,0.003075,0.007220,0.001146,0.000998,0.000999,0.002190,0.002422,0.000601,0.000362,0.000358
27900,0.000586,0.001021,0.003078,0.006989,0.001144,0.000999,0.000997,0.002143,0.002607,0.000636,0.000331,0.000343
28000,0.000628,0.000948,0.003076,0.006535,0.001134,0.000997,0.000997,0.002117,0.002389,0.000708,0.000339,0.000366
28100,0.000584,0.001033,0.003078,0.006578,0.001128,0.000997,0.000998,0.002133,0.002727,0.000653,0.000362,0.000364
28200,0.000592,0.000981,0.003080,0.006567,0.001136,0.000997,0.000997,0.002122,0.002573,0.000644,0.000371,0.000345
28300,0.000606,0.001112,0.003076,0.005869,0.001120,0.000999,0.000997,0.002110,0.002241,0.000603,0.000337,0.000391
28400,0.000600,0.000992,0.003084,0.006578,0.001136,0.001001,0.001001,0.002143,0.002497,0.000623,0.000364,0.000343
28500,0.000585,0.000958,0.003077,0.006493,0.001132,0.000999,0.000999,0.002126,0.002482,0.000700,0.000362,0.000348
28600,0.000576,0.000933,0.003085,0.007302,0.001149,0.000998,0.000992,0.002119,0.002196,0.000636,0.000346,0.000365
28700,0.000607,0.000954,0.003076,0.007326,0.001139,0.000999,0.001000,0.002126,0.002553,0.000517,0.000333,0.000361
28800,0.000579,0.000958,0.003073,0.006792,0.001138,0.000999,0.000997,0.002162,0.002245,0.000709,0.000346,0.000360
28900,0.000606,0.001030,0.003079,0.007123,0.001131,0.000998,0.001000,0.002120,0.002413,0.000735,0.000350,0.000353
29000,0.000583,0.000989,0.003075,0.006105,0.001146,0.001000,0.001001,0.002121,0.002210,0.000654,0.000342,0.000347
29100,0.000606,0.000942,0.003079,0.006375,0.001141,0.001000,0.000999,0.002109,0.002665,0.000582,0.000352,0.000376
29200,0.000579,0.000990,0.003079,0.006154,0.001133,0.000997,0.000998,0.002131,0.002822,0.000646,0.000359,0.000368
29300,0.000587,0.000969,0.003075,0.005662,0.001147,0.000998,0.000999,0.002144,0.002370,0.000590,0.000374,0.000356
29400,0.000545,0.000913,0.003079,0.008025,0.001138,0.000997,0.000997,0.002153,0.002537,0.000689,0.000373,0.000360
29500,0.000591,0.000942,0.003086,0.007108,0.001140,0.000999,0.001001,0.002155,0.002510,0.000570,0.000363,0.000359
29600,0.000601,0.001020,0.003075,0.006790,0.001141,0.000998,0.000999,0.002161,0.002720,0.000730,0.000336,0.000358
29700,0.000585,0.000999,0.003079,0.006575,0.001144,0.001002,0.001002,0.002129,0.002546,0.000585,0.000344,0.000366
29800,0.000601,0.001017,0.003076,0.006937,0.001137,0.000998,0.000998,0.002125,0.002345,0.000653,0.000310,0.000340
29900,0.000567,0.000934,0.003079,0.006447,0.001139,0.000999,0.000995,0.002138,0.002210,0.000690,0.000361,0.000367
30000,0.000598,0.000953,0.003081,0.006991,0.001143,0.000998,0.001001,0.002142,0.002853,0.000584,0.000340,0.000355
30100,0.000601,0.000983,0.003077,0.006544,0.001124,0.000997,0.000997,0.002140,0.002487,0.000656,0.000360,0.000363
30200,0.000616,0.000972,0.003080,0.007188,0.001137,0.000997,0.000998,0.002137,0.002513,0.000697,0.000335,0.000357
30300,0.000572,0.000901,0.003078,0.006740,0.001138,0.001000,0.000994,0.002152,0.002276,0.000659,0.000347,0.000355
30400,0.000596,0.000950,0.003071,0.006584,0.001133,0.000995,0.001001,0.002133,0.002554,0.000643,0.000343,0.000344
30500,0.000614,0.000971,0.003077,0.007026,0.001136,0.000996,0.000997,0.002133,0.002641,0.000656,0.000338,0.000358
30600,0.000587,0.000933,0.003076,0.007547,0.001140,0.000996,inf,0.002156,0.002731,0.000631,0.000349,0.000348
30700,0.000587,0.000992,0.003077,0.006747,0.001132,0.000999,0.000998,0.002126,0.002679,0.000631,0.000344,0.000362
30800,0.000592,0.000951,0.003077,0.007966,0.001139,0.000994,0.000996,0.002118,0.002537,0.000616,0.000362,0.000383
30900,0.000615,0.000903,0.003082,0.007424,0.001143,0.001000,0.001001,0.002134,0.002468,0.000759,0.000334,0.000360
31000,0.000607,0.001006,0.003073,0.006963,0.001123,0.000999,0.000999,0.002142,inf,0.000675,0.000332,0.000359
31100,0.000610,0.000988,0.003074,0.007003,0.001127,0.000997,0.000999,0.002113,0.002616,0.000664,0.000359,0.000352
31200,0.000583,0.001008,0.003079,0.006353,0.001133,0.000999,0.000997,0.002161,0.002501,0.000718,0.000342,0.000356
31300,0.000591,0.000939,0.003081,0.007413,0.001132,0.001000,0.000998,0.002137,0.002224,0.000660,0.000365,0.000368
31400,0.000631,0.000979,0.003077,0.006380,0.001131,0.001002,0.001001,0.002138,0.003607,0.000632,0.000352,0.000355
31500,0.000628,0.000976,0.003076,0.007278,0.001142,0.000997,0.000995,0.002123,0.002456,0.000648,0.000357,0.000379
31600,0.000572,0.000952,0.003085,0.006230,0.001145,0.001001,0.000999,0.002139,0.002601,0.000646,0.000359,0.000371
31700,0.000642,0.001102,0.003079,0.007045,0.001144,0.000999,0.000998,0.002114,0.002567,0.000605,0.000338,0.000348
31800,0.000590,0.000957,0.003078,0.007322,0.001137,0.000997,0.000997,0.002191,0.002503,0.000734,0.000346,0.000356
31900,0.000592,0.000954,0.003079,0.006424,0.001157,0.000997,0.000998,0.002108,0.002229,0.000738,0.000314,0.000350
32000,0.000584,0.000898,0.003075,0.007191,0.001137,0.000999,0.001002,0.002152,0.002197,0.000663,0.000331,0.000347
32100,0.000564,0.001019,0.003077,0.007313,0.001149,0.000998,0.000997,0.002113,0.002437,0.000605,0.000352,0.000362
32200,0.000572,0.000964,0.003079,0.005990,0.001142,0.000990,0.000997,0.002130,0.002543,0.000602,0.000368,0.000356
32300,0.000581,0.000942,0.003071,0.006962,0.001136,0.001001,0.001002,0.002140,0.002804,0.000692,0.000344,0.000346
32400,0.000595,0.000940,0.003078,0.007022,0.001132,0.000998,0.001000,0.002157,0.002268,0.000705,0.000345,0.000363
32500,0.000626,0.000873,0.003077,0.005997,0.001141,0.000998,0.000996,0.002136,0.002835,0.000675,0.000343,0.000367
32600,0.000593,0.000958,0.003080,0.006772,0.001144,0.000995,0.000997,0.002155,0.002595,0.000666,0.000347,0.000364
32700,0.000597,0.000933,0.003078,0.007046,0.001144,0.000998,0.000997,0.002124,0.002517,0.000719,0.000342,0.000362
32800,0.000656,0.000925,0.003078,0.006916,0.001137,0.000998,0.001000,0.002128,0.002238,0.000581,0.000336,0.000358
32900,0.000592,0.001036,0.003075,0.007696,0.001144,0.001002,0.001003,0.002107,0.002224,0.000662,0.000349,0.000348
33000,0.000605,0.001050,0.003075,0.008046,0.001135,0.001000,0.000999,0.002135,0.002176,0.000628,0.000348,0.000365
33100,0.000623,0.000964,0.003078,0.006466,0.001152,0.000996,0.000995,0.002128,0.003033,0.000625,0.000361,0.000365
33200,0.000588,0.000962,0.003070,0.006992,0.001131,0.001000,0.000998,0.002141,0.002412,0.000600,0.000349,0.000339
33300,0.000608,0.000924,0.003083,0.007374,0.001143,0.000997,0.001001,0.002127,0.002374,0.000581,0.000358,0.000360
33400,0.000569,0.000908,0.003079,0.006941,0.001141,0.000999,0.001000,0.002097,0.002435,0.000574,0.000362,0.000353
33500,0.000577,0.001006,0.003080,0.005702,0.001148,0.000999,0.000996,0.002130,0.002561,0.000637,0.000337,0.000354
33600,0.000595,0.000968,0.003081,0.006513,0.001133,0.001000,0.000999,0.002119,0.002279,0.000695,0.000348,0.000358
33700,0.000599,0.000947,0.003074,0.007383,0.001142,0.000996,0.000998,0.002123,0.002430,0.000598,0.000341,0.000352
33800,0.000587,0.000922,0.003079,0.006195,0.001137,0.000999,0.000997,0.002101,0.002242,0.000638,0.000356,0.000350
33900,0.000580,0.001022,0.003075,0.006196,0.001146,0.000997,inf,0.002131,0.002721,0.000665,0.000345,0.000358
34000,0.000594,0.000985,0.003079,0.006787,0.001143,0.000998,0.000999,0.002105,0.002391,0.000637,0.000327,0.000334
34100,0.000585,0.000934,0.003076,0.006789,0.001145,0.000996,0.000996,0.002159,0.002416,0.000579,0.000336,0.000366
34200,0.000584,0.001004,0.003079,0.006612,0.001134,0.000995,0.000998,0.002059,0.002731,0.000658,0.000345,0.000351
34300,0.000578,0.000939,0.003074,0.006996,0.001129,0.001000,0.001000,0.002154,0.002323,0.000649,0.000365,0.000374
34400,0.000580,0.000928,0.003087,0.007239,0.001142,0.000998,0.001000,0.002119,0.002216,0.000620,0.000341,0.000358
34500,0.000604,0.000996,0.003075,0.006784,0.001130,0.000997,0.000998,0.002128,0.002680,0.000692,0.000356,0.000343
34600,0.000586,0.000976,0.003072,0.006765,0.001138,0.000998,0.000999,0.002137,0.002293,0.000673,0.000337,0.000367
34700,0.000580,0.001058,0.003080,0.007191,0.001130,0.000995,0.000996,0.002117,0.002501,0.000671,0.000370,0.000357
34800,0.000591,0.001070,0.003077,0.007733,0.001136,0.000994,0.000995,0.002105,0.002279,0.000744,0.000351,0.000358
34900,0.000581,0.000982,0.003085,0.006286,0.001141,0.001000,0.001002,0.002130,0.002333,0.000661,0.000355,0.000353
35000,0.000594,0.000994,0.003079,0.006088,0.001141,0.000997,0.000999,0.002070,0.002166,0.000698,0.000380,0.000348
35100,0.000578,0.000984,0.003079,0.006609,0.001147,0.001000,0.000998,0.002137,0.002776,0.000660,0.000360,0.000343
35200,0.000588,0.000971,0.003076,0.006765,0.001146,0.000996,0.000999,0.002111,0.003190,0.000552,0.000357,0.000380
35300,0.000593,0.000938,0.003074,0.006538,0.001128,0.000998,0.000999,0.002138,0.002599,0.000617,0.000377,0.000352
35400,0.000611,0.000951,0.003078,0.006154,0.001132,0.000999,0.000996,0.002163,0.002604,0.000673,0.000361,0.000360
35500,0.000601,0.000948,0.003081,0.006958,0.001131,0.000999,0.000999,0.002142,0.002727,0.000733,0.000379,0.000366
35600,0.000581,0.000970,0.003076,0.006763,0.001129,0.001003,0.000999,0.002128,0.002483,0.000655,0.000365,0.000357
35700,0.000575,0.000981,0.003077,0.006450,0.001136,0.000997,0.000996,0.002109,0.002432,0.000657,0.000352,0.000370
35800,0.000578,0.001005,0.003083,0.006783,0.001146,0.000999,0.000997,0.002170,0.002401,0.000672,0.000334,0.000355
35900,0.000579,0.000930,0.003076,0.006397,0.001139,0.000998,0.001001,0.002148,0.002875,0.000690,0.000331,0.000365
36000,0.000585,0.000992,0.003082,0.006995,0.001136,0.000999,0.000995,0.002140,0.002334,0.000674,0.000359,0.000351
36100,0.000616,0.000942,0.003072,0.006582,0.001135,0.000998,0.000995,0.002139,0.002522,0.000673,0.000327,0.000356
36200,0.000565,0.000989,0.003078,0.006320,0.001124,0.001001,0.001000,0.002162,0.002467,0.000658,0.000347,0.000374
36300,0.000599,0.000932,0.003077,0.006348,0.001148,0.000999,0.000999,0.002122,0.002654,0.000539,0.000341,0.000366
36400,0.000576,0.000956,0.003077,0.005656,0.001137,0.000998,0.000995,0.002138,0.002424,0.000647,0.000355,0.000351
36500,0.000615,0.001003,0.003084,0.006614,0.001139,0.000995,0.000996,0.002135,0.002939,0.000629,0.000325,0.000357
36600,0.000564,0.001015,0.003078,0.006249,0.001135,0.001001,0.001001,0.002133,0.002446,0.000537,0.000372,0.000356
36700,0.000570,0.000911,0.003078,0.007049,0.001133,0.000993,0.000996,inf,0.002744,0.000673,0.000339,0.000343
36800,0.000562,0.000929,0.003086,0.006302,0.001139,0.001000,0.001002,0.002150,0.002638,0.000640,0.000344,0.000363
36900,0.000591,0.000982,0.003075,0.007159,0.001142,0.000998,0.001000,0.002144,0.002373,0.000646,0.000337,0.000333
37000,0.000594,0.000983,0.003078,0.006912,0.001146,0.000998,0.000997,0.002116,0.002258,0.000694,0.000346,0.000359
37100,0.000587,0.001004,0.003077,0.007296,0.001135,0.001000,0.000999,0.002110,0.002621,0.000686,0.000336,0.000360
37200,0.000586,0.001001,0.003079,0.006430,0.001142,0.000997,0.000998,0.002109,0.002524,0.000628,0.000349,0.000351
37300,0.000614,0.000980,0.003076,0.007417,0.001143,0.001013,0.001003,0.002119,0.002573,0.000689,0.000316,0.000370
37400,0.000583,0.001035,0.003082,0.006807,0.001135,0.000998,0.000997,0.002101,0.002817,0.000620,0.000343,0.000338
37500,0.000561,0.000974,0.003079,0.007353,0.001123,0.001000,0.001000,0.002167,0.002659,0.000676,0.000377,0.000353
37600,0.000604,0.000968,0.003075,0.006235,0.001146,0.000999,0.000999,0.002148,0.002600,0.000704,0.000352,0.000357
37700,0.000603,0.000912,0.003078,0.007025,0.001135,0.000998,0.000998,0.002143,0.002862,0.000708,0.000356,0.000360
37800,0.000593,0.000979,0.003079,0.007157,0.001155,0.000995,0.000998,0.002128,0.002423,0.000657,0.000350,0.000348
37900,0.000611,0.000871,0.003072,0.007463,0.001149,0.000998,0.000999,0.002166,0.002648,0.000682,0.000338,0.000353
38000,0.000633,0.000967,0.003078,0.006468,0.001140,0.000995,0.000997,0.002129,0.002700,0.000535,0.000352,0.000370
38100,0.000592,0.000963,0.003073,0.007148,0.001140,0.000999,0.000999,0.002127,0.002230,0.000581,0.000335,0.000342
38200,0.000604,0.000923,0.003084,0.006609,0.001148,0.001000,0.001001,0.002144,0.002413,0.000643,0.000350,0.000347
38300,0.000584,0.000983,0.003076,0.007556,0.001128,0.000998,0.000997,0.002160,0.002215,0.000586,0.000358,0.000357
38400,0.000626,0.000963,0.003081,0.006375,0.001128,0.000998,0.001005,0.002140,0.002155,0.000619,0.000323,0.000356
38500,0.000609,0.001008,0.003076,0.006970,0.001146,0.000996,0.000999,inf,0.002164,0.000604,0.000359,0.000369
38600,0.000577,0.000960,0.003073,0.006966,0.001143,0.000997,0.000993,0.002162,0.002169,0.000556,0.000340,0.000335
38700,0.000610,0.000938,0.003077,0.007334,0.001133,0.000998,0.000999,0.002119,0.002469,0.000629,0.000361,0.000369
38800,0.000541,0.001008,0.003076,0.007075,0.001142,0.001004,0.001001,0.002158,0.002385,0.000620,0.000353,0.000364
38900,0.000586,0.000938,0.003077,0.007495,0.001132,0.000999,0.000999,0.002119,0.003331,0.000674,0.000341,0.000353
39000,0.000628,0.000973,0.003084,0.005908,0.001125,0.000999,0.000997,0.002123,0.002495,0.000648,0.000336,0.000344
39100,0.000597,0.001005,0.003073,0.006347,inf,0.000996,0.000996,0.002139,0.002454,0.000669,0.000355,0.000357
39200,0.000600,0.000995,0.003077,0.005970,0.001142,0.000999,0.000997,0.002134,0.002676,0.000674,0.000386,0.000349
39300,0.000571,0.000947,0.003085,0.006473,0.001137,0.001002,0.000999,0.002114,0.002210,0.000699,0.000369,0.000363
39400,0.000600,0.001012,0.003073,0.007597,0.001140,0.000995,0.001000,0.002143,0.002815,0.000605,0.000333,0.000354
39500,0.000616,0.000937,0.003079,0.006552,0.001130,0.001001,0.000999,0.002169,0.002447,0.000541,0.000358,0.000337
39600,0.000588,0.000900,0.003074,0.006441,0.001138,0.000997,0.001000,0.002163,0.002252,0.000641,0.000362,0.000353
39700,0.000616,0.001039,0.003079,0.007553,0.001139,0.000997,0.000998,0.002153,0.002563,0.000670,0.000323,0.000358
39800,0.000603,0.000926,0.003081,0.006989,0.001134,0.000999,0.001000,0.002108,0.002248,0.000641,0.000332,0.000375
39900,0.000585,0.000932,0.003076,0.007080,0.001150,0.000996,0.000995,inf,0.002755,0.000704,0.000349,0.000371
40000,0.000599,0.001060,0.003082,0.006516,0.001144,0.000998,0.000996,0.002160,0.002516,0.000674,0.000347,0.000355
40100,0.000587,0.000975,0.003081,0.007142,0.001126,0.001000,0.001000,0.002127,0.002605,0.000608,0.000372,0.000352
40200,0.000611,0.000876,0.003073,0.006259,0.001142,0.000997,0.001000,0.002141,0.002373,0.000620,0.000332,0.000350
40300,0.000572,0.000954,0.003079,0.006437,0.001130,0.000997,0.000996,0.002092,0.002315,0.000645,0.000354,0.000324
40400,0.000583,0.000978,0.003075,0.006768,0.001146,0.000998,0.000995,0.002122,0.002441,0.000673,0.000356,0.000353
40500,0.000597,0.000985,0.003081,0.007234,0.001146,0.001000,0.000998,0.002164,0.002199,0.000702,0.000350,0.000360
40600,0.000608,0.001080,0.003077,0.006330,0.001148,0.000995,0.000997,0.002146,0.002172,0.000706,0.000322,0.000372
40700,0.000571,0.000972,0.003081,0.006347,0.001153,0.000999,0.000999,0.002125,0.002388,0.000658,0.000341,0.000352
40800,0.000590,0.000869,0.003077,0.006156,0.001143,0.001003,0.001002,0.002070,0.002870,0.000653,0.000369,0.000353
40900,0.000585,0.000949,0.003083,0.006973,0.001135,0.000999,0.000996,0.002140,0.002485,0.000674,0.000353,0.000339
41000,0.000573,0.000995,0.003076,0.007195,0.001125,0.000996,0.000998,0.002177,0.002591,0.000651,0.000343,0.000350
41100,0.000608,0.001014,0.003078,0.007455,0.001141,0.000998,0.000996,0.002103,0.002442,0.000620,0.000354,0.000374
41200,0.000598,0.000966,0.003081,0.006635,0.001150,0.000998,0.001000,0.002112,0.002246,0.000721,0.000360,0.000354
41300,0.000651,0.000989,0.003076,0.007483,0.001161,0.001004,0.000998,0.002131,0.002228,0.000594,0.000362,0.000351
41400,0.000590,0.001003,0.003092,0.006757,0.001142,0.000998,0.001003,0.002138,0.003015,0.000662,0.000351,0.000357
41500,0.000569,0.001034,0.003078,0.006776,0.001148,0.001000,0.000996,0.002180,0.002718,0.000697,0.000357,0.000342
41600,0.000595,0.000982,0.003077,0.006157,0.001127,0.000996,0.000997,0.002148,0.002357,0.000667,0.000341,0.000365
41700,0.000580,0.000995,0.003080,0.006499,0.001140,0.000993,0.001001,0.002133,0.002484,0.000671,0.000332,0.000360
41800,0.000568,0.000898,0.003076,0.007301,0.001143,0.001001,0.001000,0.002157,0.002673,0.000669,0.000340,0.000345
41900,0.000596,0.000949,0.003075,0.007219,0.001133,0.000998,0.000995,0.002122,0.002652,0.000645,0.000352,0.000364
42000,0.000599,0.000974,0.003078,0.006770,0.001127,0.000999,0.000996,0.002073,0.002306,0.000683,0.000355,0.000352
42100,0.000598,0.000953,0.003072,0.006542,0.001146,0.000998,0.001000,0.002143,0.002332,0.000649,0.000358,0.000361
42200,0.000608,0.000957,0.003076,0.005736,0.001138,0.001000,inf,0.002137,0.002692,0.000648,0.000379,0.000349
42300,0.000587,0.000948,0.003081,0.006577,0.001139,0.000997,0.000996,0.002168,0.002319,0.000673,0.000339,0.000365
42400,0.000590,0.000901,0.003080,0.005893,0.001154,0.000998,0.000998,0.002101,0.002484,0.000719,0.000352,0.000355
42500,0.000579,0.000956,0.003076,0.006626,0.001143,0.000996,0.000998,0.002109,0.002166,0.000650,0.000345,0.000354
42600,0.000585,0.000959,0.003075,0.006164,0.001139,0.000996,0.000995,0.002121,0.002695,0.000637,0.000357,0.000343
42700,0.000585,0.001020,0.003079,0.006018,0.001145,0.001000,0.001003,0.002159,0.002222,0.000653,0.000325,0.000359
42800,0.000591,0.000919,0.003073,0.006957,0.001140,0.000999,0.000999,0.002162,0.002374,0.000652,0.000363,0.000368
42900,0.000571,0.000982,0.003077,0.006565,0.001143,0.000992,0.000997,0.002162,0.002256,0.000693,0.000361,0.000365
43000,0.000578,0.001063,0.003081,0.006482,0.001133,0.000998,0.000998,0.002159,0.002357,0.000675,0.000360,0.000343
43100,0.000593,0.000971,0.003079,0.005653,0.001128,0.001000,0.000998,0.002145,0.002563,0.000558,0.000355,0.000356
43200,0.000593,0.000963,0.003076,0.006015,0.001149,0.001001,0.001001,0.002125,0.002456,0.000608,0.000369,0.000361
43300,0.000586,0.000967,0.003080,0.006536,0.001145,0.000998,0.000997,0.002156,0.002469,0.000655,0.000361,0.000345
43400,0.000612,0.000954,0.003079,0.006431,0.001146,0.000999,0.001007,0.002124,0.002779,0.000701,0.000361,0.000360
43500,0.000583,0.000947,0.003076,0.006801,0.001131,0.000997,0.000999,0.002110,0.002592,0.000692,0.000358,0.000348
43600,0.000607,0.000886,0.003077,0.006582,0.001138,0.000996,0.000998,0.002114,0.002570,0.000638,0.000351,0.000361
43700,0.000601,0.001029,0.003076,0.007413,0.001131,0.000997,0.000998,0.002091,0.002254,0.000721,0.000350,0.000354
43800,0.000585,0.000974,0.003080,0.006260,0.001132,0.000999,0.001006,0.002128,0.002779,0.000661,0.000349,0.000342
43900,0.000570,0.001009,0.003074,0.006964,0.001155,0.000997,0.000995,0.002138,0.002416,0.000713,0.000351,0.000352
44000,0.000665,0.000981,0.003077,0.007452,0.001135,0.000999,0.000999,0.002129,0.002429,0.000630,0.000349,0.000359
44100,0.000611,0.000944,0.003079,0.007744,0.001143,0.001000,0.001002,0.002168,0.002217,0.000767,0.000362,0.000346
44200,0.000591,0.000972,0.003088,0.007934,0.001148,0.000998,0.001000,0.002163,0.002168,0.000558,0.000342,0.000342
44300,0.000587,0.000997,0.003075,0.007323,0.001137,0.000997,0.000999,0.002119,0.002187,0.000675,0.000347,0.000336
44400,0.000617,0.000984,0.003073,0.007202,0.001135,0.001000,0.000998,0.002172,0.002453,0.000618,0.000329,0.000353
44500,0.000566,0.001029,0.003077,0.007547,0.001135,0.000995,0.000995,0.002131,0.002790,0.000610,0.000335,0.000364
44600,0.000595,0.000923,0.003077,0.005902,0.001137,0.000994,0.000998,0.002125,0.002780,0.000650,0.000344,0.000358
44700,0.000612,0.000928,0.003084,0.006328,0.001143,0.000996,0.001001,0.002123,0.002474,0.000561,0.000346,0.000344
44800,0.000576,0.000876,0.003078,0.006766,0.001133,0.000999,0.000997,0.002141,0.002522,0.000639,0.000374,0.000358
44900,0.000614,0.000945,0.003077,0.007116,0.001132,0.000997,0.000997,0.002130,0.002259,0.000710,0.000343,0.000341
45000,0.000568,0.000963,0.003079,0.006583,0.001149,0.000999,0.000999,0.002172,0.002237,0.000646,0.000360,0.000337
45100,0.000594,0.000975,0.003073,0.006396,0.001133,0.000998,0.001003,0.002139,0.002424,0.000581,0.000348,0.000356
45200,0.000603,0.000873,0.003078,0.005999,0.001136,0.000999,0.000995,0.002114,0.002531,0.000736,0.000350,0.000351
45300,0.000567,0.001021,0.003082,0.007451,0.001143,0.001001,0.000999,0.002158,0.002458,0.000660,0.000336,0.000362
45400,0.000572,0.000922,0.003073,0.006253,0.001143,0.000997,0.000997,0.002154,0.002164,0.000676,0.000330,0.000352
45500,0.000603,0.000937,0.003073,0.007264,0.001137,0.000998,0.000998,0.002132,0.002173,0.000734,0.000329,0.000354
45600,0.000618,0.000960,0.003084,0.007739,0.001136,0.000998,0.000999,0.002147,0.002154,0.000609,0.000352,0.000335
45700,0.000547,0.000989,0.003075,0.006771,0.001143,0.000997,0.000998,0.002127,0.002124,0.000678,0.000344,0.000364
45800,0.000592,0.001022,0.003081,0.007954,0.001147,0.000995,0.000996,0.002169,0.002442,0.000717,0.000347,0.000348
45900,0.000622,0.001000,0.003071,0.007119,0.001144,0.000998,0.000995,0.002103,0.002242,0.000656,0.000334,0.000338
46000,0.000571,0.001031,0.003077,0.006344,0.001135,0.001003,0.001002,0.002159,0.003160,0.000549,0.000348,0.000353
46100,0.000559,0.000892,0.003075,0.006370,0.001148,0.000998,0.000999,0.002137,0.002587,0.000648,0.000353,0.000349
46200,0.000589,0.001014,0.003079,0.006090,0.001138,0.000995,0.001001,0.002131,0.002713,0.000766,0.000307,0.000372
46300,0.000581,0.000987,0.003086,0.005193,0.001141,0.000998,0.000997,0.002158,0.002481,0.000635,0.000335,0.000365
46400,0.000608,0.000962,0.003079,0.007323,0.001113,0.000998,0.000996,0.002129,0.002241,0.000630,0.000366,0.000358
46500,0.000606,0.000947,0.003080,0.006191,0.001127,0.000997,0.000995,0.002085,0.002495,0.000604,0.000316,0.000351
46600,0.000606,0.000926,0.003079,0.006319,0.001149,0.000999,0.001000,0.002140,0.002615,0.000647,0.000353,0.000349
46700,0.000602,0.001042,0.003077,0.007051,0.001153,0.000998,0.001000,0.002113,0.002589,0.000674,0.000334,0.000357
46800,0.000590,0.000999,0.003075,0.006757,0.001134,0.000997,0.000996,0.002158,0.002517,0.000595,0.000327,0.000337
46900,0.000617,0.000966,0.003075,0.006416,0.001137,0.000997,0.000995,0.002153,0.002229,0.000628,0.000351,0.000354
47000,0.000567,0.000967,0.003081,0.006489,0.001152,0.001001,0.001000,0.002141,0.002884,0.000705,0.000353,0.000345
47100,0.000551,0.000957,0.003077,0.006301,0.001131,0.001000,0.000999,0.002141,0.002439,0.000689,0.000324,0.000339
47200,0.000546,0.000913,0.003080,0.005956,0.001139,0.000997,0.000997,0.002136,0.002421,0.000582,0.000343,0.000356
47300,0.000552,0.000905,0.003078,0.007350,0.001143,0.001000,0.001001,0.002156,0.002149,0.000711,0.000330,0.000340
47400,0.000596,0.001003,0.003067,0.007268,0.001128,0.000998,0.000998,0.002100,0.002661,0.000650,0.000349,0.000368
47500,0.000616,0.000989,0.003080,0.005964,0.001136,0.000996,0.001000,0.002169,0.002481,0.000706,0.000339,0.000343
47600,0.000606,0.000964,0.003074,0.007605,0.001124,0.000997,0.000998,0.002125,0.002925,0.000639,0.000333,0.000367
47700,0.000575,0.001014,0.003078,0.007176,0.001124,0.000997,0.001002,0.002107,0.002823,0.000581,0.000373,0.000371
47800,0.000568,0.000948,0.003075,0.007895,0.001133,0.000996,0.000996,0.002094,0.002349,0.000636,0.000350,0.000357
47900,0.000598,0.000975,0.003079,0.006589,0.001120,0.000995,0.000996,0.002139,0.002541,0.000683,0.000386,0.000360
48000,0.000595,0.001022,0.003083,0.007033,0.001160,0.001000,0.001002,0.002179,0.002408,0.000609,0.000337,0.000354
48100,0.000567,0.001019,0.003077,0.006767,0.001142,0.001001,0.000998,0.002119,0.002709,0.000674,0.000352,0.000364
48200,0.000559,0.000951,0.003080,0.007606,0.001155,0.000995,0.000994,0.002170,0.002310,0.000688,0.000371,0.000352
48300,0.000570,0.000999,0.003080,0.007660,0.001142,0.001000,0.000999,0.002097,0.002565,0.000663,0.000335,0.000372
48400,0.000593,0.000985,0.003074,0.006431,0.001137,0.000999,0.000998,0.002109,0.002328,0.000614,0.000352,0.000370
48500,0.000593,0.000976,0.003077,0.007361,0.001133,0.000995,0.000996,0.002144,0.002165,0.000639,0.000342,0.000345
48600,0.000600,0.000984,0.003074,0.007452,0.001142,0.000998,0.001002,0.002124,0.002519,0.000632,0.000363,0.000390
48700,0.000582,0.000969,0.003081,0.005721,0.001138,0.000998,0.000997,0.002177,0.002866,0.000645,0.000318,0.000353
48800,0.000609,0.000922,0.003078,0.006348,0.001134,0.000995,0.000995,0.002126,0.002625,0.000595,0.000375,0.000366
48900,0.000578,0.001014,0.003077,0.006009,0.001138,0.000995,0.000997,0.002090,0.002405,0.000673,0.000382,0.000356
49000,0.000600,0.000966,0.003078,0.007201,0.001124,0.000996,0.000995,0.002110,0.002626,0.000643,0.000353,0.000364
49100,0.000579,0.000939,0.003096,0.006358,0.001142,0.001001,0.000999,0.002152,0.002639,0.000576,0.000354,0.000372
49200,0.000563,0.001038,0.003074,0.006965,0.001132,0.001000,0.000998,0.002142,0.002320,0.000573,0.000348,0.000341
49300,0.000582,0.000992,0.003076,0.005939,0.001147,0.001001,0.001001,0.002150,0.002329,0.000572,0.000328,0.000341
49400,0.000583,0.000912,0.003075,0.006128,0.001124,0.000995,0.000997,0.002134,0.003029,0.000613,0.000334,0.000367
49500,0.000598,0.000951,0.003077,0.005515,0.001139,0.000998,0.000996,0.002171,0.002493,0.000700,0.000332,0.000356
49600,0.000597,0.000981,0.003083,0.006222,0.001145,0.000998,0.000998,0.002168,0.002306,0.000651,0.000371,0.000355
49700,0.000592,0.001016,0.003077,0.006513,0.001128,0.000997,0.000996,0.002152,0.002718,0.000687,0.000347,0.000358
49800,0.000560,0.000942,0.003079,0.006507,0.001148,0.000997,0.000997,0.002129,0.002397,0.000719,0.000355,0.000338
49900,0.000577,0.001002,0.003079,0.006799,0.001149,0.001001,0.001000,0.002136,0.002217,0.000548,0.000334,0.000353
50000,0.000602,0.001004,0.003072,0.006553,0.001129,0.000999,0.000999,0.002161,0.002519,0.000649,0.000349,0.000351
50100,0.000601,0.000996,0.003078,0.005785,0.001141,0.000998,0.000997,0.002150,0.002812,0.000626,0.000350,0.000358
50200,0.000582,0.000967,0.003080,0.006762,0.001133,0.000999,0.000995,0.002159,0.002267,0.000711,0.000308,0.000351
50300,0.000528,0.000930,0.003069,0.007133,0.001148,0.001001,0.000999,0.002144,0.002510,0.000669,0.000377,0.000347
50400,0.000584,0.000895,0.003076,0.006920,0.001142,0.000996,0.000994,0.002110,0.002739,0.000580,0.000371,0.000342
50500,0.000604,0.000951,0.003079,0.006792,0.001144,0.000992,0.000998,0.002124,0.002877,0.000600,0.000350,0.000350
50600,0.000563,0.001026,0.003078,0.007003,0.001140,0.000999,0.001000,0.002097,0.002485,0.000703,0.000346,0.000356
50700,0.000551,0.000944,0.003082,0.006947,0.001132,0.000997,0.000996,0.002142,0.002532,0.000792,0.000330,0.000351
50800,0.000579,0.001003,0.003078,0.006741,0.001143,0.000997,0.000997,0.002116,0.002637,0.000719,0.000358,0.000364
50900,0.000561,0.001048,0.003073,0.006076,0.001148,0.000999,0.000999,0.002152,0.002437,0.000629,0.000351,0.000346
51000,0.000615,0.000930,0.003075,0.007181,0.001135,0.000999,0.001005,0.002141,0.002506,0.000641,0.000338,0.000360
51100,0.000592,0.000987,0.003076,0.005234,0.001137,0.000996,0.000996,0.002143,0.002543,0.000670,0.000374,0.000345
51200,0.000640,0.000945,0.003084,0.006322,0.001141,0.001001,0.001001,0.002121,0.002505,0.000627,0.000368,0.000357
51300,0.000594,0.001066,0.003077,0.006609,0.001137,0.000997,0.000998,0.002145,0.002246,0.000609,0.000356,0.000361
51400,0.000580,0.000917,0.003078,0.005939,0.001131,0.000997,0.000998,0.002063,0.002566,0.000645,0.000343,0.000349
51500,0.000589,0.001055,0.003077,0.006753,0.001135,0.000998,0.001000,0.002137,0.002465,0.000629,0.000345,0.000340
51600,0.000589,0.000952,0.003074,0.005993,0.001132,0.000998,0.000998,0.002132,0.002548,0.000654,0.000368,0.000356
51700,0.000599,0.001017,0.003078,0.006941,0.001143,0.000997,0.000998,0.002138,0.002218,0.000642,0.000342,0.000351
51800,0.000616,0.000966,0.003074,0.006313,0.001143,0.000999,0.000996,0.002195,0.002609,0.000683,0.000325,0.000345
51900,0.000607,0.001061,0.003076,0.007530,0.001137,0.000998,0.001001,0.002181,0.002582,0.000632,0.000345,0.000355
52000,0.000579,0.000958,0.003076,0.008050,0.001146,inf,0.000995,0.002142,0.002885,0.000708,0.000358,0.000338
52100,0.000571,0.001026,0.003081,0.007017,0.001127,0.000997,0.000996,0.002179,0.002269,0.000734,0.000324,0.000350
52200,0.000582,0.001070,0.003078,0.006591,0.001142,0.000997,0.000999,0.002153,0.002593,0.000698,0.000338,0.000358
52300,0.000577,0.000966,0.003076,0.006959,0.001141,0.000994,0.000997,0.002102,0.002571,0.000650,0.000339,0.000360
52400,0.000598,0.000916,0.003074,0.006794,0.001145,0.000995,0.000994,0.002182,0.002392,0.000673,0.000342,0.000361
52500,0.000588,0.000989,0.003100,0.007496,0.001137,0.000999,0.000996,0.002147,0.002220,0.000662,0.000354,0.000346
52600,0.000563,0.000929,0.003072,0.006637,0.001137,0.001001,0.001001,0.002110,0.002965,0.000676,0.000368,0.000345
52700,0.000598,0.000937,0.003075,0.007526,0.001133,0.000997,0.000996,0.002116,0.002410,0.000663,0.000361,0.000352
52800,0.000593,0.000956,0.003082,0.006949,0.001136,0.000998,0.000997,0.002126,0.002443,0.000625,0.000336,0.000369
52900,0.000592,0.000972,0.003083,0.005266,0.001126,0.000995,0.001000,0.002147,0.002695,0.000667,0.000356,0.000358
53000,0.000588,0.000994,0.003076,0.006557,0.001145,0.001008,0.000999,0.002134,0.002411,0.000817,0.000323,0.000355
53100,0.000564,0.000983,0.003085,0.006961,0.001126,0.000997,0.000996,0.002129,0.002713,0.000666,0.000356,0.000363
53200,0.000598,0.000992,0.003074,0.006753,0.001137,0.000999,0.000998,0.002148,0.002354,0.000646,0.000342,0.000348
53300,0.000598,0.000921,0.003077,0.007588,0.001127,0.000997,0.000996,0.002115,0.002195,0.000600,0.000408,0.000347
53400,0.000607,0.000952,0.003078,0.006252,0.001145,0.000996,0.000997,0.002127,0.002184,0.000671,0.000356,0.000362
53500,0.000588,0.000982,0.003071,0.006482,0.001144,0.000996,0.000999,0.002108,0.002604,0.000665,0.000346,0.000346
53600,0.000578,0.000959,0.003076,0.006781,0.001136,0.000999,0.000995,0.002117,0.002882,0.000690,0.000344,0.000359
53700,0.000642,0.001012,0.003081,0.006453,0.001134,0.000995,0.000996,0.002103,0.002534,0.000628,0.000342,0.000340
53800,0.000581,0.000968,0.003076,0.006457,0.001139,0.000998,0.000998,0.002111,0.002398,0.000657,0.000351,0.000350
53900,0.000590,0.000897,0.003078,0.006766,0.001136,0.000998,0.000999,0.002113,0.002889,0.000704,0.000351,0.000357
54000,0.000612,0.000983,0.003084,0.007211,0.001144,0.000998,0.000999,0.002114,0.002324,0.000691,0.000350,0.000332
54100,0.000576,0.000999,0.003079,0.007076,0.001130,0.000995,0.000997,0.002137,0.002415,0.000628,0.000375,0.000348
54200,0.000562,0.001058,0.003075,0.007212,0.001129,0.000997,0.000997,0.002117,0.002911,0.000722,0.000347,0.000349
54300,0.000612,0.000990,0.003080,0.006765,0.001135,0.000994,0.000995,0.002137,0.002354,0.000615,0.000343,0.000363
54400,0.000583,0.000968,0.003080,0.006378,0.001121,0.000998,0.000998,0.002152,0.002191,0.000662,0.000354,0.000358
54500,0.000566,0.000966,0.003085,0.007401,0.001133,0.001000,0.001000,0.002130,0.002198,0.000608,0.000353,0.000370
54600,0.000565,0.000978,0.003076,0.007460,0.001155,0.000999,0.000999,0.002175,0.002363,0.000644,0.000352,0.000359
54700,0.000583,0.000957,0.003080,0.006590,0.001139,0.000999,0.000996,0.002102,0.002546,0.000659,0.000363,0.000355
54800,0.000600,0.000898,0.003079,0.006809,0.001130,0.001000,0.001000,0.002159,0.002918,0.000629,0.000338,0.000351
54900,0.000583,0.000948,0.003077,0.006200,0.001149,0.001001,0.000995,0.002122,0.002517,0.000645,0.000359,0.000328
55000,0.000616,0.000929,0.003079,0.007279,0.001139,0.000995,0.000999,0.002141,0.002430,0.000618,0.000341,0.000340
55100,0.000572,0.000940,0.003079,0.006284,0.001132,0.001000,0.000997,0.002141,0.002537,0.000673,0.000327,0.000346
55200,0.000595,0.000947,0.003077,0.006757,0.001144,0.000999,0.000998,0.002158,0.002917,0.000662,0.000356,0.000339
55300,0.000595,0.000985,0.003074,0.006352,0.001140,0.000990,0.000996,0.002145,0.002514,0.000630,0.000329,0.000350
55400,0.000560,0.000965,0.003083,0.005781,0.001135,0.000995,0.000994,0.002136,0.002652,0.000647,0.000360,0.000337
55500,0.000570,0.001077,0.003073,0.006791,0.001143,0.000997,0.001001,0.002101,0.002383,0.000674,0.000331,0.000349
55600,0.000595,0.000944,0.003086,0.006769,0.001145,0.000996,0.000997,0.002128,0.002634,0.000677,0.000340,0.000390
55700,0.000560,0.000948,0.003072,0.007178,0.001126,0.000998,0.000998,0.002157,0.002232,0.000532,0.000336,0.000361
55800,0.000610,0.000921,0.003077,0.007085,0.001148,0.000999,0.001001,0.002134,0.002584,0.000644,0.000348,0.000352
55900,0.000579,0.000935,0.003071,0.006737,0.001125,0.000998,0.000997,0.002155,0.002309,0.000697,0.000336,0.000347
56000,0.000602,0.000967,0.003078,0.006125,0.001130,0.000996,0.000996,0.002108,0.002442,0.000656,0.000340,0.000354
56100,0.000570,0.000923,0.003082,0.006972,0.001139,0.000997,0.000993,0.002144,inf,0.000691,0.000350,0.000348
56200,0.000612,0.000903,0.003080,0.005915,0.001138,0.001000,0.000999,0.002130,0.002851,0.000654,0.000329,0.000358
56300,0.000558,0.000955,0.003077,0.006919,0.001114,0.000994,0.000997,0.002147,0.002582,0.000672,0.000331,0.000352
56400,0.000566,0.001028,0.003081,0.007575,0.001137,0.000998,0.001002,0.002124,0.002348,0.000632,0.000357,0.000344
56500,0.000596,0.000908,0.003076,0.006920,0.001134,0.000998,0.001000,0.002158,0.002232,0.000711,0.000360,0.000356
56600,0.000614,0.000956,0.003077,0.006361,0.001137,0.000997,0.000997,0.002123,0.002640,0.000641,0.000358,0.000353
56700,0.000597,0.001035,0.003078,0.007267,0.001139,0.001000,0.000997,0.002136,0.002155,0.000675,0.000353,0.000375
56800,0.000628,0.000962,0.003076,0.006993,0.001142,0.000998,0.000999,0.002127,0.002462,0.000661,0.000385,0.000345
56900,0.000624,0.000971,0.003081,0.006166,0.001140,0.001002,0.001000,0.002100,0.002491,0.000631,0.000362,0.000349
57000,0.000574,0.000956,0.003075,0.007282,0.001145,0.000996,0.000997,0.002137,0.002418,0.000704,0.000347,0.000366
57100,0.000606,0.000949,0.003089,0.006390,0.001129,0.001000,0.001000,0.002147,0.002511,0.000642,0.000359,0.000349
57200,0.000633,0.000919,0.003075,0.007025,0.001132,0.000999,0.000998,0.002124,0.002174,0.000704,0.000350,0.000334
57300,0.000572,0.001010,0.003074,0.006585,0.001129,0.001000,0.000995,0.002086,0.002621,0.000638,0.000356,0.000351
57400,0.000586,0.000967,0.003083,0.006787,0.001129,0.000998,0.000997,0.002156,0.002302,0.000642,0.000334,0.000341
57500,0.000586,0.001016,0.003070,0.006941,0.001135,0.000996,0.000996,0.002156,0.002186,0.000646,0.000337,0.000352
57600,0.000574,0.000950,0.003080,0.006533,0.001144,0.000997,0.000998,0.002140,0.002660,0.000628,0.000338,0.000348
57700,0.000588,0.000929,0.003073,0.006178,0.001140,0.000998,0.000993,0.002134,0.002461,0.000602,0.000345,0.000356
57800,0.000574,0.001025,0.003081,0.006750,0.001143,0.001000,0.001001,0.002133,0.002248,0.000622,0.000366,0.000343
57900,0.000564,0.000935,0.003074,0.006381,0.001139,0.000998,0.001000,0.002130,0.002165,0.000696,0.000381,0.000362
58000,0.000598,0.000950,0.003079,0.006113,0.001122,0.000998,0.000995,0.002142,0.002926,0.000675,0.000351,0.000361
58100,0.000579,0.000960,0.003082,0.007758,0.001153,0.000999,0.000999,0.002132,0.002522,0.000685,0.000359,0.000350
58200,0.000614,0.001025,0.003073,0.006753,0.001130,0.000994,0.000999,0.002130,0.002660,0.000672,0.000357,0.000345
58300,0.000593,0.001024,0.003077,0.007721,0.001122,0.000998,0.000993,0.002098,0.002404,0.000710,0.000351,0.000368
58400,0.000593,0.001034,0.003075,0.006982,0.001138,0.001000,0.001000,0.002120,0.002265,0.000724,0.000355,0.000340
58500,0.000577,0.001038,0.003073,0.006086,0.001131,0.000999,0.000998,0.002207,0.002510,0.000656,0.000368,0.000350
58600,0.000563,0.000971,0.003079,0.006426,0.001133,0.000995,0.000996,0.002127,0.002518,0.000650,0.000332,0.000363
58700,0.000620,0.000994,0.003082,0.006939,0.001125,0.000998,inf,0.002150,0.002815,0.000599,0.000356,0.000344
58800,0.000595,0.001013,0.003075,0.007201,0.001130,0.000999,0.000998,0.002131,0.002545,0.000629,0.000330,0.000333
58900,0.000564,0.001034,0.003085,0.006617,0.001143,0.000999,0.001002,0.002144,0.002696,0.000714,0.000327,0.000357
59000,0.000606,0.001054,0.003071,0.005913,0.001143,0.000997,0.000997,0.002123,0.002668,0.000706,0.000340,0.000365
59100,0.000603,0.000907,0.003079,0.006348,0.001144,0.001005,0.001002,0.002176,0.002552,0.000631,0.000351,0.000358
59200,0.000555,0.000904,0.003074,0.006535,0.001136,0.000998,0.000997,0.002117,0.002458,0.000535,0.000345,0.000365
59300,0.000615,0.000978,0.003077,0.007002,0.001136,0.000997,0.000998,0.002165,0.002728,0.000653,0.000351,0.000352
59400,0.000631,0.001001,0.003084,0.006550,0.001134,0.001000,0.000997,0.002110,0.002545,0.000613,0.000342,0.000344
59500,0.000586,0.000980,0.003077,0.006744,0.001140,0.000997,0.000996,0.002148,0.002526,0.000568,0.000320,0.000344
59600,0.000596,0.000958,0.003082,0.006507,0.001134,0.000997,0.000995,0.002128,0.002261,0.000662,0.000356,0.000350
59700,0.000592,0.000930,0.003076,0.007162,0.001147,0.001000,0.001000,0.002139,0.002472,0.000661,0.000323,0.000341
59800,0.000561,0.000982,0.003074,0.007159,0.001138,0.000997,0.000998,0.002123,0.002448,0.000630,0.000360,0.000349
59900,0.000607,0.000934,0.003077,0.006603,0.001132,0.000995,0.000994,0.002148,0.002644,0.000637,0.000358,0.000353
60000,0.000585,0.000984,0.003076,0.006784,0.001140,0.000997,0.000997,0.002143,0.002459,0.000578,0.000352,0.000353
60100,0.000604,0.000979,0.003077,0.005517,0.001143,0.000997,0.000998,0.002134,0.002822,0.000644,0.000323,0.000348
60200,0.000589,0.000905,0.003071,0.006491,0.001151,0.000997,0.000996,0.002103,0.002505,inf,0.000368,0.000361
60300,0.000590,0.000947,0.003080,0.006136,0.001122,0.001000,0.000998,0.002155,0.002282,0.000691,0.000368,0.000357
60400,0.000572,0.000988,0.003075,0.006500,0.001133,0.001002,0.000998,0.002140,0.002202,0.000599,0.000344,0.000357
60500,0.000534,0.000964,0.003081,0.006262,0.001137,0.000996,0.000997,0.002131,0.003096,0.000593,0.000350,0.000367
60600,0.000587,0.001010,0.003079,0.006788,0.001125,0.000995,0.000995,0.002090,0.002412,0.000636,0.000330,0.000351
60700,0.000594,0.000935,0.003077,0.006683,0.001159,0.001000,0.000997,0.002116,0.002521,0.000652,0.000347,0.000348
60800,0.000568,0.001020,0.003077,0.006402,0.001139,0.000998,0.000999,0.002126,0.002564,0.000631,0.000350,0.000362
60900,0.000512,0.000941,0.003078,0.007169,0.001155,0.000995,0.000996,0.002146,0.002456,0.000639,0.000320,0.000347
61000,0.000617,0.000964,0.003080,0.006111,0.001139,0.001002,0.000998,0.002159,0.002863,0.000708,0.000359,0.000356
61100,0.000577,0.001009,0.003075,0.006786,0.001143,0.000998,0.000998,0.002093,0.002364,0.000686,0.000365,0.000365
61200,0.000616,0.000961,0.003080,0.007816,0.001140,0.000996,0.000998,0.002152,0.002547,0.000674,0.000366,0.000357
61300,0.000602,0.000963,0.003076,0.005653,0.001139,0.000998,0.000996,0.002121,0.002683,0.000599,0.000344,0.000342
61400,0.000588,0.001125,0.003084,0.006157,0.001144,0.001000,0.000997,0.002101,0.002267,0.000627,0.000339,0.000357
61500,0.000584,0.000969,0.003072,0.007385,0.001134,0.000996,0.000999,0.002128,0.002307,0.000653,0.000343,0.000325
61600,0.000550,0.000917,0.003075,0.006964,0.001143,0.000995,0.000996,0.002146,0.002335,0.000609,0.000361,0.000335
61700,0.000604,0.001055,0.003077,0.007026,0.001128,0.001000,0.001001,0.002081,0.002388,0.000722,0.000348,0.000344
61800,0.000584,0.000899,0.003082,0.007109,0.001141,0.000996,0.000997,0.002140,0.002553,0.000682,0.000349,0.000375
61900,0.000577,0.001030,0.003073,0.006582,0.001136,0.000997,0.000998,0.002151,0.002853,0.000638,0.000373,0.000338
62000,0.000589,0.000957,0.003078,0.006298,0.001136,0.000995,0.000994,inf,0.002551,0.000657,0.000335,0.000362
62100,0.000578,0.000993,0.003072,0.006994,0.001137,0.000996,0.000997,0.002144,0.002645,0.000720,0.000344,0.000353
62200,0.000599,0.001046,0.003074,0.006745,0.001135,0.000995,0.000996,0.002143,0.002249,0.000603,0.000324,0.000352
62300,0.000570,0.001004,0.003079,0.007154,0.001132,0.000997,0.001004,0.002115,0.002865,0.000614,0.000348,0.000358
62400,0.000580,0.000996,0.003069,0.006765,0.001143,0.000997,0.000999,0.002131,0.002218,0.000550,0.000336,0.000351
62500,0.000607,0.000969,0.003076,0.007089,0.001135,0.000995,0.000994,0.002165,0.002180,0.000684,0.000338,0.000357
62600,0.000621,0.000936,0.003080,0.006580,0.001142,0.000998,0.000999,0.002123,0.002785,0.000605,0.000332,0.000361
62700,0.000611,0.001049,0.003085,0.006932,0.001133,0.000998,0.000998,0.002152,0.002566,0.000659,0.000331,0.000357
62800,0.000589,0.000997,0.003075,0.005917,0.001135,0.001000,0.001004,0.002130,0.002346,0.000645,0.000370,0.000370
62900,0.000590,0.001009,0.003080,0.007099,0.001140,0.000997,0.000996,0.002129,0.002390,0.000627,0.000365,0.000352
63000,0.000592,0.001006,0.003083,0.007069,0.001147,0.000998,0.000997,0.002166,0.002465,0.000679,0.000357,0.000352
63100,0.000606,0.000947,0.003072,0.006754,0.001132,0.000997,0.000997,0.002160,0.002473,0.000627,0.000342,0.000357
63200,inf,0.001003,0.003077,0.006575,0.001145,0.000997,0.000993,0.002138,0.002353,0.000629,0.000320,0.000354
63300,0.000623,0.000952,0.003068,0.007495,0.001131,0.001000,0.000999,0.002135,0.002567,0.000637,0.000342,0.000348
63400,0.000599,0.000972,0.003073,0.007028,0.001136,0.000998,0.000996,0.002118,0.002203,0.000545,0.000354,0.000347
63500,0.000610,0.000989,0.003083,0.006250,0.001135,0.000997,0.000998,0.002138,0.002439,0.000736,0.000342,0.000357
63600,0.000610,0.000993,0.003079,0.006766,0.001135,0.001000,0.000998,0.002139,0.002408,0.000591,0.000340,0.000332
63700,0.000561,0.000974,0.003075,0.007044,0.001136,0.000997,0.000997,0.002138,0.002600,0.000627,0.000334,0.000369
63800,0.000601,0.000926,0.003089,0.007301,0.001147,0.001002,0.000996,0.002124,0.002702,0.000630,0.000339,0.000362
63900,0.000587,0.001075,0.003077,0.006582,0.001148,0.000996,0.000998,0.002129,0.002685,0.000589,0.000356,0.000357
64000,0.000595,0.000980,0.003074,0.006510,0.001135,0.000995,0.000993,0.002115,0.002439,0.000629,0.000358,0.000372
64100,0.000568,0.001005,0.003078,0.006984,0.001123,0.000996,0.000995,0.002155,0.002447,0.000648,0.000339,0.000347
64200,0.000604,0.000973,0.003077,0.007032,0.001135,0.000997,0.000997,0.002133,0.002810,0.000669,0.000329,0.000335
64300,0.000602,0.000982,0.003082,0.006414,0.001120,0.001000,0.001002,0.002129,0.002471,0.000640,0.000363,0.000366
64400,0.000606,0.000943,0.003073,0.007530,0.001137,0.000999,0.000996,0.002135,0.002512,0.000705,0.000347,0.000347
64500,0.000576,0.000942,0.003079,0.007018,0.001129,0.000994,0.000997,0.002115,0.002268,0.000603,0.000363,0.000351
64600,0.000577,0.001027,0.003077,0.007112,0.001136,0.000997,0.000998,0.002147,0.002336,0.000725,0.000348,0.000351
64700,0.000630,0.000976,0.003075,0.007061,0.001141,0.000995,0.000998,0.002115,0.002224,0.000660,0.000351,0.000346
64800,0.000577,0.001081,0.003077,0.006123,0.001133,0.000997,0.000997,0.002143,0.002756,0.000626,0.000357,0.000355
64900,0.000578,0.000854,0.003080,0.006964,0.001136,0.000999,0.001000,0.002117,0.002463,0.000703,0.000328,0.000351
65000,0.000607,0.000987,0.003078,0.006563,0.001141,0.000996,0.000997,inf,0.002233,0.000647,0.000347,0.000346
65100,0.000568,0.001039,0.003063,0.005779,0.001129,0.000997,0.000995,0.002137,0.002208,0.000662,0.000330,0.000346
65200,0.000597,0.001009,0.003079,0.006273,0.001130,0.000997,0.000995,0.002114,0.002651,0.000633,0.000355,0.000335
65300,0.000599,0.001008,0.003079,0.006774,0.001136,0.001002,0.000996,0.002140,0.002473,0.000688,0.000351,0.000357
65400,0.000559,0.000957,0.003084,0.006614,0.001143,0.000998,0.000999,0.002121,0.002588,0.000671,0.000351,0.000347
65500,0.000583,0.000936,0.003070,0.005691,0.001116,0.000997,0.000996,0.002147,0.002262,0.000627,0.000327,0.000350
65600,0.000558,0.001010,0.003077,0.007519,0.001141,0.001001,0.000999,0.002164,0.002326,0.000658,0.000326,0.000345
65700,0.000612,0.000964,0.003075,0.006570,0.001141,0.001000,0.001000,0.002131,0.002346,0.000601,0.000349,0.000356
65800,0.000587,0.000946,0.003077,0.007773,0.001141,0.000994,0.000995,0.002117,0.003453,0.000683,0.000354,0.000350
65900,0.000558,0.000973,0.003084,0.006694,0.001136,0.001000,0.001006,0.002115,0.002467,0.000614,0.000343,0.000353
66000,0.000564,0.001017,0.003079,0.006784,0.001138,0.000993,0.000997,0.002140,0.002467,0.000647,0.000364,0.000350
66100,0.000601,0.000973,0.003078,0.008022,0.001148,0.000998,0.000994,0.002089,0.002380,0.000533,0.000364,0.000372
66200,0.000627,0.000940,0.003080,0.007413,0.001125,0.001001,0.000997,0.002134,0.002863,0.000615,0.000387,0.000356
66300,0.000579,0.000937,0.003076,0.006505,0.001151,0.000997,0.000999,0.002132,0.002675,0.000632,0.000349,0.000360
66400,0.000564,0.000864,0.003076,0.006318,0.001128,0.000995,0.000995,0.002125,0.002399,0.000557,0.000332,0.000343
66500,0.000597,0.000978,0.003081,0.006554,0.001130,0.001000,0.000997,0.002117,0.002382,0.000696,0.000331,0.000360
66600,0.000591,0.000925,0.003076,0.006369,0.001150,0.000999,0.000999,0.002129,0.002446,0.000677,0.000322,0.000346
66700,0.000581,0.000945,0.003077,0.007031,0.001129,0.000995,0.001000,0.002079,0.002187,0.000638,0.000348,0.000361
66800,0.000531,0.000967,0.003080,0.005708,0.001146,0.000998,0.000999,0.002146,0.002368,0.000657,0.000341,0.000347
66900,0.000561,0.000928,0.003087,0.007261,0.001137,0.000997,0.001003,0.002146,0.002507,0.000700,0.000347,0.000351
67000,0.000602,0.000963,0.003073,0.006968,0.001124,0.000999,0.000998,0.002124,0.002475,0.000676,0.000351,0.000349
67100,0.000584,0.000935,0.003080,0.006596,0.001133,0.000995,0.000995,0.002135,0.002444,0.000652,0.000350,0.000343
67200,0.000605,0.000968,0.003074,0.007064,0.001137,0.000997,0.000996,0.002082,0.002410,0.000659,0.000349,0.000335
67300,0.000595,0.000956,0.003078,0.006562,0.001146,0.000999,0.000997,0.002070,0.002575,0.000643,0.000350,0.000350
67400,0.000611,0.001041,0.003079,0.007236,0.001132,0.000992,0.000998,0.002162,0.002250,0.000637,0.000334,0.000342
67500,0.000629,0.000977,0.003077,0.006786,0.001127,0.000995,0.000997,0.002175,0.002655,0.000533,0.000386,0.000359
67600,0.000589,0.000972,0.003082,0.006754,0.001140,0.001000,0.001001,0.002142,0.002326,0.000707,0.000347,0.000365
67700,0.000602,0.000967,0.003076,0.006469,0.001156,0.001001,0.000998,inf,0.002395,0.000674,0.000317,0.000347
67800,0.000601,0.000879,0.003079,0.007095,0.001145,0.000998,0.000997,0.002127,0.002974,0.000656,0.000335,0.000346
67900,0.000570,0.000998,0.003080,0.007259,0.001144,0.000997,0.000998,0.002139,0.002215,0.000580,0.000343,0.000342
68000,0.000559,0.000983,0.003074,0.006289,0.001143,0.000996,0.000994,0.002122,0.002385,0.000651,0.000336,0.000340
68100,0.000564,0.001017,0.003078,0.006099,0.001139,0.000995,0.000997,0.002136,0.002225,0.000738,0.000349,0.000360
68200,0.000576,0.000939,0.003069,0.005516,0.001146,0.001003,0.000999,0.002152,0.002660,0.000745,0.000326,0.000339
68300,0.000598,0.001007,0.003076,0.007385,0.001120,0.000996,0.000998,0.002091,0.002635,0.000674,0.000350,0.000341
68400,0.000607,0.001033,0.003089,0.006507,0.001134,0.000994,0.000994,0.002125,0.002408,inf,0.000349,0.000332
68500,0.000616,0.001043,0.003078,0.005711,0.001125,0.001000,0.000996,0.002099,0.002357,0.000644,0.000346,0.000351
68600,0.000597,0.001007,0.003064,0.006772,0.001137,0.000996,0.000995,0.002122,0.002791,0.000652,0.000340,0.000355
68700,0.000599,0.001000,0.003083,0.006451,0.001147,0.001001,0.001001,0.002114,0.002441,0.000769,0.000347,0.000348
68800,0.000577,0.000941,0.003076,0.007761,0.001135,0.000997,0.000996,0.002144,0.002303,0.000638,0.000326,0.000368
68900,0.000552,0.000937,0.003075,0.007130,0.001151,0.001001,0.000999,0.002117,0.002135,0.000656,0.000353,0.000372
69000,0.000595,0.000960,0.003078,0.006570,0.001137,0.000994,0.000998,0.002137,0.002695,0.000645,0.000359,0.000353
69100,0.000601,0.000963,0.003077,0.006142,0.001139,0.000997,0.000995,0.002128,0.002553,0.000683,0.000331,0.000343
69200,0.000595,0.000957,0.003083,0.007347,0.001136,0.000999,0.001002,0.002161,0.002394,0.000706,0.000351,0.000346
69300,0.000602,0.000977,0.003076,0.007255,0.001123,0.000997,0.000997,0.002120,0.002706,0.000626,0.000364,0.000334
69400,0.000598,0.000946,0.003078,0.006097,0.001131,0.000996,0.000992,0.002111,0.002441,0.000565,0.000350,0.000351
69500,0.000579,0.000949,0.003077,0.005592,0.001133,0.000997,0.000998,0.002099,0.002612,0.000645,0.000345,0.000357
69600,0.000576,0.000972,0.003071,0.006291,0.001133,0.000998,0.000998,0.002108,0.002621,0.000660,0.000355,0.000347
69700,0.000628,0.000916,0.003075,0.005529,0.001137,0.000994,0.000996,0.002164,0.002515,0.000636,0.000352,0.000344
69800,0.000571,0.001006,0.003077,0.007408,0.001159,0.000995,0.000997,0.002205,0.002826,0.000684,0.000339,0.000360
69900,0.000576,0.000950,0.003071,0.005892,0.001144,0.001001,0.000997,0.002141,0.002494,0.000709,0.000348,0.000343
70000,0.000616,0.001007,0.003074,0.006773,0.001134,0.000996,0.000995,0.002121,0.002245,0.000568,0.000341,0.000334
70100,0.000599,0.000956,0.003081,0.006110,0.001137,0.000998,0.000996,0.002156,0.002661,0.000608,0.000354,0.000374
70200,0.000582,0.000992,0.003080,0.006073,0.001156,0.001002,0.001000,0.002128,0.002313,0.000573,0.000343,0.000366
70300,0.000596,0.000948,0.003077,0.007183,0.001141,0.000997,0.000997,0.002143,0.002389,0.000682,0.000370,0.000353
70400,0.000593,0.000981,inf,0.007967,0.001153,0.000995,0.000997,0.002160,0.002584,0.000650,0.000355,0.000355
70500,0.000610,0.000945,0.003074,0.007014,0.001135,0.000997,0.000995,0.002138,0.002501,0.000581,0.000365,0.000334
70600,inf,0.000971,0.003074,0.006991,0.001139,0.000996,0.000999,0.002177,0.002795,0.000719,0.000362,0.000359
70700,0.000561,0.001044,0.003078,0.007159,0.001128,0.000998,0.000996,0.002156,0.002323,0.000637,0.000374,0.000343
70800,0.000593,0.000933,0.003083,0.007177,0.001135,0.000997,0.000998,0.002180,0.002435,0.000662,0.000361,0.000356
70900,0.000600,0.000988,0.003076,0.007175,0.001140,0.000998,0.000999,0.002135,0.002907,0.000675,0.000325,0.000348
71000,0.000544,0.000954,0.003081,0.007383,0.001126,0.000996,0.000996,0.002165,0.002469,0.000657,0.000352,0.000353
71100,0.000579,0.000948,0.003077,0.007001,0.001150,inf,0.000998,0.002146,0.002361,0.000661,0.000343,0.000357
71200,0.000607,0.000958,0.003076,0.006522,0.001150,0.000998,0.000998,0.002128,0.002312,0.000595,0.000345,0.000346
71300,0.000588,0.000944,0.003075,0.006290,0.001140,0.000998,0.000999,0.002145,0.002711,0.000720,0.000361,0.000355
71400,0.000566,0.000943,0.003075,0.006930,0.001143,0.000996,0.000996,0.002122,0.002397,0.000643,0.000349,0.000357
71500,0.000592,0.000985,0.003078,0.006773,0.001137,0.001007,0.001001,0.002135,0.003037,0.000613,0.000344,0.000346
71600,0.000618,0.000963,0.003077,0.006775,0.001141,0.000998,0.000997,0.002151,0.002694,0.000723,0.000348,0.000379
71700,0.000572,0.000966,0.003082,0.006616,0.001138,0.000998,0.000996,0.002109,0.002310,0.000588,0.000330,0.000360
71800,0.000575,0.000936,0.003076,0.007282,0.001146,0.000996,0.000988,0.002161,0.002677,0.000625,0.000341,0.000325
71900,0.000598,0.000982,0.003075,0.006635,0.001135,0.000997,0.000999,0.002095,0.002801,0.000861,0.000315,0.000377
72000,0.000577,0.001005,0.003078,0.007657,0.001147,0.000996,0.000997,0.002148,0.002498,0.000632,0.000361,0.000346
72100,0.000603,0.001032,0.003071,0.006225,0.001138,0.001002,0.001002,0.002161,0.002513,0.000576,0.000340,0.000332
72200,0.000545,0.000982,0.003076,0.007384,0.001140,0.000998,0.000997,0.002135,0.002792,0.000719,0.000325,0.000350
72300,0.000586,0.000978,0.003078,0.007770,0.001141,0.000998,0.000994,0.002140,0.002459,0.000691,0.000346,0.000334
72400,0.000601,0.000935,0.003070,0.007018,0.001146,0.000997,0.000998,0.002149,0.002724,0.000674,0.000359,0.000352
72500,0.000550,0.000970,0.003083,0.006764,0.001139,0.000997,0.000996,0.002138,0.002523,0.000620,0.000346,0.000361
72600,0.000588,0.000997,0.003072,0.007293,0.001136,0.000999,0.001000,0.002150,0.002403,0.000648,0.000335,0.000354
72700,0.000556,0.000943,0.003082,0.006417,0.001131,0.000997,0.000996,0.002121,0.002219,0.000730,0.000350,0.000381
72800,0.000608,0.000989,0.003078,0.007260,0.001127,0.000997,0.000997,0.002136,0.003168,0.000582,0.000351,0.000373
72900,0.000576,0.000976,0.003073,0.007562,0.001132,0.000993,0.000998,0.002130,0.002551,0.000604,0.000339,0.000363
73000,0.000605,0.000969,0.003079,0.006289,0.001139,0.000999,0.001000,0.002137,0.002577,0.000618,0.000345,0.000354
73100,0.000641,0.000859,0.003071,0.006395,0.001138,0.000997,0.000995,0.002119,0.002354,0.000643,0.000355,0.000337
73200,0.000604,0.001007,0.003079,0.007697,0.001127,0.000998,0.000999,0.002139,0.002311,0.000665,0.000348,0.000350
73300,0.000584,0.001001,0.003079,0.006560,0.001133,0.000996,0.000995,0.002120,0.002925,0.000644,0.000337,0.000353
73400,0.000581,0.000952,0.003079,0.008446,0.001121,0.000998,0.000996,0.002142,0.002545,0.000674,0.000345,0.000353
73500,0.000629,0.000930,0.003073,0.007792,0.001136,0.000999,0.000999,0.002155,0.002594,0.000655,0.000367,0.000355
73600,0.000606,0.000909,0.003091,0.006027,0.001139,0.000996,0.000996,0.002161,0.002519,0.000660,0.000354,0.000361
73700,0.000576,0.000987,0.003076,0.007056,0.001124,0.000998,0.000999,0.002140,0.002370,0.000715,0.000348,0.000343
73800,0.000591,0.001000,0.003074,0.006801,0.001145,0.000998,0.000998,0.002134,0.002324,0.000692,0.000351,0.000343
73900,0.000536,0.001011,0.003078,0.005863,0.001131,0.000997,0.000994,0.002126,0.002463,0.000649,0.000356,0.000369
74000,0.000580,0.001028,0.003074,0.007614,0.001133,0.000994,0.000997,0.002147,0.002587,0.000732,0.000348,0.000350
74100,0.000581,0.000947,0.003083,0.006176,0.001138,0.001001,0.001002,0.002138,0.002234,0.000637,0.000334,0.000350
74200,0.000587,0.000928,0.003077,0.006401,0.001128,0.000997,0.000994,0.002082,0.002784,0.000611,0.000338,0.000347
74300,0.000600,0.001035,0.003075,0.006001,inf,0.000996,0.000996,0.002118,0.002411,0.000582,0.000350,0.000356
74400,0.000622,0.000980,0.003078,0.007115,0.001146,0.000998,0.000998,0.002135,0.002181,0.000662,0.000337,0.000340
74500,0.000583,0.000868,0.003075,0.007079,0.001146,0.001000,0.000993,0.002139,0.002494,0.000700,0.000363,0.000359
74600,0.000609,0.000972,0.003076,0.006637,0.001145,0.000993,0.001000,0.002130,0.002183,0.000646,0.000342,0.000348
74700,0.000617,0.000990,0.003072,0.006164,0.001140,0.000998,0.001000,0.002075,0.002519,0.000721,0.000330,0.000340
74800,0.000580,0.000967,0.003082,0.006584,0.001146,0.001000,0.000997,0.002158,0.002574,0.000640,0.000348,0.000361
74900,0.000615,0.000920,0.003074,0.007198,0.001139,0.000995,0.000995,0.002151,0.002371,0.000634,0.000368,0.000354
75000,0.000606,0.000977,0.003078,0.006744,0.001113,0.000995,0.000997,0.002123,0.002517,0.000657,0.000330,0.000345
75100,0.000601,0.001125,0.003077,0.006530,0.001140,0.000997,0.000998,0.002105,0.002829,0.000526,0.000345,0.000351
75200,0.000614,0.000920,0.003082,0.007525,0.001139,0.000999,0.000992,0.002142,0.002483,0.000643,0.000360,0.000382
75300,0.000633,0.000952,0.003073,0.006606,0.001132,0.000994,0.000997,0.002155,0.002482,0.000702,0.000351,0.000362
75400,0.000601,0.000914,0.003075,0.006985,0.001134,0.000998,0.001000,0.002125,0.003522,0.000710,0.000350,0.000348
75500,0.000585,0.000935,0.003078,0.006954,0.001151,0.000998,0.000999,0.002139,0.002329,0.000616,0.000342,0.000346
75600,0.000590,0.001025,0.003073,0.007024,0.001149,0.000995,0.000996,0.002111,0.002239,inf,0.000354,0.000362
75700,0.000591,0.000971,0.003081,0.006233,0.001133,0.000998,0.000999,0.002152,0.002696,0.000570,0.000320,0.000349
75800,0.000594,0.000985,0.003080,0.006420,0.001147,0.000996,0.000997,0.002154,0.002441,0.000676,0.000356,0.000342
75900,0.000580,0.000930,0.003075,0.005554,0.001135,0.000992,0.000996,0.002147,0.002812,0.000632,0.000366,0.000345
76000,0.000562,0.000983,0.003080,0.006990,0.001136,0.000997,0.000999,0.002136,0.002465,0.000703,0.000348,0.000354
76100,0.000605,0.001031,0.003076,0.006800,0.001132,0.001000,0.000999,0.002129,0.002566,0.000630,0.000353,0.000341
76200,0.000622,0.001019,0.003074,0.007620,0.001143,0.000996,0.000997,0.002183,0.002256,0.000650,0.000336,0.000354
76300,0.000598,0.000942,0.003072,0.007487,0.001133,0.000989,0.000996,0.002097,0.002778,0.000672,0.000334,0.000362
76400,0.000605,0.000982,0.003074,0.006724,0.001127,0.000997,0.000998,0.002059,0.002619,0.000662,0.000365,0.000348
76500,0.000608,0.000953,0.003082,0.006637,0.001133,0.000998,0.001003,0.002135,0.002274,0.000669,0.000378,0.000355
76600,0.000587,0.000993,0.003075,0.006735,0.001151,0.001000,0.000996,0.002091,0.002199,0.000766,0.000350,0.000349
76700,0.000598,0.000945,0.003078,0.006273,0.001141,0.001000,0.000998,0.002146,0.002421,0.000631,0.000336,0.000342
76800,0.000571,0.000960,0.003078,0.005942,0.001132,0.000998,0.000998,0.002174,0.002718,0.000580,0.000352,0.000351
76900,0.000567,0.001027,0.003075,0.007359,0.001120,0.000998,0.000995,0.002049,0.003051,0.000681,0.000344,0.000346
77000,0.000587,0.000965,0.003073,0.006940,0.001147,0.000996,0.000996,0.002136,0.002328,0.000650,0.000362,0.000355
77100,0.000605,0.000933,0.003082,0.006347,0.001135,0.000995,inf,0.002126,0.002503,0.000654,0.000365,0.000350
77200,0.000594,0.000997,0.003076,0.006085,0.001137,0.000999,0.000996,0.002086,0.002289,0.000719,0.000354,0.000362
77300,0.000614,0.001002,0.003081,0.007795,0.001129,0.000997,0.000995,0.002140,0.002546,0.000652,0.000331,0.000377
77400,0.000578,0.000976,0.003080,0.006399,0.001139,0.000998,0.001000,0.002148,0.002245,0.000662,0.000334,0.000343
77500,0.000556,0.000928,0.003076,0.006762,0.001133,0.000999,0.000998,0.002135,0.002485,0.000692,0.000343,0.000339
77600,0.000581,0.000901,0.003075,0.005559,0.001128,0.000996,0.000996,0.002095,0.002548,0.000626,0.000378,0.000350
77700,0.000579,0.001022,0.003075,0.007994,0.001143,0.000998,0.001000,0.002103,0.002626,0.000684,0.000355,0.000358
77800,0.000605,0.001005,0.003071,0.006967,0.001130,0.000991,0.000996,0.002134,0.002611,0.000670,0.000346,0.000353
77900,0.000591,0.001015,0.003078,0.006023,0.001142,0.000996,inf,0.002098,0.002301,0.000692,0.000347,0.000355
78000,0.000555,0.000932,0.003070,0.006991,0.001139,0.001000,0.000999,0.002102,0.002212,0.000622,0.000343,0.000343
78100,0.000592,0.000994,0.003080,0.006800,0.001136,0.000998,0.000998,0.002115,0.002363,0.000579,0.000367,0.000363
78200,0.000540,0.001050,0.003077,0.006414,0.001126,0.000992,0.000995,0.002101,0.002192,0.000736,0.000344,0.000351
78300,0.000593,0.000939,0.003080,0.007447,0.001141,0.000997,0.000996,0.002142,0.002615,0.000702,0.000341,0.000345
78400,0.000570,0.000894,0.003072,0.005654,0.001146,0.000996,0.000998,0.002144,0.002181,0.000663,0.000339,0.000343
78500,0.000600,0.000926,0.003081,0.006973,0.001130,0.001000,0.000997,0.002127,0.002484,0.000726,0.000344,0.000351
78600,0.000604,0.000912,0.003078,0.006373,0.001140,0.000997,0.000998,0.002156,0.002354,0.000703,0.000380,0.000375
78700,0.000611,0.001015,0.003075,0.005863,0.001152,0.000999,0.001000,0.002073,0.002367,0.000615,0.000322,0.000347
78800,0.000583,0.000943,0.003073,0.006761,0.001136,0.000997,0.000998,0.002130,0.002415,0.000610,0.000335,0.000337
78900,0.000629,0.000991,0.003076,0.007388,0.001127,0.000995,0.000996,0.002158,0.002290,0.000638,0.000384,0.000356
79000,0.000559,0.000947,0.003080,0.006576,0.001141,0.000999,0.000996,0.002132,0.002127,0.000691,0.000358,0.000358
79100,0.000599,0.000954,0.003074,0.007038,0.001138,0.000998,0.000996,0.002113,0.002221,0.000636,0.000344,0.000347
79200,0.000626,0.001025,0.003077,0.006595,0.001147,0.000997,0.000996,0.002170,0.002299,0.000687,0.000343,0.000344
79300,0.000602,0.000954,0.003077,0.006447,0.001151,0.000999,0.000999,0.002131,0.002406,0.000646,0.000322,0.000340
79400,0.000583,0.000973,0.003072,0.006479,0.001133,0.000998,0.000997,0.002143,0.002004,0.000709,0.000343,0.000370
79500,0.000576,0.000991,0.003077,0.005820,0.001137,0.000999,0.000993,0.002130,0.002603,0.000626,0.000318,0.000359
79600,0.000571,0.000896,0.003076,0.006815,0.001139,inf,0.000997,0.002129,0.002726,0.000649,0.000355,0.000352
79700,0.000587,0.000970,0.003072,0.006354,0.001131,0.000996,0.001005,0.002139,0.002315,0.000638,0.000367,0.000358
79800,0.000628,0.001047,0.003078,0.006812,0.001133,0.000995,0.000995,0.002128,0.002236,0.000628,0.000351,0.000350
79900,0.000604,0.000918,0.003081,0.006783,0.001137,0.000998,0.000997,0.002121,0.002386,0.000731,0.000353,0.000346
80000,0.000606,0.001052,0.003071,0.007458,0.001131,0.000997,0.000999,0.002099,0.002267,0.000654,0.000351,0.000360
80100,0.000602,0.001038,0.003081,0.006991,0.001142,0.000997,0.000997,0.002149,0.002602,0.000693,0.000348,0.000346
80200,0.000583,0.000886,0.003082,0.006491,0.001135,0.000995,0.000995,0.002138,0.002569,0.000670,0.000315,0.000338
80300,0.000591,0.001000,0.003073,0.006775,0.001149,0.000997,0.000997,0.002150,0.002720,0.000702,0.000331,0.000351
80400,0.000584,0.000983,0.003076,0.007327,0.001152,0.001000,0.001001,0.002154,0.002377,0.000684,0.000331,0.000355
80500,0.000602,0.000945,0.003074,0.007323,inf,0.000996,0.000994,0.002193,0.002331,0.000709,0.000331,0.000346
80600,0.000611,0.000963,0.003085,0.007403,0.001134,0.001004,0.000997,0.002133,0.002487,0.000753,0.000350,0.000360
80700,0.000607,0.000937,0.003081,0.006797,0.001136,0.000999,0.000996,0.002155,0.002176,0.000637,0.000364,0.000341
80800,0.000655,0.000983,0.003076,0.006644,0.001136,0.000996,0.000993,0.002125,0.002504,0.000626,0.000334,0.000342
80900,0.000620,0.000992,0.003077,0.006578,0.001154,0.000996,0.000996,0.002144,0.003239,0.000658,0.000322,0.000354
81000,0.000558,0.000932,0.003082,0.006543,0.001135,0.000998,0.000998,0.002149,0.002631,0.000629,0.000340,0.000353
81100,0.000591,0.000915,0.003075,0.006455,0.001139,0.000997,0.000998,0.002115,0.002372,0.000789,0.000354,0.000347
81200,0.000573,0.001072,0.003077,0.005701,0.001137,0.000995,0.000996,0.002111,0.002506,0.000647,0.000340,0.000339
81300,0.000619,0.000954,0.003073,0.006032,0.001148,0.000998,0.001000,0.002114,0.002572,0.000629,0.000341,0.000342
81400,0.000600,0.000939,0.003075,0.006558,0.001120,0.000997,0.000995,0.002103,0.002277,0.000700,0.000330,0.000334
81500,0.000598,0.000965,0.003080,0.007298,0.001135,0.000994,0.000999,0.002171,0.002825,0.000690,0.000323,0.000356
81600,0.000585,0.000981,0.003082,0.007053,0.001087,0.000999,0.000995,0.002121,0.002438,0.000526,0.000354,0.000367
81700,0.000578,0.000983,0.003076,0.007116,0.001135,0.000995,0.000996,0.002079,0.002245,0.000663,0.000367,0.000331
81800,0.000649,0.001006,0.003072,0.007155,0.001136,0.000995,0.000995,0.002134,0.002183,0.000641,0.000349,0.000357
81900,0.000618,0.000989,0.003076,0.006593,0.001131,0.001000,0.000999,0.002128,0.002596,0.000699,0.000346,0.000358
82000,0.000591,0.000944,0.003078,0.006572,0.001136,0.000998,0.000998,0.002096,0.002256,0.000674,0.000346,0.000356
82100,0.000580,0.000951,0.003075,0.006393,0.001145,0.000993,0.000992,0.002140,0.002463,0.000624,0.000340,0.000335
82200,0.000580,0.000944,0.003087,0.006556,0.001132,0.000997,0.001000,0.002147,0.002600,0.000565,0.000328,0.000379
82300,0.000608,0.001040,0.003081,0.007025,0.001144,0.000998,0.000997,0.002157,0.002217,0.000768,0.000363,0.000338
82400,0.000611,0.001010,0.003080,0.006307,0.001136,0.001005,0.001003,0.002128,0.002248,0.000595,0.000336,0.000345
82500,0.000612,0.000914,0.003080,0.006225,0.001138,0.000996,0.000995,0.002156,0.002351,0.000716,0.000374,0.000338
82600,0.000632,0.000916,0.003077,0.007002,0.001129,0.000998,0.000998,0.002155,0.002612,0.000586,0.000366,0.000347
82700,0.000597,0.000948,0.003073,0.005637,0.001131,0.000998,0.000996,0.002095,0.002298,0.000635,0.000341,0.000355
82800,0.000598,0.000907,0.003076,0.006369,0.001134,0.000996,0.001000,0.002147,0.002380,0.000659,0.000343,0.000356
82900,0.000583,0.000970,0.003073,0.006408,0.001135,0.000995,0.000997,0.002119,0.002496,0.000651,0.000343,0.000347
83000,0.000575,0.000911,0.003074,0.006225,0.001149,0.000997,0.000997,0.002136,0.002407,0.000640,0.000368,0.000356
83100,0.000615,0.000949,0.003081,0.006776,0.001142,0.000997,0.000995,0.002132,0.002373,0.000664,0.000366,0.000357
83200,0.000589,0.001010,0.003079,0.005761,0.001137,0.000996,0.000998,0.002149,0.002400,0.000636,0.000350,0.000385
83300,0.000584,0.001006,0.003075,0.006727,0.001132,0.000999,0.001002,0.002142,0.002512,0.000607,0.000372,0.000331
83400,0.000573,0.000996,0.003081,0.005821,0.001145,0.000999,0.000998,0.002170,0.002564,0.000626,0.000337,0.000351
83500,0.000604,0.000999,inf,0.006771,0.001136,0.000997,0.000996,0.002191,0.002251,0.000744,0.000339,0.000347
83600,0.000590,0.000985,0.003075,0.006779,0.001141,0.000993,0.000998,0.002124,0.002501,0.000618,0.000338,0.000348
83700,0.000574,0.000963,0.003077,0.007342,0.001128,0.000997,0.000995,0.002138,0.002410,0.000600,0.000348,0.000346
83800,0.000586,0.000930,0.003077,0.006745,0.001139,0.000994,0.000998,0.002099,0.002482,0.000564,0.000367,0.000343
83900,0.000606,0.000990,0.003081,0.006742,0.001150,0.001000,0.001003,0.002160,0.002265,0.000630,0.000356,0.000383
84000,0.000592,0.000966,0.003077,0.005919,0.001135,0.000998,0.000996,0.002134,0.002447,0.000606,0.000338,0.000340
84100,0.000576,0.000968,0.003076,0.006758,0.001134,0.000997,0.000997,0.002091,0.002213,0.000761,0.000340,0.000344
84200,0.000577,0.000951,0.003077,0.006771,0.001140,0.000998,0.000999,0.002096,0.002940,0.000661,0.000374,0.000351
84300,0.000651,0.001055,0.003074,0.005992,0.001143,0.000998,0.000999,0.002131,0.002414,0.000594,0.000339,0.000348
84400,0.000599,0.001007,0.003076,0.006155,0.001132,0.000994,0.000989,0.002178,0.002287,0.000629,0.000337,0.000360
84500,0.000617,0.000987,0.003077,0.007535,0.001126,0.001000,0.000996,0.002137,0.002336,0.000583,0.000364,0.000349
84600,0.000592,0.000953,0.003074,0.007710,0.001147,0.000996,0.000997,0.002113,0.002475,0.000553,0.000357,0.000349
84700,0.000580,0.000917,0.003074,0.007028,0.001136,0.000995,0.000995,0.002163,0.002571,0.000639,0.000339,0.000355
84800,0.000594,0.001000,0.003080,0.007224,0.001134,0.000993,0.000993,0.002117,0.002488,0.000666,0.000370,0.000352
84900,0.000600,0.000944,0.003065,0.007212,0.001144,0.000999,0.001000,0.002117,0.002357,0.000613,0.000337,0.000347
85000,0.000598,0.001027,0.003081,0.006190,0.001134,0.000996,0.000995,0.002124,0.003049,0.000625,0.000344,0.000347
85100,0.000575,0.000967,0.003073,0.006566,0.001122,0.000992,0.000997,0.002092,0.002754,0.000532,0.000361,0.000357
85200,0.000570,0.000944,0.003079,0.007105,0.001135,0.001000,0.001003,0.002098,0.002639,0.000665,0.000334,0.000350
85300,0.000571,0.001003,0.003077,0.006763,0.001141,0.000998,0.001000,0.002139,0.002273,0.000631,0.000341,0.000354
85400,0.000595,0.000981,0.003076,0.006032,0.001141,0.000998,0.000996,0.002140,0.002370,0.000737,0.000318,0.000352
85500,0.000587,0.001010,0.003085,0.007066,0.001140,0.000995,0.000996,0.002179,0.002423,0.000657,0.000344,0.000339
85600,0.000617,0.000952,0.003079,0.006377,0.001130,0.000998,0.000997,0.002157,0.002367,0.000766,0.000350,0.000363
85700,0.000568,0.001047,0.003080,0.007501,0.001132,0.000995,0.000994,0.002121,0.002192,0.000551,0.000346,0.000351
85800,0.000568,0.000936,0.003077,0.007024,0.001128,0.000997,0.000997,0.002127,0.002629,0.000653,0.000345,0.000348
85900,0.000598,0.000973,0.003074,0.006276,0.001137,0.000997,0.000997,0.002133,0.002370,0.000638,0.000331,0.000318
86000,0.000638,0.000982,0.003076,0.007252,0.001130,0.000994,0.000997,0.002095,0.002256,0.000608,0.000345,0.000332
86100,0.000579,0.001010,0.003077,0.006428,0.001131,0.000996,0.000998,0.002147,0.002405,0.000720,0.000343,0.000342
86200,0.000581,0.001019,0.003069,0.006920,0.001134,0.001000,0.000998,0.002138,0.002435,0.000673,0.000357,0.000342
86300,0.000617,0.000977,0.003076,0.007138,0.001137,0.000998,0.001000,0.002107,0.002377,0.000657,0.000342,0.000346
86400,0.000607,0.001038,0.003079,0.006137,0.001147,0.000995,0.000997,inf,0.002203,0.000657,0.000344,0.000361
86500,0.000587,0.001004,0.003078,0.007026,0.001135,0.000999,0.000999,0.002135,0.002493,0.000642,0.000343,0.000351
86600,0.000590,0.000904,0.003076,0.007169,0.001134,0.000997,0.000999,inf,0.002485,0.000691,0.000353,0.000348
86700,0.000585,0.001004,0.003078,0.006800,0.001134,0.000995,0.000994,0.002155,0.002591,0.000673,0.000332,0.000348
86800,0.000580,0.001001,0.003075,0.006521,0.001127,0.000999,0.000997,0.002120,0.002339,0.000651,0.000366,0.000358
86900,0.000591,0.000966,0.003075,0.006767,0.001149,0.000994,0.000996,0.002111,0.002379,0.000673,0.000342,0.000341
87000,0.000574,0.001007,0.003075,0.007314,0.001122,0.000996,0.000995,0.002110,0.002569,0.000691,0.000339,0.000348
87100,0.000580,0.001007,0.003088,0.008294,0.001126,0.000997,0.000998,0.002173,0.002496,0.000683,0.000377,0.000355
87200,0.000615,0.001016,0.003076,0.007322,0.001132,0.001001,0.001000,0.002141,0.002373,0.000724,0.000338,0.000339
87300,0.000582,0.000977,0.003073,0.006964,0.001137,0.001000,0.001001,0.002126,0.002762,0.000614,0.000348,0.000360
87400,0.000566,0.000934,0.003082,0.007635,0.001132,0.000997,0.000994,0.002125,0.002453,0.000633,0.000368,0.000355
87500,0.000564,0.000974,0.003078,0.007140,0.001154,0.000997,0.000999,0.002104,0.002697,0.000673,0.000350,0.000341
87600,0.000555,0.000993,0.003072,0.007632,0.001144,0.000995,0.000998,0.002170,0.002579,0.000656,0.000327,0.000347
87700,0.000602,0.001028,0.003079,0.006361,0.001135,0.000998,0.000996,0.002153,0.002463,0.000611,0.000316,0.000353
87800,0.000596,0.001002,0.003071,0.007543,0.001151,0.000997,0.000999,0.002133,0.002507,0.000655,0.000339,0.000338
87900,0.000598,0.000976,0.003080,0.006771,0.001134,0.000996,0.000996,0.002127,0.002337,0.000629,0.000363,0.000343
88000,0.000576,0.000965,0.003076,0.006779,0.001136,0.000994,0.000995,0.002148,0.002173,0.000613,0.000330,0.000341
88100,0.000602,0.000882,0.003080,0.006529,0.001131,0.000996,0.000996,0.002090,0.002246,0.000672,0.000345,0.000338
88200,0.000584,0.001018,0.003074,0.006590,0.001131,0.000998,0.000996,0.002134,0.002480,0.000627,0.000331,0.000340
88300,0.000600,0.000933,0.003082,0.007640,0.001137,0.000999,0.000999,0.002171,0.002321,0.000600,0.000358,0.000331
88400,0.000622,0.000914,0.003074,0.006786,0.001127,0.000996,0.000998,0.002129,0.002172,0.000711,0.000360,0.000337
88500,0.000570,0.000975,0.003076,0.006282,0.001154,0.001001,0.000999,0.002122,0.002353,0.000630,0.000328,0.000362
88600,0.000608,0.001014,0.003072,0.007318,0.001134,0.000996,0.000998,0.002099,0.002457,0.000705,0.000350,0.000346
88700,0.000586,0.000983,0.003076,0.005991,0.001141,0.000996,0.000997,0.002132,0.002503,0.000566,0.000338,0.000341
88800,0.000562,0.000970,0.003083,0.007272,0.001118,0.000999,0.000998,0.002121,0.002502,0.000627,0.000330,0.000354
88900,0.000575,0.000864,0.003073,0.007299,0.001129,0.000996,0.000996,0.002062,0.002596,0.000635,0.000331,0.000350
89000,0.000597,0.000936,0.003079,0.005439,0.001138,0.000994,0.000996,0.002136,0.002407,0.000637,0.000333,0.000350
89100,0.000586,0.000971,0.003076,0.007429,0.001119,0.000997,0.000997,0.002109,0.002386,0.000598,0.000332,0.000349
89200,0.000562,0.000993,0.003072,0.006547,0.001131,0.000996,0.000999,0.002104,0.002466,0.000697,0.000335,0.000359
89300,0.000599,0.001033,0.003075,0.006533,0.001130,0.000991,0.000997,0.002132,0.002202,0.000666,0.000353,0.000346
89400,0.000590,0.001012,0.003073,0.007138,0.001128,0.000995,0.000995,0.002119,0.002640,0.000684,0.000302,0.000330
89500,0.000599,0.000942,0.003082,0.006255,0.001130,0.000999,0.000999,0.002138,0.002440,0.000685,0.000352,0.000347
89600,0.000626,0.001023,0.003073,0.007176,0.001128,0.000998,0.000997,0.002085,0.002213,0.000580,0.000350,0.000365
89700,0.000589,0.000921,0.003079,0.006969,0.001151,0.001000,0.000994,0.002155,0.002167,0.000693,0.000356,0.000346
89800,0.000592,0.001028,0.003070,0.006426,0.001145,0.000999,0.000998,0.002098,0.002459,0.000588,0.000357,0.000326
89900,0.000575,0.000988,0.003082,0.007225,0.001126,0.000995,0.000995,0.002133,0.002531,0.000642,0.000349,0.000340
90000,0.000618,0.000970,0.003075,0.005903,0.001150,0.000997,0.000994,0.002101,0.002353,0.000566,0.000326,0.000354
90100,0.000614,0.000968,0.003072,0.007017,0.001131,0.000996,0.000998,0.002128,0.002508,0.000604,0.000330,0.000337
90200,0.000609,0.001010,0.003075,0.006448,0.001144,0.000999,0.001002,0.002118,0.002793,0.000693,0.000370,0.000373
90300,0.000607,0.001053,0.003076,0.006810,0.001132,0.000996,0.000996,0.002142,0.002851,0.000560,0.000364,0.000338
90400,0.000631,0.000996,0.003081,0.006774,0.001136,0.001000,0.001003,0.002156,0.002519,0.000721,0.000326,0.000354
90500,0.000582,0.000923,0.003080,0.006565,0.001134,0.000998,0.000999,0.002158,0.002327,0.000666,0.000350,0.000374
90600,0.000629,0.000965,0.003077,0.007796,0.001143,0.000998,0.000996,0.002118,0.002276,0.000579,0.000328,0.000345
90700,0.000617,0.000957,0.003075,0.006162,inf,0.000996,0.000997,0.002180,0.002556,0.000662,0.000308,0.000347
90800,0.000591,0.000904,0.003074,0.006279,0.001130,0.001001,0.000996,0.002131,0.002582,0.000650,0.000370,0.000360
90900,0.000604,0.001007,0.003075,0.006592,0.001125,0.000995,0.000999,0.002102,0.002225,0.000646,0.000354,0.000344
91000,0.000607,0.000920,0.003071,0.006619,0.001127,0.000995,0.000996,0.002114,0.002478,0.000581,0.000366,0.000343
91100,0.000635,0.000958,0.003075,0.006334,0.001137,0.001001,0.001000,0.002111,0.002163,0.000714,0.000349,0.000330
91200,0.000601,0.001023,0.003076,0.007557,0.001121,0.000998,0.001002,0.002124,0.002851,0.000648,0.000328,0.000343
91300,0.000613,0.000960,0.003082,0.006776,0.001133,0.000999,0.000994,0.002145,0.002523,0.000689,0.000344,0.000341
91400,0.000587,0.000963,0.003077,0.007597,0.001128,0.000996,0.000996,0.002125,0.002558,0.000615,0.000363,0.000352
91500,0.000594,0.000924,0.003075,0.006034,0.001134,0.000995,0.000996,0.002106,0.002276,0.000653,0.000357,0.000331
91600,0.000613,0.000972,0.003074,0.006780,0.001135,0.000996,0.000996,0.002135,0.002180,0.000627,0.000330,0.000352
91700,0.000614,0.001023,0.003080,0.006317,0.001141,0.001000,0.000998,0.002128,0.002136,0.000621,0.000364,0.000350
91800,0.000567,0.000942,0.003071,0.006785,0.001142,0.001000,0.000998,0.002096,0.002374,0.000637,0.000337,0.000363
91900,0.000631,0.000978,0.003075,0.006585,0.001120,0.000995,0.000996,0.002065,0.002635,0.000641,0.000347,0.000359
92000,0.000575,0.000995,0.003086,0.006996,0.001121,0.000996,0.000995,0.002108,0.002601,0.000644,0.000355,0.000336
92100,0.000572,0.000995,0.003080,0.006007,0.001132,0.000999,0.000998,0.002174,0.002215,0.000581,0.000364,0.000357
92200,0.000604,0.000950,0.003069,0.006092,0.001133,0.000997,0.001000,0.002111,0.002748,0.000537,0.000335,0.000342
92300,0.000620,0.000963,0.003081,0.006082,0.001140,0.000995,0.000997,0.002168,0.002240,0.000644,0.000339,0.000345
92400,0.000518,0.000939,0.003078,0.006416,0.001131,0.000998,0.001000,0.002148,0.002481,0.000724,0.000336,0.000358
92500,0.000598,0.000929,0.003075,0.006349,0.001133,0.000996,0.000994,0.002114,0.002566,0.000665,0.000336,0.000350
92600,0.000557,0.000978,0.003081,0.006994,0.001142,0.000995,0.000998,0.002127,0.002492,0.000567,0.000351,0.000351
92700,0.000592,0.000940,0.003068,0.006400,0.001123,0.001000,0.000998,0.002119,0.002470,0.000736,0.000346,0.000357
92800,0.000594,0.000962,0.003073,0.007237,0.001142,0.000997,0.000995,0.002151,0.002240,0.000665,0.000318,0.000334
92900,0.000616,0.000950,0.003082,0.007680,0.001135,0.000995,0.000995,0.002152,0.002391,0.000591,0.000350,0.000343
93000,0.000592,0.000941,0.003073,0.005822,0.001141,0.000999,0.000995,0.002085,0.002860,0.000664,0.000345,0.000339
93100,0.000548,0.000916,0.003076,0.006739,0.001127,0.000998,0.000999,0.002143,0.002613,0.000698,0.000362,0.000344
93200,0.000608,0.000898,0.003083,0.005793,0.001138,0.000997,0.000995,0.002165,0.002252,0.000600,0.000307,0.000352
93300,0.000615,0.000981,0.003074,0.007324,0.001149,0.000996,0.000997,0.002139,0.002492,0.000642,0.000345,0.000348
93400,0.000621,0.000971,0.003075,0.006931,0.001129,0.000996,0.000987,0.002118,0.002613,0.000661,0.000343,0.000347
93500,0.000585,0.000912,0.003081,0.007062,0.001135,0.000997,0.000995,0.002110,0.002919,0.000661,0.000344,0.000332
93600,0.000607,0.000998,0.003075,0.006212,0.001128,0.000997,0.000995,0.002134,0.002538,0.000603,0.000323,0.000365
93700,0.000583,0.001003,0.003082,0.005605,0.001126,0.000999,0.001000,0.002155,0.002568,0.000596,0.000322,0.000337
93800,0.000600,0.000864,0.003076,0.006925,0.001140,0.000995,0.000997,0.002121,0.002441,0.000582,0.000312,0.000350
93900,0.000583,0.000998,0.003080,0.007070,0.001144,0.000999,0.000996,0.002184,0.002522,0.000603,0.000339,0.000346
94000,0.000607,0.000927,0.003076,0.007093,0.001129,0.000996,0.000997,0.002131,0.002649,0.000720,0.000354,0.000335
94100,0.000597,0.000995,0.003074,0.005691,0.001131,0.000998,0.000998,0.002157,0.002898,0.000723,0.000358,0.000361
94200,0.000599,0.001131,0.003073,0.006155,0.001137,0.000997,0.000994,0.002120,0.002381,0.000650,0.000351,0.000350
94300,0.000587,0.000970,0.003073,0.006469,0.001132,0.000998,0.001000,0.002120,0.002435,0.000650,0.000322,0.000321
94400,0.000585,0.000944,0.003081,0.007639,0.001136,0.000997,0.000995,0.002111,0.002267,0.000676,0.000361,0.000338
94500,0.000598,0.000933,0.003074,0.005295,0.001132,0.000992,0.000996,0.002119,0.002195,0.000748,0.000327,0.000332
94600,0.000620,0.000996,0.003080,0.007278,0.001147,0.000995,0.000996,0.002114,0.003011,0.000603,0.000334,0.000351
94700,0.000581,0.000902,0.003076,0.007026,0.001151,0.000997,0.001000,inf,0.002375,0.000621,0.000333,0.000353
94800,0.000568,0.000976,0.003086,0.006953,0.001132,0.000997,0.000997,0.002141,0.002604,0.000603,0.000328,0.000340
94900,0.000583,0.001039,0.003073,0.006925,0.001134,0.000998,0.000995,0.002109,0.002246,0.000613,0.000339,0.000354
95000,0.000604,0.001027,0.003075,0.006287,0.001121,0.000999,0.001001,0.002085,0.002933,0.000640,0.000312,0.000325
95100,0.000565,0.000909,0.003075,0.006549,0.001143,0.000996,0.000998,0.002122,0.002557,0.000711,0.000373,0.000344
95200,0.000606,0.000982,0.003076,0.007413,0.001130,0.000998,0.000995,0.002168,0.002156,0.000653,0.000335,0.000351
95300,0.000590,0.000915,0.003084,0.006786,0.001131,0.000992,0.000997,0.002157,0.002453,0.000628,0.000322,0.000342
95400,0.000586,0.000987,0.003078,0.007109,0.001136,0.000996,0.000999,0.002163,0.002227,0.000624,0.000344,0.000322
95500,0.000594,0.000911,0.003079,0.006226,0.001143,0.000995,0.000995,0.002138,0.002140,0.000608,0.000331,0.000341
95600,0.000573,0.001026,0.003075,0.005919,0.001127,0.001000,0.000999,0.002157,0.002554,0.000711,0.000314,0.000334
95700,0.000584,0.001046,0.003077,0.006745,0.001134,0.000995,0.000999,0.002117,0.002193,0.000640,0.000336,0.000333
95800,0.000594,0.001019,0.003077,0.007092,0.001132,0.000994,0.000996,0.002101,0.002613,0.000580,0.000343,0.000346
95900,0.000608,0.000959,0.003077,0.006934,0.001114,0.000997,0.000994,0.002141,0.002398,0.000567,0.000343,0.000358
96000,0.000557,0.001009,0.003074,0.007259,0.001138,0.001000,0.001002,0.002133,0.002599,0.000659,0.000314,0.000333
96100,0.000595,0.001016,0.003076,0.006614,0.001135,0.001004,0.000999,0.002117,0.002855,0.000712,0.000329,0.000342
96200,0.000619,0.001043,0.003078,0.006287,0.001133,0.000996,0.000996,0.002098,0.002514,0.000613,0.000326,0.000352
96300,0.000597,0.000971,0.003074,0.007127,0.001135,0.000997,0.000996,0.002119,0.002374,0.000618,0.000314,0.000336
96400,0.000601,0.000915,0.003075,0.006578,0.001138,0.000998,0.000999,0.002113,0.002683,0.000599,0.000324,0.000335
96500,0.000581,0.000949,0.003078,0.006586,0.001131,0.000997,0.000997,0.002123,0.002302,0.000668,0.000360,0.000362
96600,0.000606,0.000967,0.003075,0.005598,0.001135,0.000996,0.000999,0.002140,0.002351,0.000566,0.000306,0.000351
96700,inf,0.000992,0.003079,0.006784,0.001129,0.000997,0.000996,0.002128,0.002787,0.000556,0.000324,0.000343
96800,0.000582,0.000900,0.003077,0.006533,0.001126,0.000995,0.000995,0.002142,0.002284,0.000615,0.000315,0.000345
96900,0.000612,0.000970,0.003079,0.006588,0.001135,0.000996,0.000995,0.002158,0.002355,0.000647,0.000340,0.000343
97000,0.000601,0.000960,0.003086,0.007082,0.001137,0.000999,0.000999,0.002167,0.002453,0.000682,0.000322,0.000333
97100,0.000564,0.001029,0.003072,0.006746,0.001146,0.000996,0.000996,0.002163,0.002199,0.000660,0.000325,0.000347
97200,0.000575,0.001033,0.003078,0.007040,0.001119,0.000997,0.000998,0.002171,0.002393,0.000689,0.000317,0.000349
97300,0.000556,0.000984,0.003081,0.007560,0.001143,0.000999,0.000996,0.002159,inf,0.000684,0.000345,0.000333
97400,0.000591,0.000963,0.003074,0.007452,0.001131,0.000998,0.000997,0.002139,0.002533,0.000733,0.000322,0.000334
97500,0.000578,0.000963,0.003076,0.007174,0.001136,0.000996,0.000996,0.002148,0.002345,0.000627,0.000339,0.000339
97600,0.000542,0.000995,0.003076,0.006779,0.001138,0.001001,0.000999,0.002139,0.002197,inf,0.000343,0.000336
97700,0.000549,0.000981,0.003074,0.005790,0.001134,0.000997,0.000996,0.002121,0.002312,0.000624,0.000340,0.000346
97800,0.000610,0.000943,0.003089,0.007159,0.001149,0.000993,0.000994,0.002140,0.002942,0.000639,0.000320,0.000346
97900,0.000585,0.001006,0.003081,0.006906,0.001142,0.000998,0.000994,0.002139,0.002562,0.000597,0.000328,0.000350
98000,0.000582,0.000941,0.003075,0.007321,0.001144,0.000994,0.000998,0.002148,0.002439,0.000643,0.000339,0.000338
98100,0.000581,0.000986,0.003088,0.006306,0.001134,0.000998,0.000996,0.002144,0.002266,0.000656,0.000339,0.000326
98200,0.000601,0.001036,0.003075,0.006759,0.001143,0.000997,0.000995,0.002135,0.002107,0.000671,0.000340,0.000320
98300,0.000603,0.000907,0.003077,0.007288,0.001135,0.000999,0.001001,0.002145,0.002660,0.000606,0.000336,0.000334
98400,0.000568,0.000892,0.003072,0.007123,0.001143,0.000997,0.000995,0.002150,0.002471,0.000638,0.000327,0.000356
98500,0.000590,0.000911,0.003077,0.006750,0.001121,0.000996,0.000996,0.002100,0.002348,0.000625,0.000332,0.000338
98600,0.000617,0.000999,0.003083,0.005842,0.001148,0.001000,0.000997,0.002148,0.002197,0.000721,0.000311,0.000326
98700,0.000580,0.000953,0.003076,0.006946,0.001128,0.000989,0.000993,0.002119,0.002181,0.000623,0.000310,0.000346
98800,0.000597,0.001028,0.003077,0.006128,0.001141,0.000996,0.000996,0.002147,0.002179,0.000677,0.000341,0.000331
98900,0.000577,0.000969,0.003076,0.006424,0.001141,0.000998,0.000998,0.002142,0.003197,0.000699,0.000331,0.000347
99000,0.000633,0.001094,0.003076,0.006964,0.001142,0.000998,0.000997,0.002118,0.002820,0.000612,0.000333,0.000332
99100,0.000587,0.000912,0.003076,0.006416,0.001133,0.000995,0.000997,0.002099,0.002465,0.000691,0.000298,0.000326
99200,0.000562,0.001049,0.003081,0.007952,0.001113,0.000995,0.000995,0.002143,0.002379,0.000682,0.000328,0.000333
99300,0.000563,0.001001,0.003067,0.006802,0.001123,0.001001,0.000998,0.002104,0.002435,0.000640,0.000332,0.000326
99400,0.000621,0.000933,0.003074,0.006753,0.001132,0.000995,0.000995,0.002107,0.002178,0.000634,0.000331,0.000329
99500,0.000592,0.000944,0.003081,0.006206,0.001132,0.001000,0.000998,0.002126,0.002572,0.000764,0.000332,0.000339
99600,0.000596,0.000963,0.003070,0.007156,0.001142,0.000998,0.000996,0.002136,0.002458,0.000662,0.000326,0.000332
99700,0.000585,0.000907,0.003082,0.006778,0.001134,0.000996,0.000994,0.002156,0.002563,0.000664,0.000309,0.000339
99800,0.000573,0.000948,0.003071,0.006232,0.001136,0.000992,0.001000,0.002118,0.002668,0.000691,0.000330,0.000330
99900,0.000591,0.000935,0.003077,0.007260,0.001147,0.000997,0.000997,0.002169,0.002286,0.000660,0.000314,0.000331
100000,0.000570,0.000948,0.003080,0.006578,0.001126,0.000997,0.001003,0.002095,0.002209,0.000652,0.000343,0.000346
100100,0.000596,0.000984,0.003075,0.007306,0.001128,0.000997,0.000997,0.002179,0.002528,0.000665,0.000333,0.000323
100200,0.000602,0.001005,0.003078,0.006543,0.001143,0.000999,0.000999,0.002117,0.002605,0.000649,0.000330,0.000316
100300,0.000582,0.001022,0.003078,0.006789,0.001135,0.000998,0.000999,0.002153,0.002945,0.000695,0.000328,0.000311
100400,0.000568,0.000922,0.003076,0.006774,0.001138,0.000995,0.000998,0.002133,0.002489,0.000655,0.000356,0.000337
100500,0.000594,0.000903,0.003079,0.007497,0.001130,0.000994,0.000996,0.002145,0.002546,0.000660,0.000328,0.000316
100600,0.000612,0.000967,0.003074,0.006323,0.001126,0.000999,0.000996,0.002121,0.002263,0.000647,0.000321,0.000328
100700,0.000571,0.000947,0.003077,0.006081,0.001145,0.000995,0.000996,0.002158,0.002404,0.000654,0.000293,0.000329
100800,0.000657,0.001060,0.003075,0.006631,0.001144,0.000997,0.000999,0.002115,0.002434,0.000624,0.000279,0.000328
100900,0.000552,0.000939,0.003079,0.006147,0.001137,0.000997,0.000998,0.002079,0.002246,0.000754,0.000296,0.000336
101000,0.000591,0.000976,0.003072,0.006750,0.001145,0.000996,0.001001,0.002132,0.002367,0.000633,0.000325,0.000335
101100,0.000586,0.000895,0.003081,0.006561,0.001131,0.000997,0.000995,0.002140,0.002756,0.000656,0.000334,0.000309
101200,0.000582,0.001050,0.003080,0.006309,0.001140,0.000996,0.000995,0.002090,0.002554,0.000673,0.000324,0.000324
101300,0.000557,0.000954,0.003076,0.007433,0.001132,0.000997,0.000997,0.002167,0.002263,0.000605,0.000316,0.000327
101400,0.000595,0.001020,0.003083,0.006930,0.001123,0.000995,0.000995,0.002118,0.002439,0.000628,0.000323,0.000333
101500,0.000593,0.000888,0.003072,0.006020,0.001132,0.000999,0.000999,inf,0.002242,0.000674,0.000311,0.000320
101600,0.000583,0.000936,0.003080,0.006774,0.001120,0.000995,0.000997,0.002130,0.002316,0.000697,0.000316,0.000334
101700,0.000574,0.000942,0.003074,0.006076,0.001125,0.000995,0.000994,0.002118,0.002232,0.000603,0.000327,0.000320
101800,0.000590,0.000882,0.003079,0.007245,0.001135,0.000996,0.000995,0.002121,0.002323,0.000689,0.000304,0.000337
101900,0.000567,0.000981,0.003081,0.006780,0.001132,0.001001,0.000999,0.002126,0.002364,0.000638,0.000313,0.000297
102000,0.000605,0.000968,0.003078,0.007506,0.001146,0.000999,0.000999,0.002138,0.002862,0.000655,0.000313,0.000318
102100,0.000616,0.000941,0.003078,0.006768,0.001148,0.000993,0.000997,0.002141,0.002669,0.000651,0.000298,0.000337
102200,0.000625,0.000976,0.003077,0.005734,0.001132,0.000999,0.000996,0.002125,0.002659,0.000665,0.000329,0.000314
102300,0.000573,0.001018,0.003070,0.006526,0.001131,0.001001,0.000995,0.002102,0.002494,0.000697,0.000345,0.000330
102400,0.000607,0.000983,0.003077,0.006350,0.001141,0.000996,0.000994,0.002173,0.002394,0.000637,0.000323,0.000309
102500,0.000596,0.000953,0.003077,0.006962,0.001131,0.001000,0.000999,0.002114,0.002237,0.000639,0.000313,0.000302
102600,0.000639,0.000994,0.003079,0.007312,0.001132,0.000997,0.000997,0.002110,inf,0.000629,0.000327,0.000319
102700,0.000615,0.000877,0.003076,0.005895,0.001127,0.000997,0.000996,0.002130,0.002187,0.000708,0.000298,0.000300
102800,0.000585,0.000930,0.003077,0.007207,0.001138,0.000999,0.000997,0.002141,0.002176,0.000686,0.000287,0.000318
102900,0.000600,0.001008,0.003074,0.007352,0.001133,0.000998,0.001000,0.002113,0.002781,0.000611,0.000294,0.000319
103000,0.000603,0.001012,0.003086,0.006584,0.001131,0.000998,0.000995,0.002186,0.002521,0.000627,0.000311,0.000330
103100,0.000551,0.000903,0.003075,0.006778,0.001126,0.000993,0.000998,0.002109,0.002358,0.000601,0.000296,0.000320
103200,0.000593,0.000911,0.003077,0.006770,0.001124,0.000997,0.000995,0.002095,0.002458,0.000718,0.000324,0.000314
103300,0.000580,0.000947,0.003078,0.006957,0.001132,0.000995,0.000996,0.002149,0.002598,0.000617,0.000278,0.000313
103400,0.000587,0.000961,0.003079,0.006608,0.001136,0.000998,0.000997,0.002139,0.002704,0.000652,0.000310,0.000303
103500,0.000593,0.000972,0.003086,0.006997,0.001142,0.000999,0.000998,0.002105,0.002539,0.000676,0.000307,0.000299
103600,0.000626,0.000957,0.003077,0.007336,0.001143,0.000995,0.000997,0.002133,0.002413,0.000714,0.000297,0.000316
103700,0.000613,0.000971,0.003077,0.006488,0.001132,0.000997,0.000997,0.002136,0.002382,0.000765,0.000303,0.000313
103800,0.000593,0.000985,0.003075,0.006347,0.001140,0.000998,0.001001,0.002075,0.002483,0.000616,0.000334,0.000291
103900,0.000595,0.000947,0.003077,0.006639,0.001146,0.000997,0.000995,0.002144,0.002464,0.000653,0.000282,0.000307
104000,0.000584,0.000961,0.003078,0.007407,0.001148,0.000998,0.000999,0.002093,0.002283,0.000570,0.000302,0.000306
104100,0.000573,0.000924,0.003073,0.006632,0.001121,0.000999,0.000995,0.002128,0.002538,0.000656,0.000297,0.000288
104200,0.000603,0.000970,0.003079,0.007021,0.001141,0.001001,0.000999,0.002091,0.002460,0.000657,0.000287,0.000299
104300,0.000565,0.000945,0.003071,0.006105,0.001139,0.000995,0.000995,0.002110,0.002474,0.000626,0.000312,0.000317
104400,0.000574,0.000952,0.003080,0.006767,0.001132,0.000996,0.000999,0.002119,0.002475,0.000568,0.000296,0.000314
104500,0.000571,0.000953,0.003070,0.006552,0.001138,0.000998,0.000995,0.002088,0.002616,0.000664,0.000284,0.000284
104600,0.000577,0.001040,0.003081,0.007794,0.001134,0.000998,0.000995,0.002141,0.002270,0.000640,0.000278,0.000305
104700,0.000619,0.000937,0.003073,0.006512,0.001126,0.000997,0.000997,0.002131,0.002590,0.000686,0.000278,0.000289
104800,0.000618,0.000968,0.003075,0.006475,0.001136,0.001000,0.001001,0.002118,0.002177,0.000619,0.000302,0.000284
104900,0.000587,0.001018,0.003077,0.007438,0.001113,0.000999,0.001000,0.002171,0.002401,0.000629,0.000308,0.000315
105000,0.000598,0.000932,0.003077,0.005914,0.001127,0.000995,0.000997,0.002115,0.002662,0.000707,0.000272,0.000292
105100,0.000584,0.001015,0.003084,0.007418,0.001136,0.000996,0.000997,0.002137,0.002517,0.000637,0.000276,0.000292
105200,0.000573,0.000922,0.003076,0.006763,0.001125,0.000997,0.000998,0.002134,0.002552,0.000608,0.000272,0.000289
105300,0.000550,0.000979,0.003083,0.006657,0.001139,0.000997,0.000995,0.002135,0.002409,0.000625,0.000267,0.000298
105400,0.000583,0.001009,0.003078,0.007475,0.001148,0.000999,0.000996,0.002085,0.002184,0.000649,0.000298,0.000295
105500,0.000603,0.000994,0.003074,0.006051,0.001134,0.000997,0.000999,0.002162,0.003037,0.000628,0.000293,0.000296
105600,0.000580,0.001022,0.003075,0.007306,0.001118,0.000996,0.000995,0.002130,0.002554,0.000701,0.000288,0.000292
105700,0.000603,0.000974,0.003079,0.006962,0.001136,0.000997,0.000997,0.002138,0.002214,0.000712,0.000293,0.000281
105800,0.000572,0.000917,0.003072,0.006912,0.001141,0.000996,inf,0.002082,0.002449,0.000590,0.000308,0.000294
105900,0.000609,0.000958,0.003084,0.005654,0.001139,0.000998,0.000999,0.002139,0.002729,0.000638,0.000292,0.000296
106000,0.000596,0.001013,0.003074,0.006235,0.001137,0.000998,0.001001,0.002131,0.002685,0.000608,0.000285,0.000280
106100,0.000582,0.000979,0.003079,0.006055,0.001137,0.000999,0.000998,0.002136,0.002398,0.000666,0.000285,0.000292
106200,0.000585,0.001002,0.003078,0.006976,0.001153,0.000997,0.000999,0.002157,0.002531,0.000731,0.000294,0.000283
106300,0.000584,0.000974,0.003077,0.005734,0.001138,0.000996,0.000995,0.002029,0.002236,0.000647,0.000299,0.000283
106400,0.000581,0.000973,0.003072,0.007666,0.001138,0.000996,0.000998,0.002112,0.002476,0.000628,0.000280,0.000294
106500,0.000592,0.001102,0.003077,0.006432,0.001132,0.000996,0.000997,0.002152,0.002348,0.000642,0.000292,0.000287
106600,0.000573,0.000988,0.003072,0.006278,0.001133,0.000996,0.000997,0.002144,0.002444,0.000630,0.000267,0.000297
106700,0.000602,0.001004,0.003086,0.007414,0.001133,0.000995,0.000995,0.002131,0.002527,0.000579,0.000289,0.000291
106800,0.000577,0.000979,0.003080,0.006319,0.001131,0.001002,0.001000,0.002167,0.002343,0.000668,0.000287,0.000292
106900,0.000606,0.000964,0.003076,0.006009,0.001127,0.001000,0.000995,0.002161,0.002843,0.000608,0.000276,0.000289
107000,0.000583,0.000981,0.003078,0.006014,0.001152,0.000994,0.000996,0.002159,0.002322,0.000580,0.000275,0.000305
107100,0.000590,0.000947,0.003076,0.006972,0.001144,0.000999,0.000999,0.002127,0.002203,0.000639,0.000249,0.000272
107200,0.000575,0.000963,0.003075,0.006993,0.001146,0.000995,0.000994,0.002174,0.002644,0.000627,0.000281,0.000274
107300,0.000595,0.000916,0.003078,0.007507,0.001129,0.000994,0.000995,0.002114,0.002570,0.000661,0.000281,0.000278
107400,0.000592,0.000970,0.003075,0.006298,0.001156,0.001001,0.000999,0.002145,0.002226,0.000665,0.000265,0.000279
107500,0.000513,0.001002,0.003075,0.006253,0.001129,0.000996,0.000997,0.002134,0.002287,0.000647,0.000273,0.000287
107600,0.000611,0.000913,0.003079,0.006608,0.001143,0.000996,0.000995,0.002090,0.002544,0.000656,0.000299,0.000292
107700,0.000599,0.000973,0.003079,0.006944,0.001138,0.000997,0.000997,0.002146,0.002681,0.000729,0.000251,0.000285
107800,0.000592,0.000986,0.003076,0.006738,0.001133,0.000996,0.000998,0.002145,0.002248,0.000605,0.000266,0.000279
107900,0.000613,0.000969,0.003086,0.006972,0.001138,0.001002,0.001002,0.002145,0.002701,0.000548,0.000283,0.000279
108000,0.000584,0.001006,0.003075,0.007944,0.001135,0.000996,0.000999,0.002109,0.002249,0.000696,0.000255,0.000279
108100,0.000603,0.001009,0.003076,0.007286,0.001143,0.001000,0.001000,0.002153,0.002586,inf,0.000258,0.000272
108200,0.000549,0.000953,0.003076,0.007030,0.001134,0.000997,0.000997,0.002101,0.002466,0.000686,0.000289,0.000281
108300,0.000605,0.000955,0.003074,0.007388,0.001151,0.000998,0.000997,0.002101,0.002414,0.000673,0.000270,0.000269
108400,0.000598,0.000905,0.003082,0.006782,0.001139,0.001000,0.000996,0.002108,0.002547,0.000769,0.000274,0.000263
108500,0.000620,0.000919,0.003076,0.006456,0.001140,0.000998,0.000996,0.002155,0.002282,0.000665,0.000244,0.000271
108600,0.000590,0.001009,0.003079,0.007342,0.001145,0.000994,0.000995,0.002138,0.002515,0.000686,0.000255,0.000275
108700,0.000545,0.000951,0.003076,0.005656,0.001150,0.000999,0.000999,0.002123,0.002373,0.000692,0.000257,0.000272
108800,0.000565,0.000960,0.003075,0.008046,0.001143,0.000997,0.000999,0.002139,0.002183,0.000596,0.000269,0.000268
108900,0.000606,0.000965,0.003075,0.006573,0.001145,0.000998,0.000996,0.002092,0.002474,0.000625,0.000261,0.000267
109000,0.000605,0.001024,0.003075,0.006250,0.001139,0.000996,0.000998,0.002154,0.002222,0.000627,0.000242,0.000277
109100,0.000642,0.000901,0.003082,0.005942,0.001131,0.001000,0.000998,0.002137,0.002677,0.000630,0.000247,0.000272
109200,0.000605,0.000943,0.003076,0.006109,0.001154,0.000996,0.000995,0.002167,0.002206,0.000611,0.000280,0.000270
109300,0.000567,0.000954,0.003081,0.007145,0.001130,0.000999,0.000999,0.002127,0.002841,0.000722,0.000253,0.000268
109400,0.000616,0.000953,0.003076,0.006536,0.001141,0.000995,0.001000,0.002131,0.002609,0.000606,0.000258,0.000283
109500,0.000603,0.000944,0.003081,0.006582,0.001129,0.000998,0.000996,0.002128,0.002418,0.000703,0.000260,0.000274
109600,0.000588,0.000949,0.003074,0.006793,0.001146,0.000995,0.000997,0.002110,0.002378,0.000643,0.000269,0.000266
109700,0.000575,0.000973,0.003074,0.006189,0.001139,0.000996,0.001000,0.002108,0.002534,0.000540,0.000264,0.000270
109800,0.000589,0.001003,0.003077,0.006979,0.001144,0.001001,0.000998,0.002146,0.002318,0.000707,0.000265,0.000258
109900,0.000634,0.000897,0.003073,0.006782,0.001135,0.000995,0.000996,0.002152,0.002932,0.000743,0.000255,0.000277
110000,0.000618,0.000976,0.003082,0.007266,0.001136,0.000999,0.001001,0.002148,0.002270,0.000707,0.000286,0.000253
110100,0.000621,0.000935,0.003076,0.007474,0.001138,0.000999,0.000996,0.002162,0.002442,0.000648,0.000272,0.000250
110200,0.000632,0.000879,0.003077,0.005838,0.001141,0.000998,0.000995,0.002126,0.002711,0.000709,0.000283,0.000252
110300,0.000597,0.000986,0.003078,0.007598,0.001140,0.000996,0.000998,0.002170,0.002441,0.000695,0.000268,0.000282
110400,0.000595,0.000972,0.003077,0.006786,0.001121,0.000999,0.001000,0.002099,0.002789,0.000582,0.000260,0.000264
110500,0.000594,0.001034,0.003072,0.006586,0.001134,0.000997,0.000998,0.002154,0.002277,0.000591,0.000225,0.000260
110600,0.000592,0.000959,0.003081,0.007236,0.001144,0.000994,0.000999,0.002097,0.002505,0.000634,0.000276,0.000258
110700,0.000614,0.000988,0.003073,0.006566,0.001144,0.001000,0.000998,0.002156,0.002455,0.000666,0.000278,0.000252
110800,0.000611,0.000921,0.003084,0.006331,0.001153,0.000995,0.001001,0.002152,0.002214,0.000603,0.000264,0.000275
110900,0.000638,0.000954,0.003074,0.006949,0.001133,0.000992,0.000995,0.002128,0.002331,0.000671,0.000248,0.000277
111000,0.000592,0.000971,0.003077,0.007016,0.001135,0.000997,0.000997,0.002116,0.002385,0.000626,0.000275,0.000265
111100,0.000552,0.000964,0.003076,0.006971,0.001142,0.000998,0.000999,0.002082,0.002533,0.000673,0.000266,0.000286
111200,0.000578,0.000922,0.003079,0.007193,0.001133,0.000995,0.000994,0.002145,0.002180,0.000684,0.000268,0.000283
111300,0.000609,0.000948,0.003077,0.006506,0.001177,0.001000,0.000999,0.002139,0.002204,0.000708,0.000250,0.000263
111400,0.000577,0.001017,0.003065,0.007029,0.001135,0.000998,0.000999,0.002165,0.002490,0.000564,0.000259,0.000260
111500,0.000569,0.001056,0.003075,0.007270,0.001128,0.000996,0.000997,0.002127,0.002208,0.000736,0.000245,0.000274
111600,0.000594,0.000983,0.003074,0.007362,0.001132,0.000997,0.001000,0.002171,0.002210,0.000648,0.000262,0.000264
111700,0.000589,0.000967,0.003080,0.006524,0.001123,0.000997,0.000999,0.002159,0.002357,0.000559,0.000259,0.000262
111800,0.000634,0.001004,0.003080,0.006132,0.001134,0.001002,0.001001,0.002150,0.002200,0.000643,0.000239,0.000283
111900,0.000607,0.001010,0.003080,0.006264,0.001134,0.000997,0.000994,0.002116,0.002235,0.000585,0.000257,0.000262
112000,0.000591,0.000918,0.003077,0.007330,0.001140,0.000998,0.000997,0.002117,0.002739,0.000653,0.000250,0.000260
112100,0.000607,0.001004,0.003073,0.006435,0.001135,0.000996,0.000998,0.002132,0.002877,0.000625,0.000254,0.000280
112200,0.000633,0.000980,0.003077,0.006447,0.001142,0.000999,0.000995,0.002094,0.002714,0.000667,0.000234,0.000246
112300,0.000598,0.000933,0.003074,0.006533,0.001143,0.000996,0.000997,0.002152,0.002475,0.000582,0.000257,0.000253
112400,0.000600,0.000938,0.003079,0.006764,0.001125,0.000995,0.000997,0.002147,0.002690,0.000644,0.000238,0.000255
112500,0.000587,0.000993,0.003075,0.006536,0.001132,0.000995,0.000995,0.002124,0.002267,0.000648,0.000269,0.000250
112600,0.000601,0.000923,0.003077,0.006968,0.001143,0.000997,0.000997,0.002161,0.002864,0.000613,0.000252,0.000252
112700,0.000592,0.000904,0.003068,0.006950,0.001138,0.000999,0.000997,0.002160,0.002599,0.000651,0.000256,0.000261
112800,0.000612,0.000948,0.003085,0.005865,0.001135,0.000995,0.000998,0.002131,0.002324,0.000743,0.000231,0.000256
112900,0.000577,0.000981,0.003074,0.006549,0.001137,0.000997,0.000995,0.002144,0.002676,0.000658,0.000274,0.000264
113000,0.000578,0.000987,0.003077,0.006720,0.001139,0.000999,0.000999,0.002109,0.002272,0.000562,0.000260,0.000246
113100,0.000567,0.000925,0.003077,0.006161,0.001129,0.000995,0.000994,0.002116,0.002590,0.000667,0.000241,0.000253
113200,0.000623,0.001010,0.003077,0.005721,0.001139,0.000992,0.000995,0.002115,0.002265,0.000611,0.000252,0.000263
113300,0.000585,0.000895,0.003080,0.005863,0.001142,0.000999,0.001002,0.002132,0.002292,0.000664,0.000252,0.000240
113400,0.000575,0.000941,0.003077,0.006992,0.001132,0.000995,0.000997,0.002122,0.002538,0.000651,0.000259,0.000271
113500,0.000606,0.001033,0.003082,0.006443,0.001133,0.001000,0.000997,0.002130,0.002538,0.000662,0.000236,0.000258
113600,0.000589,0.000946,0.003077,0.006792,0.001144,0.000997,0.000999,0.002158,0.002957,0.000659,0.000242,0.000269
113700,0.000597,0.000996,0.003074,0.008158,0.001139,0.000999,0.000996,0.002137,0.002296,0.000580,0.000254,0.000262
113800,0.000598,0.000978,0.003078,0.006917,0.001129,0.000999,0.000999,0.002138,0.002394,0.000575,0.000238,0.000260
113900,0.000603,0.000921,0.003077,0.007361,0.001130,0.000994,0.000999,0.002166,0.002467,0.000611,0.000250,0.000245
114000,0.000591,0.000944,0.003076,0.007448,0.001140,0.000999,0.000999,0.002154,0.002342,0.000619,0.000220,0.000246
114100,0.000602,0.000954,0.003076,0.006487,0.001129,0.000996,0.000991,0.002129,0.002581,0.000617,0.000246,0.000253
114200,0.000612,0.000989,0.003081,0.007264,0.001133,0.000995,0.000995,0.002149,0.002402,0.000643,0.000227,0.000251
114300,0.000580,0.000950,0.003076,0.008393,0.001134,0.000998,0.000999,0.002108,0.002619,0.000654,0.000252,0.000252
114400,0.000584,0.000928,0.003084,0.005953,0.001141,0.000998,0.000996,0.002137,0.002240,0.000662,0.000235,0.000250
114500,0.000594,0.001036,0.003071,0.007099,0.001144,0.000997,0.000995,0.002097,0.002335,0.000703,0.000259,0.000254
114600,0.000582,0.000948,0.003077,0.006950,0.001133,0.001000,0.000999,0.002110,0.002765,0.000585,0.000231,0.000244
114700,0.000593,0.000975,0.003077,0.006602,0.001149,0.000998,0.000997,0.002163,0.002231,0.000661,0.000217,0.000240
114800,0.000597,0.000993,0.003072,0.006163,0.001142,0.000997,0.000997,0.002165,0.002350,0.000660,0.000235,0.000261
114900,0.000550,0.000992,0.003080,0.007762,0.001134,0.000996,0.000997,0.002193,0.002832,0.000657,0.000248,0.000248
115000,0.000601,0.000903,0.003078,0.007378,0.001124,0.000996,0.000998,0.002134,0.002570,0.000682,0.000234,0.000253
115100,0.000618,0.000983,0.003082,0.006925,0.001125,0.000993,0.000997,0.002139,0.002429,0.000615,0.000271,0.000249
115200,0.000638,0.000963,0.003075,0.006060,0.001134,0.000995,0.001000,0.002112,0.002626,0.000663,0.000231,0.000239
115300,0.000623,0.000961,0.003076,0.005928,0.001130,0.000999,0.001000,0.002101,0.002502,0.000560,0.000256,0.000251
115400,0.000606,0.001099,0.003078,0.007709,0.001137,0.000996,0.000997,0.002146,0.002356,0.000586,0.000245,0.000262
115500,0.000608,0.001009,0.003072,0.007145,0.001149,0.000999,0.000995,0.002143,0.002416,0.000594,0.000263,0.000247
115600,0.000617,0.000989,0.003077,0.007233,0.001132,0.000998,0.001000,0.002131,0.002189,0.000634,0.000273,0.000250
115700,0.000586,0.000996,0.003079,0.006088,0.001160,0.001000,0.001005,0.002136,0.002174,0.000601,0.000230,0.000254
115800,0.000576,0.000985,0.003074,0.006561,0.001140,0.000996,0.000996,0.002115,0.002453,0.000733,0.000236,0.000264
115900,0.000582,0.000963,0.003082,0.006455,0.001142,0.000999,0.000998,0.002118,0.002468,0.000710,0.000250,0.000231
116000,0.000592,0.001067,0.003073,0.006205,0.001131,0.000998,0.000998,0.002151,0.002752,0.000655,0.000266,0.000248
116100,0.000633,0.000857,0.003078,0.007325,0.001140,0.000994,0.000995,0.002158,0.002475,0.000675,0.000228,0.000243
116200,0.000604,0.000990,0.003081,0.007061,0.001134,0.000997,0.000996,0.002158,0.002408,0.000674,0.000237,0.000242
116300,0.000606,0.001019,0.003074,0.005931,0.001144,0.000995,0.000997,0.002126,0.002179,0.000656,0.000236,0.000233
116400,0.000623,0.001009,0.003075,0.008530,0.001144,0.000996,0.000996,0.002125,0.002167,0.000644,0.000267,0.000259
116500,0.000564,0.000941,0.003085,0.006449,0.001136,0.000998,0.000996,0.002109,0.002759,0.000640,0.000239,0.000233
116600,0.000609,0.000913,0.003081,0.006758,0.001139,0.000999,0.001001,0.002132,0.002298,0.000629,0.000214,0.000230
116700,0.000588,0.000959,0.003079,0.006415,0.001148,0.000998,0.000997,0.002118,0.002464,0.000674,0.000235,0.000245
116800,0.000580,0.000971,0.003075,0.005831,0.001136,0.000998,0.000998,0.002140,0.002213,0.000659,0.000257,0.000240
116900,0.000560,0.000901,0.003075,0.006715,0.001136,0.000998,0.000998,0.002112,0.002814,0.000645,0.000239,0.000265
117000,0.000599,0.000964,0.003073,0.007026,0.001121,0.000994,0.000996,0.002135,0.002409,0.000556,0.000232,0.000248
117100,0.000585,0.000889,0.003076,0.006595,0.001134,0.000995,0.000995,0.002172,0.002433,0.000619,0.000242,0.000233
117200,0.000634,0.000972,0.003074,0.007234,0.001146,0.001001,0.001001,0.002108,0.002321,0.000663,0.000216,0.000247
117300,0.000598,0.000948,0.003075,0.007829,0.001123,0.000998,0.000996,0.002121,0.002528,0.000647,0.000222,0.000249
117400,0.000611,0.001030,0.003080,0.007024,0.001130,0.000996,0.000995,0.002131,0.002196,0.000600,0.000239,0.000232
117500,0.000613,0.000923,0.003080,0.007177,0.001141,0.000996,0.000996,0.002161,0.002388,0.000695,0.000208,0.000228
117600,0.000604,0.000950,0.003074,0.006292,0.001134,0.000995,0.000996,0.002134,0.002360,0.000441,0.000220,0.000244
117700,0.000612,0.000968,0.003090,0.006742,0.001136,0.001000,0.000998,0.002232,0.002505,0.000606,0.000247,0.000261
117800,0.000580,0.000969,0.003075,0.006818,0.001139,0.000997,0.000997,0.002113,0.002526,0.000674,0.000236,0.000230
117900,0.000565,0.001015,0.003076,0.007530,0.001135,0.000998,0.001000,0.002111,0.002427,0.000596,0.000246,0.000226
118000,0.000591,0.000953,0.003076,0.006282,0.001151,0.000995,0.000996,0.002138,0.002433,0.000603,0.000239,0.000241
118100,0.000589,0.000974,0.003076,0.006787,0.001140,0.000996,0.000998,0.002133,0.002196,0.000649,0.000233,0.000234
118200,0.000573,0.000927,0.003085,0.006720,0.001140,0.000998,0.000999,0.002167,0.002621,0.000660,0.000220,0.000239
118300,0.000575,0.001028,0.003076,0.006110,0.001136,0.000996,0.000997,0.002122,0.002418,0.000660,0.000245,0.000238
118400,0.000643,0.001045,0.003079,0.007471,0.001135,0.000995,0.000998,0.002128,0.002607,0.000608,0.000228,0.000230
118500,0.000595,0.001037,0.003080,0.006942,0.001139,0.000999,0.001000,0.002086,0.002222,0.000696,0.000230,0.000237
118600,0.000592,0.000939,0.003075,0.007069,0.001137,0.000998,0.000999,0.002114,0.002656,0.000683,0.000216,0.000220
118700,0.000607,0.000950,0.003073,0.007550,0.001132,0.000996,0.000995,0.002125,0.002233,0.000685,0.000232,0.000249
118800,0.000583,0.000985,0.003078,0.007184,0.001148,0.000998,0.000996,0.002132,0.002206,0.000681,0.000243,0.000227
118900,0.000611,0.000973,0.003060,0.007416,0.001123,0.000998,0.001001,0.002149,0.002285,0.000592,0.000290,0.000236
119000,0.000575,0.001026,0.003079,0.005654,0.001138,0.000995,0.000995,0.002133,0.002163,0.000685,0.000239,0.000233
119100,0.000581,0.000918,0.003078,0.006494,0.001141,0.000994,0.001001,0.002144,0.002121,0.000626,0.000236,0.000241
119200,0.000582,0.000988,0.003075,0.006822,0.001145,0.000999,0.000994,0.002124,0.003223,0.000638,0.000219,0.000239
119300,0.000627,0.000987,0.003084,0.007780,0.001129,0.000995,0.000996,0.002123,0.002414,0.000627,0.000213,0.000226
119400,0.000567,0.001037,0.003071,0.007583,0.001132,0.000998,0.000997,0.002109,0.002241,0.000813,0.000209,0.000250
119500,0.000594,0.001009,0.003075,0.006428,0.001137,0.000997,0.000999,0.002141,0.002215,0.000581,0.000225,0.000230
119600,0.000608,0.000980,0.003078,0.007413,0.001161,0.000998,0.001000,0.002152,0.002426,0.000688,0.000237,0.000256
119700,0.000592,0.000922,0.003077,0.006445,0.001136,0.000997,0.000995,0.002164,0.002608,0.000648,0.000217,0.000230
119800,0.000585,0.000966,0.003084,0.006745,0.001136,0.000998,0.000998,0.002120,0.002463,0.000698,0.000237,0.000249
119900,0.000613,0.000949,0.003077,0.006922,0.001128,0.000999,0.000997,0.002124,0.002569,0.000667,0.000221,0.000235
120000,0.000590,0.000946,0.003075,0.007296,0.001131,0.000997,0.000997,0.002139,0.002249,0.000648,0.000233,0.000214
120100,0.000607,0.000972,0.003078,0.006763,0.001143,0.001001,0.000997,0.002141,0.002194,0.000659,0.000215,0.000226
120200,0.000590,0.001059,0.003076,0.007071,0.001139,0.000998,0.000999,0.002117,0.002315,0.000653,0.000246,0.000245
120300,0.000658,0.000959,0.003073,0.006915,0.001140,0.000998,0.000999,0.002177,0.002150,0.000554,0.000218,0.000227
120400,0.000554,0.001060,0.003076,0.006766,0.001140,0.000995,0.000994,0.002137,0.002454,0.000644,0.000230,0.000234
120500,0.000643,0.000974,0.003075,0.006991,0.001148,0.000998,0.000999,0.002115,0.002173,0.000651,0.000225,0.000240
120600,0.000594,0.001072,0.003082,0.006773,0.001149,0.000998,0.000997,0.002138,0.002551,0.000646,0.000218,0.000226
120700,inf,0.001009,0.003077,0.007934,0.001128,0.000996,0.000995,0.002146,0.002159,0.000615,0.000211,0.000245
120800,0.000634,0.000949,0.003077,0.006346,0.001134,0.000998,0.000999,0.002117,0.002079,0.000626,0.000218,0.000252
120900,0.000616,0.000994,0.003072,0.006201,0.001129,0.000995,0.000995,0.002114,0.002329,0.000581,0.000236,0.000256
121000,0.000614,0.000989,0.003080,0.006248,0.001116,inf,0.000997,0.002107,0.002486,0.000643,0.000239,0.000242
121100,0.000592,0.000899,0.003077,0.006790,0.001132,0.000998,0.001002,0.002105,0.002174,0.000659,0.000247,0.000230
121200,0.000547,0.001026,0.003066,0.007228,0.001141,0.000998,0.000999,0.002139,0.002115,0.000619,0.000213,0.000230
121300,0.000592,0.001040,0.003075,0.007655,0.001144,0.000996,0.000996,0.002132,0.002729,0.000635,0.000235,0.000235
121400,0.000562,0.000977,0.003074,0.006435,0.001139,0.000998,0.000995,0.002113,0.002686,0.000689,0.000225,0.000232
121500,0.000626,0.000948,0.003082,0.006892,0.001133,0.000997,0.000998,0.002173,0.002624,0.000692,0.000236,0.000218
121600,0.000594,0.000986,0.003074,0.006769,0.001122,0.000998,0.001000,0.002122,0.002413,0.000698,0.000230,0.000231
121700,0.000597,0.000977,0.003079,0.006740,0.001133,0.000997,0.000994,0.002093,0.002247,0.000673,0.000227,0.000216
121800,0.000570,0.000952,0.003076,0.007018,0.001131,0.001003,0.001000,0.002090,0.002683,0.000630,0.000257,0.000237
121900,0.000556,0.000962,0.003072,0.007662,0.001132,0.000996,0.000999,0.002132,0.002561,0.000643,0.000248,0.000212
122000,0.000622,0.000956,0.003078,0.007260,0.001131,0.000995,0.000998,0.002225,0.002437,0.000767,0.000223,0.000233
122100,0.000585,0.000991,0.003071,0.006378,0.001130,0.000999,0.000996,0.002132,0.002596,0.000682,0.000220,0.000222
122200,0.000583,0.001019,0.003079,0.006757,0.001140,0.000998,0.000997,0.002115,0.002528,0.000690,0.000209,0.000212
122300,0.000575,0.001002,0.003078,0.006964,0.001134,0.000997,0.000997,0.002146,0.002242,0.000648,0.000252,0.000234
122400,0.000564,0.000939,0.003077,0.007022,0.001116,0.000995,0.000998,0.002113,0.002234,0.000583,0.000219,0.000216
122500,0.000621,0.001003,0.003082,0.006430,0.001135,0.001000,0.000997,0.002123,0.002291,0.000704,0.000210,0.000226
122600,0.000639,0.000891,0.003094,0.006272,0.001146,0.001001,0.000995,0.002091,0.002286,0.000777,0.000225,0.000218
122700,0.000574,0.000979,0.003076,0.007633,0.001132,0.000995,0.000999,0.002147,0.002177,0.000581,0.000221,0.000219
122800,0.000593,0.000902,0.003076,0.006614,0.001134,0.001000,0.000999,0.002157,0.002506,0.000638,0.000247,0.000225
122900,0.000584,0.000965,0.003077,0.006739,0.001121,0.000993,0.000995,0.002126,0.002456,0.000636,0.000228,0.000236
123000,0.000618,0.001002,0.003075,0.006784,0.001148,0.000996,inf,0.002134,0.002635,0.000653,0.000211,0.000223
123100,0.000595,0.001045,0.003083,0.006943,0.001138,0.001002,0.000998,0.002115,0.002196,0.000584,0.000226,0.000226
123200,0.000608,0.000938,0.003076,0.006513,0.001131,0.000997,0.000997,0.002133,0.003248,0.000674,0.000221,0.000218
123300,0.000621,0.000983,0.003080,0.006444,0.001141,0.000996,0.000996,0.002173,0.002578,0.000674,0.000215,0.000221
123400,0.000606,0.000988,0.003075,0.006803,0.001132,0.000998,0.000999,0.002165,0.002625,0.000685,0.000214,0.000227
123500,0.000620,0.001016,0.003075,0.007597,0.001149,0.001000,0.001000,0.002127,inf,0.000607,0.000219,0.000231
123600,0.000574,0.000973,0.003076,0.006618,0.001157,0.000994,0.000992,0.002130,0.002231,0.000660,0.000239,0.000222
123700,0.000605,0.000959,0.003077,0.006444,0.001139,0.001000,0.000999,0.002189,0.002741,0.000649,0.000205,0.000225
123800,0.000599,0.000940,0.003078,0.006570,0.001142,0.000998,0.000999,0.002109,0.002355,0.000596,0.000227,0.000230
123900,0.000599,0.001003,0.003071,0.006607,0.001130,0.000995,0.000994,0.002143,0.002925,0.000603,0.000258,0.000224
124000,0.000614,0.000998,0.003081,0.006084,0.001131,0.000997,0.000996,0.002106,0.002539,0.000657,0.000208,0.000226
124100,0.000616,0.001009,0.003078,0.006781,0.001156,0.000998,0.000998,0.002115,0.002667,0.000641,0.000222,0.000224
124200,0.000606,0.001019,0.003081,0.007595,0.001129,0.000996,0.000995,0.002136,0.002333,0.000661,0.000231,0.000225
124300,0.000575,0.000982,0.003070,0.006295,0.001131,0.000996,0.000999,0.002113,0.002674,0.000713,0.000220,0.000231
124400,0.000601,0.000957,0.003078,0.006951,0.001143,0.001002,0.001003,0.002152,0.002413,0.000631,0.000249,0.000227
124500,0.000576,0.000947,0.003075,0.007068,0.001150,0.000998,0.000998,0.002173,0.002545,0.000697,0.000237,0.000223
124600,0.000598,0.001008,0.003079,0.006609,0.001137,0.000997,0.000997,0.002133,0.002476,0.000729,0.000230,0.000214
124700,0.000594,0.000942,0.003081,0.005810,0.001139,0.000994,0.000995,0.002129,0.002259,0.000563,0.000218,0.000239
124800,0.000605,0.000982,0.003079,0.006762,0.001137,0.000995,0.000998,0.002110,0.002335,0.000610,0.000229,0.000220
124900,0.000609,0.000990,0.003078,0.007742,0.001136,0.000995,0.000997,0.002138,0.002780,0.000591,0.000252,0.000223
125000,0.000615,0.000982,0.003077,0.006517,0.001147,0.000996,0.001001,0.002106,0.002383,0.000628,0.000221,0.000221
125100,0.000581,0.000982,0.003075,0.005013,0.001148,0.001002,0.000997,0.002151,0.002206,0.000638,0.000215,0.000231
125200,0.000631,0.000994,0.003078,0.006318,0.001138,0.000998,0.000994,0.002135,0.002768,0.000657,0.000232,0.000209
125300,0.000604,0.000959,0.003072,0.007420,0.001129,0.000994,0.000997,0.002130,0.002273,0.000673,0.000204,0.000213
125400,0.000588,0.000974,0.003077,0.006997,0.001125,0.000998,0.000999,0.002141,0.002376,0.000657,0.000208,0.000210
125500,0.000641,0.000961,0.003082,0.007352,0.001128,0.001002,0.000998,0.002135,0.002577,0.000663,0.000201,0.000216
125600,0.000594,0.001011,0.003071,0.005656,0.001129,0.000996,0.000998,0.002077,0.002207,0.000712,0.000208,0.000229
125700,0.000597,0.000877,0.003079,0.006975,0.001140,0.001001,0.000999,0.002173,0.002467,0.000678,0.000204,0.000209
125800,0.000580,0.000983,0.003077,0.006962,0.001143,0.000997,0.000998,0.002061,0.002221,0.000650,0.000205,0.000225
125900,0.000604,0.000926,0.003076,0.005785,0.001143,0.000996,0.000997,0.002122,0.002376,0.000672,0.000218,0.000217
126000,0.000631,0.000982,0.003072,0.007128,0.001141,0.000998,0.000997,0.002123,0.002216,0.000595,0.000226,0.000225
126100,0.000598,0.000968,0.003079,0.006076,0.001134,0.000996,0.000998,0.002121,0.002370,0.000643,0.000209,0.000220
126200,0.000578,0.000947,0.003077,0.006934,0.001137,0.000996,0.000995,0.002126,0.002320,0.000686,0.000231,0.000220
126300,0.000584,0.001008,0.003079,0.007378,0.001134,0.000994,0.000999,0.002132,0.002172,0.000531,0.000240,0.000224
126400,0.000592,0.000858,0.003081,0.006969,0.001140,0.001002,0.001003,0.002121,0.002616,0.000620,0.000223,0.000216
126500,0.000585,0.000947,0.003077,0.005959,0.001143,0.000997,0.000995,0.002113,0.002344,0.000675,0.000223,0.000223
126600,0.000609,0.000959,0.003074,0.006784,0.001133,0.000998,0.000996,0.002139,0.002459,0.000556,0.000210,0.000226
126700,0.000565,0.000945,0.003083,0.006118,0.001143,0.000996,0.001000,0.002096,0.002135,0.000620,0.000207,0.000213
126800,0.000569,0.000945,0.003075,0.008016,0.001141,0.000995,0.000997,0.002090,0.002466,0.000580,0.000234,0.000223
126900,0.000592,0.000976,0.003078,0.006347,0.001136,0.000996,0.000996,0.002131,0.002213,0.000702,0.000212,0.000221
127000,0.000588,0.000951,0.003073,0.006221,0.001128,0.000998,0.001003,0.002098,0.002650,0.000650,0.000225,0.000215
127100,0.000597,0.000888,0.003079,0.005877,0.001143,0.000998,0.000998,0.002093,0.002697,0.000686,0.000199,0.000230
127200,0.000594,0.000926,0.003078,0.005786,0.001131,0.000994,0.000998,0.002119,0.002278,0.000786,0.000228,0.000228
127300,0.000573,0.000969,0.003077,0.006965,0.001157,0.000999,0.000997,0.002151,0.002470,0.000628,0.000203,0.000214
127400,0.000591,0.001037,0.003076,0.006557,0.001138,0.000996,0.000997,0.002100,0.002215,0.000671,0.000211,0.000226
127500,0.000649,0.000983,0.003085,0.007677,0.001147,0.001003,0.000998,0.002234,0.002404,0.000615,0.000234,0.000218
127600,0.000625,0.001010,0.003074,0.007375,0.001130,0.000996,0.000998,0.002132,0.002571,0.000609,0.000214,0.000209
127700,0.000584,0.000957,0.003076,0.006762,0.001136,0.000999,0.001001,0.002121,0.002735,0.000724,0.000202,0.000217
127800,0.000569,0.000989,0.003079,0.007304,0.001124,0.000998,0.000998,0.002112,0.002411,0.000739,0.000244,0.000198
127900,0.000605,0.001006,0.003076,0.006439,0.001142,0.001000,0.000993,0.002124,0.002678,0.000615,0.000205,0.000217
128000,0.000640,0.000967,0.003081,0.007381,0.001150,0.000997,0.000998,0.002116,0.002460,0.000652,0.000224,0.000212
128100,0.000576,0.000984,0.003076,0.006412,0.001142,0.000994,0.000995,0.002134,0.002366,0.000585,0.000200,0.000232
128200,0.000572,0.000978,0.003079,0.007203,0.001140,0.000996,0.000995,0.002156,0.002402,0.000648,0.000204,0.000225
128300,0.000598,0.000962,0.003080,0.007380,0.001133,0.001000,0.001000,0.002102,0.002514,0.000630,0.000216,0.000216
128400,0.000576,0.001006,0.003074,0.007034,0.001139,0.000996,0.000997,0.002148,0.002265,0.000596,0.000207,0.000213
128500,0.000587,0.000956,0.003076,0.006765,0.001132,0.000997,0.000996,0.002153,0.002543,0.000592,0.000201,0.000222
128600,0.000588,0.000922,0.003077,0.006154,0.001140,0.000997,0.000995,0.002121,0.002362,0.000616,0.000190,0.000208
128700,0.000587,0.000932,0.003075,0.007617,0.001126,0.001000,0.000997,0.002125,0.002562,0.000628,0.000233,0.000208
128800,0.000565,0.000978,0.003070,0.007765,0.001131,0.000996,0.000995,0.002096,0.002466,0.000581,0.000206,0.000220
128900,0.000594,0.000946,0.003077,0.007351,0.001138,0.000997,0.000999,0.002167,0.002262,0.000615,0.000211,0.000226
129000,0.000609,0.000949,0.003072,0.005947,0.001131,0.001001,0.000999,0.002130,0.003011,0.000780,0.000218,0.000212
129100,0.000588,0.000944,0.003088,0.006524,0.001141,0.000996,0.000997,0.002168,0.002459,0.000650,0.000208,0.000211
129200,0.000603,0.000960,0.003073,0.006927,0.001140,0.000997,0.000995,0.002145,0.002261,0.000651,0.000209,0.000221
129300,0.000581,0.000950,0.003075,0.007183,0.001139,0.000997,0.001004,0.002117,0.002489,0.000604,0.000201,0.000205
129400,0.000638,0.000933,0.003080,0.005719,0.001144,0.001001,0.000999,0.002172,0.002614,0.000665,0.000200,0.000216
129500,0.000618,0.000971,0.003075,0.005787,0.001136,0.000996,0.000998,0.002138,0.002306,0.000648,0.000197,0.000216
129600,0.000556,0.001087,0.003082,0.006229,0.001137,0.001002,0.001000,0.002136,0.002398,0.000658,0.000218,0.000208
129700,0.000599,0.000967,0.003081,0.006539,0.001146,0.000999,0.001000,0.002160,0.002444,0.000704,0.000221,0.000203
129800,0.000641,0.000954,0.003077,0.006537,0.001129,0.000995,0.000994,0.002140,0.002627,0.000665,0.000207,0.000208
129900,0.000584,0.000938,0.003078,0.006614,0.001138,0.000998,0.000995,0.002186,0.002203,0.000645,0.000209,0.000201
130000,0.000598,0.000957,0.003074,0.006909,0.001125,0.000998,0.000998,0.002131,0.002579,0.000743,0.000211,0.000202
130100,0.000616,0.001027,0.003075,0.006479,0.001130,0.000996,0.000997,0.002155,0.002416,0.000651,0.000209,0.000212
130200,0.000627,0.000974,0.003077,0.006449,0.001145,0.000998,0.000998,0.002172,0.002518,0.000701,0.000212,0.000209
130300,0.000610,0.001009,0.003069,0.006475,0.001126,0.000998,0.000998,0.002130,0.002265,0.000739,0.000202,0.000212
130400,0.000596,0.001041,0.003078,0.006787,0.001145,0.000998,0.000997,0.002125,0.002649,0.000628,0.000217,0.000211
130500,0.000600,0.000943,0.003077,0.006357,0.001139,0.001000,0.000994,0.002161,0.002233,0.000683,0.000204,0.000220
130600,0.000580,0.000955,0.003082,0.006367,0.001134,0.000995,0.000995,0.002133,0.002168,0.000616,0.000193,0.000225
130700,0.000548,0.000947,0.003075,0.006030,0.001145,0.000997,0.000997,0.002125,0.002572,0.000627,0.000206,0.000210
130800,0.000568,0.000987,0.003072,0.006611,0.001146,0.000995,0.000996,0.002111,0.002652,0.000654,0.000207,0.000197
130900,0.000596,0.001042,0.003079,0.006811,0.001150,0.000999,0.001003,0.002129,0.002563,0.000630,0.000188,0.000214
131000,0.000581,0.001002,0.003071,0.007405,0.001137,0.001001,0.000998,0.002133,0.002395,0.000596,0.000226,0.000203
131100,0.000613,0.000980,0.003075,0.006550,0.001145,0.000997,0.000993,0.002170,0.002389,0.000626,0.000205,0.000212
131200,0.000585,0.001009,0.003079,0.006619,0.001129,0.000994,0.000998,0.002133,0.002353,0.000702,0.000203,0.000214
131300,0.000623,0.001017,0.003083,0.006766,0.001131,0.000999,0.000997,0.002089,0.002466,0.000582,0.000190,0.000217
131400,0.000579,0.001028,0.003075,0.006193,0.001126,0.001000,0.000998,0.002174,0.002393,0.000658,0.000192,0.000210
131500,0.000596,0.000963,0.003080,0.007002,0.001147,0.000995,0.000998,0.002091,0.002573,0.000644,0.000219,0.000225
131600,0.000595,0.000937,0.003076,0.006750,0.001131,0.000999,0.000999,0.002127,0.002342,0.000639,0.000202,0.000215
131700,0.000617,0.000976,0.003075,0.006791,0.001144,0.000998,0.001002,0.002166,inf,0.000639,0.000203,0.000204
131800,0.000603,0.001005,0.003078,0.007306,0.001142,0.000998,0.000996,0.002148,0.002605,0.000679,0.000214,0.000209
131900,0.000603,0.000970,0.003069,0.006792,0.001144,0.000998,0.000996,0.002139,0.002569,0.000539,0.000210,0.000211
132000,0.000575,0.001015,0.003076,0.006754,0.001137,0.000999,0.000998,0.002129,0.002302,0.000697,0.000231,0.000215
132100,0.000565,0.000982,0.003077,0.007949,0.001133,0.000996,0.000996,0.002124,0.002425,0.000662,0.000193,0.000206
132200,0.000577,0.000981,0.003077,0.006818,0.001126,0.000995,0.000996,0.002123,0.002320,0.000675,0.000223,0.000197
132300,0.000572,0.000983,0.003075,0.006639,0.001138,0.000998,0.000999,0.002117,0.002509,0.000581,0.000194,0.000196
132400,0.000605,0.000973,0.003087,0.007029,0.001138,0.000996,0.000998,0.002144,0.002488,0.000674,0.000232,0.000206
132500,0.000606,0.000939,0.003074,0.006375,0.001151,0.000997,0.000997,0.002139,0.002418,0.000702,0.000186,0.000227
132600,0.000574,0.000977,0.003076,0.007940,0.001136,0.000996,0.000997,0.002085,0.002204,0.000654,0.000210,0.000206
132700,0.000563,0.000978,0.003078,0.006939,0.001141,0.000996,0.000994,0.002110,0.002475,0.000626,0.000206,0.000207
132800,0.000593,0.001019,0.003076,0.006565,0.001141,0.000999,0.000996,0.002131,0.002309,0.000611,0.000214,0.000203
132900,0.000578,0.000946,0.003082,0.006725,0.001134,0.000999,0.001003,0.002100,0.003209,0.000630,0.000201,0.000206
133000,0.000616,0.000965,0.003076,0.006627,0.001139,0.000995,0.000997,0.002133,0.002579,0.000613,0.000189,0.000207
133100,0.000619,0.000896,0.003078,0.006470,0.001144,0.000997,0.000998,0.002131,0.002349,0.000614,0.000196,0.000198
133200,0.000599,0.000981,0.003077,0.005959,0.001137,0.000995,0.000997,0.002121,0.002182,0.000644,0.000209,0.000219
133300,0.000575,0.000967,0.003073,0.007104,0.001140,0.001001,0.000997,0.002155,0.002170,0.000638,0.000199,0.000201
133400,0.000619,0.000931,0.003076,0.006376,0.001138,0.000996,0.000998,0.002152,0.002635,0.000671,0.000193,0.000210
133500,0.000599,0.000989,0.003078,0.006094,0.001129,0.000998,0.001000,0.002160,0.002213,0.000639,0.000207,0.000184
133600,0.000530,0.000956,0.003076,0.006569,0.001133,0.000997,0.000998,0.002115,0.002480,0.000601,0.000215,0.000210
133700,0.000586,0.000982,0.003075,0.006511,0.001150,0.000998,0.000996,0.002141,0.002372,0.000665,0.000208,0.000197
133800,0.000605,0.000995,0.003081,0.008185,0.001130,0.000996,0.000997,0.002112,0.002172,0.000610,0.000187,0.000208
133900,0.000597,0.001021,0.003078,0.007139,0.001150,0.000998,0.000999,0.002117,0.002275,0.000636,0.000191,0.000197
134000,0.000614,0.000978,0.003085,0.006129,0.001140,0.000997,0.000997,0.002154,0.002400,0.000697,0.000197,0.000210
134100,0.000597,0.000953,0.003071,0.007147,0.001131,0.000997,0.000997,0.002117,0.002342,0.000600,0.000196,0.000205
134200,0.000632,0.001001,0.003077,0.006559,0.001147,0.001000,0.000999,0.002104,0.002349,0.000700,0.000206,0.000207
134300,0.000610,0.001046,0.003078,0.007283,0.001124,0.000999,0.000997,0.002150,0.002174,0.000709,0.000184,0.000189
134400,0.000603,0.000894,0.003079,0.006381,0.001137,0.000994,0.000996,0.002158,0.002532,0.000666,0.000209,0.000204
134500,0.000561,0.000965,0.003083,0.007203,0.001132,0.000994,0.000996,0.002141,0.002521,0.000643,0.000193,0.000204
134600,0.000577,0.000955,0.003079,0.006219,0.001128,0.000997,0.000998,0.002115,0.002384,0.000565,0.000206,0.000204
134700,0.000595,0.000957,0.003074,0.006436,0.001129,0.000994,0.000998,0.002165,0.002817,inf,0.000186,0.000213
134800,0.000625,0.000927,0.003079,0.006197,0.001132,0.001002,0.000998,0.002147,0.002168,0.000708,0.000219,0.000202
134900,0.000634,0.000986,0.003076,0.006079,0.001127,0.001001,0.000999,0.002136,0.002145,0.000645,0.000193,0.000205
135000,0.000640,0.000961,0.003077,0.006763,0.001143,0.000995,0.000996,0.002104,0.002543,0.000664,0.000191,0.000206
135100,inf,0.000991,0.003074,0.006779,0.001129,0.000998,0.000997,0.002110,0.002566,0.000580,0.000194,0.000207
135200,0.000597,0.000942,0.003074,0.006749,0.001142,0.001000,0.001001,0.002129,0.002419,0.000722,0.000192,0.000200
135300,0.000614,0.000963,0.003081,0.006412,0.001136,0.000999,0.001002,0.002114,0.002215,0.000679,0.000218,0.000188
135400,0.000599,0.000940,0.003072,0.006526,0.001131,0.001001,0.000997,0.002139,0.002294,0.000644,0.000199,0.000216
135500,0.000613,0.001033,0.003079,0.006154,0.001143,0.001002,0.001002,0.002156,0.003621,0.000638,0.000198,0.000272
135600,0.000610,0.001002,0.003070,0.006192,0.001139,0.000996,0.001000,0.002115,0.002123,0.000492,0.000197,0.000217
135700,0.000609,0.000967,0.003080,0.006990,0.001129,0.000999,0.000997,0.002140,0.002624,0.000625,0.000218,0.000201
135800,0.000620,0.000946,0.003072,0.007156,0.001134,0.000996,0.000997,0.002130,0.002191,0.000648,0.000216,0.000205
135900,0.000589,0.000963,0.003104,0.006559,0.001134,0.000996,0.000996,0.002120,0.002199,0.000620,0.000219,0.000204
136000,0.000598,0.000989,0.003074,0.006403,0.001135,0.000997,0.000996,0.002081,0.002534,0.000563,0.000199,0.000205
136100,0.000612,0.000949,0.003081,0.006038,0.001131,0.000998,0.000998,0.002153,0.002441,0.000656,0.000216,0.000206
136200,0.000576,0.000929,0.003081,0.006423,0.001140,0.000997,0.001000,0.002150,0.002251,0.000680,0.000187,0.000208
136300,0.000599,0.000947,0.003071,0.006330,0.001139,0.000996,0.000998,0.002115,0.002041,0.000639,0.000206,0.000206
136400,0.000581,0.000922,0.003079,0.006401,0.001132,0.000996,0.000993,0.002114,0.002303,0.000661,0.000199,0.000198
136500,0.000580,0.001030,0.003077,0.008242,0.001146,0.001000,0.000998,0.002129,0.002407,0.000659,0.000178,0.000195
136600,0.000593,0.000968,0.003072,0.006529,0.001145,0.000998,0.000997,0.002120,0.002520,0.000628,0.000209,0.000199
136700,0.000632,0.000978,0.003078,0.007235,0.001135,0.000999,0.000996,0.002146,0.002456,0.000650,0.000196,0.000190
136800,0.000571,0.000977,0.003066,0.005945,0.001149,0.000998,0.001001,0.002136,0.002194,0.000565,0.000190,0.000197
136900,0.000590,0.000974,0.003082,0.006179,0.001132,0.000995,0.000998,0.002125,0.002162,0.000674,0.000190,0.000206
137000,0.000663,0.000884,0.003076,0.005593,0.001126,0.000994,0.000997,0.002139,0.001851,0.000567,0.000199,0.000204
137100,0.000616,0.001013,0.003079,0.007708,0.001134,0.000998,0.000998,0.002062,0.002379,0.000672,0.000189,0.000191
137200,0.000610,0.000994,0.003076,0.008141,0.001147,0.000998,0.000998,0.002124,0.002001,0.000686,0.000202,0.000190
137300,0.000611,0.000945,0.003084,0.006741,0.001149,0.001005,0.000997,0.002136,0.002259,0.000667,0.000208,0.000193
137400,0.000531,0.000881,0.003075,0.006741,0.001148,0.000998,0.000998,0.002119,0.002049,0.000599,0.000194,0.000204
137500,0.000590,0.000940,0.003074,0.007234,0.001134,0.001002,0.000999,0.002138,0.001951,0.000675,0.000208,0.000200
137600,0.000580,0.000913,0.003076,0.006756,0.001138,0.000997,0.000998,0.002135,0.002456,0.000656,0.000188,0.000197
137700,0.000568,0.000965,0.003077,0.006580,0.001138,0.000995,0.000997,0.002159,0.001953,0.000609,0.000221,0.000196
137800,0.000594,0.000950,0.003081,0.007904,0.001142,0.000998,0.001000,0.002135,0.001682,0.000757,0.000198,0.000200
137900,0.000581,0.001008,0.003076,0.007083,0.001146,0.000996,0.000995,0.002138,0.002553,0.000644,0.000187,0.000199
138000,0.000571,0.000918,0.003077,0.006274,0.001131,0.000996,0.000995,0.002164,0.002158,0.000696,0.000201,0.000189
138100,0.000586,0.000923,0.003077,0.006432,0.001145,0.001000,0.000996,0.002127,0.002062,0.000618,0.000183,0.000201
138200,0.000591,0.000962,0.003076,0.008365,0.001146,0.000998,0.000999,0.002110,0.001667,0.000628,0.000181,0.000211
138300,0.000585,0.000927,0.003075,0.006793,0.001133,0.000995,0.001000,0.002121,0.001949,0.000655,0.000177,0.000189
138400,0.000633,0.001000,0.003079,0.006125,0.001140,0.000996,0.000997,0.002149,0.002026,0.000745,0.000203,0.000195
138500,0.000596,0.000971,0.003075,0.007035,0.001137,0.001001,0.000999,0.002124,0.001596,0.000640,0.000196,0.000202
138600,0.000578,0.000934,0.003071,0.006785,0.001130,0.000996,0.000995,0.002154,0.002213,0.000557,0.000215,0.000217
138700,0.000602,0.000970,0.003081,0.005787,0.001144,0.000997,0.000998,0.002112,0.001813,0.000656,0.000197,0.000200
138800,0.000585,0.000947,0.003073,0.006538,0.001117,0.001000,0.001001,0.002151,0.001506,0.000666,0.000188,0.000196
138900,0.000575,0.000957,0.003082,0.006106,0.001133,0.000995,0.000996,0.002198,0.001682,0.000659,0.000198,0.000203
139000,0.000588,0.001030,0.003073,0.006144,0.001142,0.000996,0.000999,0.002139,0.001837,0.000718,0.000182,0.000194
139100,0.000595,0.000958,0.003085,0.006941,0.001131,0.001000,0.000996,0.002143,0.001542,0.000692,0.000181,0.000202
139200,0.000634,0.000985,0.003076,0.005911,0.001141,0.000999,0.000996,0.002102,0.001988,0.000642,0.000191,0.000199
139300,0.000582,0.000936,0.003075,0.006592,0.001154,0.000995,0.000999,0.002167,0.001986,0.000682,0.000184,0.000195
139400,0.000601,0.000969,0.003081,0.005649,0.001130,0.000998,0.000999,0.002134,0.001722,0.000641,0.000190,0.000189
139500,0.000595,0.000995,0.003077,0.005807,0.001136,0.001000,0.001000,0.002100,0.001531,0.000812,0.000214,0.000205
139600,0.000623,0.000960,0.003078,0.006762,0.001127,0.000994,0.000997,0.002101,0.001788,0.000668,0.000180,0.000213
139700,0.000617,0.000933,0.003077,0.006799,0.001143,0.000997,0.000998,0.002128,0.001569,0.000664,0.000189,0.000191
139800,0.000580,0.001006,0.003075,0.006755,0.001144,0.000996,0.001003,0.002149,0.001301,0.000651,0.000192,0.000190
139900,0.000581,0.000961,0.003077,0.006190,0.001125,0.000998,0.000995,0.002098,0.001339,0.000718,0.000194,0.000211
140000,0.000583,0.000923,0.003073,0.006249,0.001127,0.000992,0.000996,0.002116,0.001495,0.000689,0.000183,0.000190
140100,0.000561,0.001022,0.003076,0.006523,0.001139,0.000998,0.001000,0.002148,0.001230,0.000647,0.000199,0.000198
140200,0.000601,0.000974,0.003075,0.005942,0.001136,0.000996,0.000999,0.002237,0.001782,0.000652,0.000204,0.000209
140300,0.000639,0.000995,0.003078,0.006048,0.001142,0.000995,0.000994,0.002113,0.001479,0.000672,0.000202,0.000205
140400,0.000614,0.001055,0.003078,0.006533,0.001131,0.000998,0.000999,0.002159,0.001618,0.000698,0.000205,0.000199
140500,0.000593,0.000946,0.003080,0.007103,0.001134,0.000997,0.000997,0.002174,0.002023,0.000664,0.000186,0.000212
140600,0.000601,0.000982,0.003073,0.006441,0.001135,0.000997,0.000996,0.002147,0.001559,0.000650,0.000189,0.000200
140700,0.000598,0.000948,0.003076,0.006799,0.001137,0.001000,0.001001,0.002105,0.002236,0.000687,0.000187,0.000211
140800,0.000603,0.000969,0.003080,0.006745,0.001147,0.000998,0.000997,0.002127,0.001963,0.000612,0.000181,0.000187
140900,0.000634,0.000895,0.003077,0.006752,0.001127,0.000998,0.000997,0.002116,0.001634,0.000628,0.000182,0.000190
141000,0.000606,0.000931,0.003079,0.006771,0.001143,0.000994,0.000996,0.002175,0.001247,0.000631,0.000181,0.000223
141100,0.000584,0.000956,0.003082,0.007892,0.001127,0.001000,0.000998,0.002127,0.001244,0.000627,0.000179,0.000185
141200,0.000592,0.001006,0.003076,0.007537,0.001144,0.001005,0.001001,0.002129,0.001761,0.000573,0.000195,0.000196
141300,0.000604,0.000933,0.003080,0.006065,0.001136,0.000997,0.000998,0.002146,0.001488,0.000628,0.000200,0.000207
141400,0.000649,0.000921,0.003077,0.005918,0.001147,0.001000,0.000999,0.002139,0.001509,0.000769,0.000189,0.000202
141500,0.000594,0.000958,0.003074,0.006970,0.001142,0.001001,0.000998,0.002126,0.001454,0.000544,0.000206,0.000197
141600,0.000636,0.000935,0.003079,0.006639,0.001134,0.000996,0.000998,0.002149,0.001614,0.000562,0.000199,0.000197
141700,0.000587,0.000992,0.003076,0.006542,0.001124,0.000999,0.000998,0.002138,0.001444,0.000652,0.000188,0.000194
141800,0.000602,0.000874,0.003082,0.006258,0.001140,0.000997,0.000996,0.002100,0.001442,0.000629,0.000178,0.000196
141900,0.000602,0.000940,0.003079,0.006776,0.001141,0.000997,0.000997,0.002136,0.001483,0.000719,0.000203,0.000190
142000,0.000613,0.000941,0.003076,0.006805,0.001149,0.000999,0.000997,0.002067,0.001365,0.000673,0.000194,0.000188
142100,0.000584,0.000911,0.003077,0.007329,0.001120,0.001000,0.000999,0.002137,0.001607,0.000651,0.000192,0.000202
142200,0.000591,0.000924,0.003080,0.006227,0.001149,0.000994,0.000997,0.002100,0.001414,0.000719,0.000200,0.000196
142300,0.000578,0.000982,0.003078,0.008040,0.001140,0.000997,0.000998,0.002112,0.001954,0.000663,0.000198,0.000207
142400,0.000586,0.000912,0.003077,0.007163,0.001142,0.000997,0.000999,0.002117,0.001294,0.000643,0.000207,0.000192
142500,0.000560,0.001066,0.003077,0.007745,0.001138,0.000997,0.000994,0.002160,0.001490,0.000716,0.000182,0.000192
142600,0.000610,0.000938,0.003076,0.006383,0.001111,0.000998,0.000999,0.002111,0.001302,0.000667,0.000186,0.000192
142700,0.000581,0.000888,0.003086,0.007191,0.001134,0.001001,0.000999,0.002175,0.001463,0.000654,0.000193,0.000202
142800,0.000600,0.000996,0.003077,0.006525,0.001138,0.000995,0.000998,0.002135,0.001733,0.000711,0.000187,0.000199
142900,0.000618,0.000986,0.003077,0.006263,0.001137,0.000996,0.000996,0.002140,0.001503,0.000637,0.000186,0.000190
143000,0.000597,0.001016,0.003079,0.007112,0.001134,0.000997,0.001000,0.002130,0.001472,0.000612,0.000203,0.000199
143100,0.000619,0.000935,0.003072,0.006966,0.001141,0.001002,0.001000,0.002110,inf,0.000614,0.000215,0.000205
143200,0.000617,0.001001,0.003077,0.006969,0.001138,0.000997,0.000995,0.002170,0.001380,0.000612,0.000193,0.000191
143300,0.000573,0.000912,0.003080,0.006563,0.001136,0.001000,0.000999,0.002109,0.001657,0.000701,0.000188,0.000186
143400,0.000582,0.000978,0.003075,0.005735,0.001132,0.000996,0.000999,0.002100,0.001625,0.000675,0.000179,0.000180
143500,0.000580,0.000968,0.003067,0.006278,0.001132,0.000996,0.000997,0.002101,0.001496,0.000673,0.000177,0.000192
143600,0.000576,0.001032,0.003080,0.006580,0.001145,0.000996,0.000998,0.002125,0.001321,0.000685,0.000194,0.000199
143700,0.000602,0.000960,0.003075,0.006077,0.001135,0.001000,0.000998,0.002120,0.001731,0.000672,0.000198,0.000201
143800,0.000571,0.000928,0.003081,0.005785,0.001131,0.000994,0.000995,0.002200,0.001619,0.000658,0.000179,0.000209
143900,0.000638,0.000923,0.003071,0.006309,0.001134,0.000998,0.000997,0.002117,0.001340,0.000704,0.000205,0.000188
144000,0.000550,0.000961,0.003077,0.005906,0.001140,0.000998,0.000999,0.002137,0.001290,0.000695,0.000190,0.000189
144100,0.000598,0.000982,0.003074,0.007030,0.001142,0.000999,0.000999,0.002139,0.001321,0.000712,0.000212,0.000188
144200,0.000619,0.001013,0.003077,0.006936,0.001125,0.000997,0.000998,0.002110,0.001479,0.000616,0.000195,0.000197
144300,0.000575,0.000985,0.003082,0.007849,0.001127,0.000992,0.000995,0.002152,0.001404,0.000593,0.000179,0.000189
144400,0.000585,0.000995,0.003076,0.007173,0.001141,0.000999,0.000998,0.002174,0.001386,0.000667,0.000195,0.000194
144500,0.000603,0.000916,0.003078,0.006022,0.001140,0.000995,0.000995,0.002105,0.001510,0.000734,0.000185,0.000207
144600,0.000609,0.000903,0.003081,0.006760,0.001139,0.001004,0.001000,0.002153,0.001433,0.000649,0.000184,0.000212
144700,0.000591,0.000902,0.003074,0.007281,0.001151,0.000998,0.000995,0.002127,0.001445,0.000600,0.000181,0.000190
144800,0.000587,0.000992,0.003076,0.006396,0.001131,0.000997,0.000995,0.002140,0.001313,inf,0.000178,0.000193
144900,0.000589,0.001019,0.003078,0.007916,0.001134,0.000996,0.000997,0.002108,0.001472,0.000581,0.000221,0.000197
145000,0.000610,0.000996,0.003075,0.006757,0.001136,0.000998,0.000998,0.002153,0.001198,0.000667,0.000221,0.000214
145100,0.000587,0.000913,0.003069,0.006271,0.001146,0.001000,0.000999,0.002173,0.001366,0.000681,0.000211,0.000213
145200,0.000568,0.001002,0.003079,0.006221,0.001138,0.000994,0.000996,0.002118,0.001514,0.000722,0.000176,0.000222
145300,0.000611,0.000983,0.003076,0.006158,0.001141,0.000999,0.001004,0.002120,0.001526,0.000606,0.000188,0.000195
145400,0.000589,0.000916,0.003075,0.006896,0.001142,0.000998,0.001000,0.002139,0.001407,0.000668,0.000221,0.000200
145500,0.000633,0.000950,0.003078,0.006751,0.001142,0.000996,0.000995,0.002086,0.001568,0.000693,0.000213,0.000210
145600,0.000557,0.000959,0.003080,0.006764,0.001129,0.000999,0.000996,0.002127,0.002016,0.000656,0.000182,0.000189
145700,0.000563,0.000969,0.003071,0.007312,0.001142,0.001000,0.000998,0.002170,0.001526,0.000731,0.000203,0.000192
145800,0.000589,0.000860,0.003075,0.005790,0.001125,0.000995,0.000994,0.002120,0.001384,0.000692,0.000198,0.000186
145900,0.000575,0.000930,0.003083,0.007556,0.001139,0.001001,0.000996,0.002135,0.001306,0.000669,0.000182,0.000189
146000,0.000628,0.000952,0.003082,0.006471,0.001130,0.000998,0.001001,0.002140,0.001423,0.000630,0.000203,0.000204
146100,0.000622,0.000923,0.003076,0.006378,0.001134,0.001001,0.001000,0.002174,0.001600,0.000559,0.000188,0.000204
146200,0.000605,0.000943,0.003079,0.007607,0.001150,0.000997,0.000996,0.002124,0.001317,0.000676,0.000197,0.000197
146300,0.000561,0.000944,0.003078,0.006225,0.001152,0.000998,0.000995,0.002146,0.001133,0.000673,0.000179,0.000187
146400,0.000551,0.000972,0.003073,0.006180,0.001142,0.000994,0.000998,0.002156,0.001647,0.000674,0.000175,0.000201
146500,0.000601,0.000961,0.003075,0.006505,0.001148,0.000997,0.000997,0.002104,0.001262,0.000683,0.000177,0.000188
146600,0.000593,0.000944,0.003076,0.005791,0.001137,0.000999,0.001001,0.002122,0.001531,0.000582,0.000194,0.000197
146700,0.000600,0.000999,0.003077,0.007626,0.001134,0.000998,0.000997,0.002128,0.001296,0.000648,0.000194,0.000190
146800,0.000598,0.000973,0.003081,0.006242,0.001137,0.000996,0.000996,0.002218,0.001672,0.000688,0.000176,0.000193
146900,0.000615,0.000967,0.003079,0.006788,0.001128,0.000997,0.000995,0.002157,0.001280,0.000650,0.000201,0.000205
147000,0.000599,0.000945,0.003075,0.007134,0.001139,0.000996,0.000997,0.002112,0.001368,0.000617,0.000193,0.000205
147100,0.000584,0.000946,0.003088,0.006918,0.001131,0.001008,0.001001,0.002143,0.001400,0.000616,0.000184,0.000201
147200,0.000597,0.000984,0.003076,0.007134,0.001152,0.000997,0.000998,0.002132,0.001656,0.000692,0.000204,0.000210
147300,0.000576,0.000960,0.003072,0.006415,0.001126,0.000999,0.000999,0.002096,0.001472,0.000678,0.000178,0.000190
147400,0.000622,0.000967,0.003078,0.006618,0.001134,0.000999,0.000996,0.002119,0.001604,0.000697,0.000182,0.000187
147500,0.000597,0.000913,0.003081,0.007170,0.001137,0.000995,0.000998,0.002161,0.001710,0.000683,0.000203,0.000190
147600,0.000628,0.000986,0.003081,0.006793,0.001119,0.000998,0.001001,0.002140,0.001399,0.000574,0.000196,0.000203
147700,0.000604,0.000938,0.003077,0.006792,0.001123,0.000997,0.000996,0.002102,0.001695,0.000661,0.000189,0.000199
147800,0.000590,0.000938,0.003077,0.006597,0.001131,0.000996,0.000996,0.002106,0.001596,0.000627,0.000171,0.000195
147900,0.000592,0.000966,0.003076,0.006458,0.001145,0.001002,0.000999,0.002127,0.001382,0.000676,0.000200,0.000179
148000,0.000640,0.000988,0.003076,0.005661,0.001150,0.000998,0.000998,0.002113,0.001778,0.000558,0.000186,0.000183
148100,0.000588,0.000980,0.003078,0.005790,0.001127,0.000996,0.000996,0.002131,0.001465,0.000640,0.000200,0.000197
148200,0.000553,0.001048,0.003076,0.007063,0.001145,0.000997,0.000996,0.002125,0.001357,0.000528,0.000207,0.000207
148300,0.000586,0.000996,0.003077,0.007521,0.001129,0.000999,0.001000,0.002126,0.001421,0.000607,0.000191,0.000194
148400,0.000586,0.000961,0.003074,0.006379,0.001146,0.000997,0.000996,0.002154,0.001235,0.000531,0.000187,0.000192
148500,0.000527,0.000959,0.003081,0.006580,0.001144,0.000999,0.000998,0.002127,0.001568,0.000692,0.000186,0.000188
148600,0.000625,0.001009,0.003073,0.006465,0.001146,0.000998,0.000998,0.002166,0.001994,0.000642,0.000211,0.000211
148700,0.000607,0.000974,0.003086,0.006558,0.001137,0.000996,0.000996,0.002144,0.001374,0.000675,0.000181,0.000203
148800,0.000575,0.001054,0.003071,0.006815,0.001143,0.000997,0.000998,0.002161,0.001514,0.000642,0.000194,0.000180
148900,0.000610,0.000979,0.003077,0.006201,0.001149,0.000999,0.000999,0.002172,0.001347,0.000556,0.000202,0.000205
149000,0.000596,0.000939,0.003071,0.007211,0.001131,0.001000,0.001001,0.002146,0.001190,0.000631,0.000183,0.000203
149100,0.000612,0.000912,0.003077,0.006415,0.001138,0.000998,0.000996,0.002110,0.001390,0.000729,0.000197,0.000192
149200,0.000581,0.001010,0.003082,0.007640,0.001135,0.000997,0.001001,0.002102,0.001173,0.000614,0.000217,0.000208
149300,0.000590,0.001032,0.003080,0.006813,0.001140,0.001003,0.000999,0.002152,0.001404,0.000674,0.000209,0.000209
149400,0.000591,0.000984,0.003078,0.006419,0.001138,0.000995,0.000998,0.002147,0.001578,0.000686,0.000183,0.000194
149500,0.000588,0.001006,0.003080,0.005336,0.001119,0.000996,0.000999,0.002118,0.001275,0.000613,0.000198,0.000191
149600,0.000609,0.000925,0.003074,0.006077,0.001137,0.000997,0.000997,0.002123,0.001400,0.000599,0.000201,0.000179
149700,0.000599,0.000893,0.003076,0.007742,0.001132,0.000995,0.000995,0.002138,0.001364,0.000628,0.000190,0.000198
149800,0.000613,0.000871,inf,0.006769,0.001141,0.000998,0.000999,0.002086,0.001604,0.000686,0.000188,0.000191
149900,0.000595,0.000964,0.003077,0.005646,0.001124,0.001001,0.001000,0.002137,0.001483,0.000692,0.000204,0.000214
150000,0.000619,0.000948,0.003074,0.006944,0.001133,0.000998,0.000999,0.002107,0.001368,0.000587,0.000194,0.000186
150100,0.000604,0.000976,0.003082,0.006790,0.001137,0.000997,0.000995,0.002122,0.001509,0.000672,0.000189,0.000180
150200,0.000625,0.000971,0.003087,0.006529,0.001148,0.000994,0.000998,0.002135,0.001604,0.000658,0.000186,0.000200
150300,0.000591,0.000954,0.003078,0.006577,0.001129,0.000996,0.000997,0.002133,0.001338,0.000612,0.000179,0.000185
150400,0.000600,0.000967,0.003075,0.007086,0.001131,0.000998,0.000988,0.002127,0.001453,0.000645,0.000188,0.000194
150500,0.000581,0.000973,0.003071,0.007762,0.001134,0.000999,0.000996,0.002138,0.001338,0.000631,0.000194,0.000175
150600,0.000632,0.000972,0.003078,0.006604,0.001121,0.000998,0.001000,0.002113,0.002024,0.000613,0.000215,0.000191
150700,0.000604,0.000973,0.003075,0.007135,0.001137,0.000996,0.000996,0.002138,0.001407,0.000741,0.000192,0.000194
150800,0.000591,0.000960,0.003080,0.006364,0.001145,0.000998,0.000996,0.002202,0.001653,0.000535,0.000179,0.000191
150900,0.000562,0.000959,0.003087,0.006351,0.001131,0.000997,0.001001,0.002138,0.001246,0.000637,0.000163,0.000201
151000,0.000615,0.001000,0.003077,0.007395,0.001151,0.001000,0.001001,0.002122,0.001181,0.000640,0.000164,0.000201
151100,0.000606,0.001042,0.003077,0.006964,0.001136,0.000997,0.000995,0.002137,0.001253,0.000618,0.000184,0.000194
151200,0.000596,0.001000,0.003074,0.007555,0.001150,0.001002,0.000998,0.002104,0.001157,0.000702,0.000184,0.000190
151300,0.000569,0.000973,0.003074,0.006046,0.001139,0.000999,0.000995,0.002125,0.001330,0.000595,0.000175,0.000180
151400,0.000599,0.000958,0.003077,0.006067,0.001141,0.000996,0.000999,0.002118,0.001381,0.000729,0.000214,0.000195
151500,0.000593,0.000953,0.003074,0.006397,0.001138,0.001001,0.000996,0.002144,0.001859,0.000698,0.000211,0.000217
151600,0.000575,0.000940,0.003076,0.007237,0.001132,0.000998,0.000998,0.002136,0.001580,0.000630,0.000188,0.000180
151700,0.000565,0.000999,0.003087,0.006372,0.001138,0.000996,0.000996,0.002084,0.001425,0.000580,0.000174,0.000198
151800,0.000582,0.000925,0.003081,0.006406,0.001132,0.000997,0.000997,0.002134,0.001447,0.000609,0.000206,0.000195
151900,0.000597,0.000921,0.003073,0.006490,0.001132,0.000999,0.000999,0.002161,0.001869,0.000615,0.000193,0.000187
152000,0.000681,0.001008,0.003082,0.006801,0.001129,0.000997,0.000998,0.002111,0.001558,0.000682,0.000184,0.000194
152100,0.000601,0.000991,0.003076,0.007626,0.001145,0.000995,0.000997,0.002134,0.001455,0.000694,0.000190,0.000220
152200,0.000575,0.000984,0.003074,0.006018,0.001135,0.000995,0.000997,0.002174,0.001391,0.000707,0.000175,0.000183
152300,0.000598,0.000977,0.003078,0.006935,0.001124,0.000994,0.000994,0.002122,0.001402,0.000717,0.000193,0.000213
152400,0.000599,0.001054,0.003076,0.006741,0.001124,0.000998,0.000999,0.002145,0.001205,0.000489,0.000194,0.000204
152500,0.000598,0.000944,0.003085,0.005868,0.001142,0.000998,0.000999,0.002153,0.001440,0.000669,0.000216,0.000193
152600,0.000589,0.001011,0.003075,0.007505,0.001148,0.000995,inf,0.002158,0.001138,0.000628,0.000185,0.000195
152700,0.000607,0.000933,0.003082,0.007037,0.001125,0.000994,0.000997,0.002137,0.001238,0.000683,0.000197,0.000192
152800,0.000573,0.001050,0.003079,0.007796,0.001129,0.000997,0.001000,0.002179,0.001853,0.000581,0.000195,0.000182
152900,0.000617,0.000978,0.003074,0.006544,0.001133,0.001000,0.000997,0.002119,0.001336,0.000630,0.000176,0.000191
153000,0.000597,0.000988,0.003077,0.006553,0.001138,0.000998,0.000999,0.002129,0.001728,0.000675,0.000218,0.000210
153100,0.000628,0.000936,inf,0.006490,0.001137,0.000993,0.001000,0.002110,0.001183,0.000711,0.000193,0.000193
153200,0.000606,0.000966,0.003073,0.008238,0.001132,0.001002,0.000994,0.002085,0.001343,0.000629,0.000178,0.000185
153300,0.000605,0.001008,0.003079,0.006234,0.001137,0.000994,0.000995,0.002131,0.001121,0.000669,0.000178,0.000190
153400,0.000619,0.000950,0.003082,0.006561,0.001133,0.000996,0.000998,0.002153,0.001327,0.000617,0.000192,0.000206
153500,0.000611,0.000966,0.003074,0.006747,0.001132,0.000998,0.000998,0.002109,0.001666,0.000642,0.000202,0.000182
153600,0.000573,0.000893,0.003083,0.006769,0.001130,0.000998,0.000997,0.002143,0.001341,0.000673,0.000185,0.000186
153700,0.000605,0.000954,0.003075,0.006524,0.001130,0.000998,0.000996,0.002140,0.001135,0.000636,0.000181,0.000186
153800,0.000597,0.001027,0.003075,0.007285,0.001143,0.001000,0.001001,0.002099,0.001369,0.000648,0.000221,0.000201
153900,0.000595,0.000925,0.003077,0.007203,0.001139,0.000996,0.000999,0.002136,0.001329,0.000639,0.000191,0.000195
154000,0.000580,0.000957,0.003075,0.006969,0.001126,0.000997,0.000998,0.002086,0.001429,0.000628,0.000196,0.000185
154100,0.000597,0.000991,0.003084,0.007201,0.001145,0.001004,0.000996,0.002110,0.001393,0.000645,0.000193,0.000190
154200,0.000603,0.000933,0.003076,0.006066,0.001132,0.000996,0.001000,0.002155,0.001123,0.000638,0.000202,0.000203
154300,0.000662,0.000984,0.003080,0.006408,0.001139,0.000994,0.000995,0.002121,0.001498,0.000625,0.000192,0.000205
154400,0.000613,0.000961,0.003076,0.006967,0.001131,0.001000,0.001002,0.002128,0.001370,0.000738,0.000185,0.000182
154500,0.000588,0.000903,0.003074,0.006576,0.001139,0.000999,0.000996,0.002168,0.001766,0.000651,0.000207,0.000200
154600,0.000569,0.000959,0.003077,0.006291,0.001136,0.000997,0.000997,0.002130,0.001500,0.000687,0.000199,0.000196
154700,0.000569,0.000870,0.003079,0.006586,0.001129,0.000996,0.000997,0.002125,0.001270,0.000580,0.000204,0.000191
154800,0.000602,0.000966,0.003074,0.005864,0.001131,0.000998,0.000997,0.002126,0.001139,0.000635,0.000183,0.000193
154900,0.000587,0.001034,0.003075,0.005838,0.001124,0.001001,0.001001,0.002150,0.001494,0.000703,0.000172,0.000194
155000,0.000606,0.001037,0.003080,0.007173,0.001128,0.000997,0.000997,0.002155,0.001351,0.000661,0.000196,0.000197
155100,0.000625,0.000972,0.003077,0.006757,0.001135,0.000998,0.001001,0.002117,0.001702,0.000659,0.000197,0.000187
155200,0.000591,0.000974,0.003075,0.006304,0.001139,0.000999,0.000999,0.002156,0.001989,0.000683,0.000205,0.000187
155300,0.000615,0.000942,0.003079,0.006563,0.001144,0.000998,0.000998,0.002099,0.001380,0.000718,0.000185,0.000184
155400,0.000621,0.000954,0.003074,0.006981,0.001136,0.000996,0.000999,0.002135,0.001593,0.000721,0.000181,0.000188
155500,0.000595,0.001026,0.003077,0.006553,0.001141,0.000997,0.001000,0.002109,0.001604,0.000719,0.000176,0.000184
155600,0.000606,0.000947,0.003073,0.006492,0.001123,0.000997,0.000996,0.002139,0.001272,0.000556,0.000165,0.000182
155700,0.000563,0.000953,0.003082,0.007089,0.001130,0.000997,0.000992,0.002123,0.001530,0.000675,0.000203,0.000189
155800,0.000608,0.000988,0.003088,0.006792,0.001134,0.000999,0.000998,0.002116,0.001456,0.000628,0.000192,0.000198
155900,0.000582,0.000999,0.003077,0.005242,0.001144,0.000997,0.000995,0.002098,0.001559,0.000621,0.000194,0.000178
156000,0.000562,0.000933,0.003079,0.007496,0.001142,0.000997,0.000997,0.002124,0.001286,0.000649,0.000185,0.000202
156100,0.000606,0.000962,0.003077,0.007064,0.001137,0.000997,0.000995,0.002106,0.002116,0.000667,0.000210,0.000183
156200,0.000588,0.000967,0.003071,0.007184,0.001135,0.000993,0.000995,0.002176,0.001655,0.000660,0.000236,0.000224
156300,0.000554,0.001006,0.003076,0.006899,0.001135,0.001000,0.000995,0.002150,0.001412,0.000646,0.000211,0.000189
156400,0.000597,0.001013,0.003076,0.007557,0.001150,0.000998,0.000999,0.002144,0.001517,0.000602,0.000193,0.000186
156500,0.000636,0.000982,0.003080,0.005226,0.001132,0.000997,0.000996,0.002140,0.001397,0.000615,0.000176,0.000185
156600,0.000599,0.001043,0.003077,0.005629,0.001127,0.000997,0.000995,0.002149,0.001315,0.000616,0.000178,0.000195
156700,0.000579,0.000940,0.003080,0.007586,0.001139,0.000999,0.000997,0.002118,0.001182,0.000701,0.000188,0.000181
156800,0.000595,0.000940,0.003074,0.007083,0.001139,0.000995,0.000998,0.002150,0.001276,0.000610,0.000186,0.000185
156900,0.000590,0.000925,0.003088,0.007023,0.001148,0.000999,0.001000,0.002103,0.001231,0.000726,0.000186,0.000187
157000,0.000596,0.000992,0.003072,0.006609,0.001135,0.000999,0.000996,0.002154,0.001132,0.000643,0.000191,0.000197
157100,0.000586,0.000995,0.003073,0.006120,0.001145,0.001000,0.001001,0.002090,0.001412,0.000739,0.000181,0.000180
157200,0.000599,0.000953,0.003079,0.007869,0.001140,0.000997,0.000994,0.002068,0.001181,0.000637,0.000194,0.000192
157300,0.000570,0.000942,0.003076,0.006083,0.001135,0.000996,0.000997,0.002121,0.001455,0.000635,0.000192,0.000188
157400,0.000586,0.001004,0.003083,0.006739,0.001138,0.000998,0.000999,0.002166,0.001492,0.000682,0.000202,0.000201
157500,0.000572,0.001017,0.003077,0.006771,0.001122,0.000995,0.000994,0.002138,0.001381,0.000689,0.000184,0.000196
157600,0.000592,0.000983,0.003078,0.006572,0.001127,0.000997,0.000996,0.002141,0.001709,0.000557,0.000185,0.000201
157700,0.000624,0.000980,0.003077,0.006317,0.001133,0.001003,0.000998,0.002066,0.001503,0.000622,0.000183,0.000199
157800,0.000609,0.000953,0.003074,0.007030,0.001126,0.000999,0.000998,0.002148,0.001420,0.000673,0.000202,0.000188
157900,0.000590,0.000944,0.003074,0.006768,0.001122,0.000995,0.000998,0.002141,0.001443,0.000664,0.000180,0.000185
158000,0.000612,0.000978,0.003076,0.006488,0.001143,0.000997,0.000991,0.002166,0.001826,0.000578,0.000196,0.000213
158100,0.000579,0.000981,0.003075,0.006580,0.001139,0.001001,0.000998,0.002111,0.001216,0.000662,0.000187,0.000193
158200,0.000588,0.000984,0.003075,0.006147,0.001133,0.000994,0.000995,0.002122,0.001272,0.000614,0.000179,0.000193
158300,0.000581,0.000886,0.003079,0.009069,0.001139,0.000999,0.000999,0.002128,0.001400,0.000627,0.000179,0.000189
158400,0.000583,0.000922,0.003075,0.006986,0.001131,0.000997,0.001000,0.002137,0.001443,0.000653,0.000174,0.000186
158500,0.000591,0.000940,0.003085,0.006511,0.001136,0.000998,0.000997,0.002118,0.001314,0.000674,0.000194,0.000191
158600,0.000612,0.000921,0.003076,0.007300,0.001136,0.000997,0.000996,0.002129,0.001299,0.000720,0.000164,0.000174
158700,0.000597,0.000925,0.003074,0.005790,0.001144,0.000996,0.000998,0.002183,0.001285,0.000742,0.000199,0.000185
158800,0.000588,0.000947,0.003080,0.007046,0.001138,0.000997,0.000999,0.002107,0.001175,0.000667,0.000173,0.000184
158900,0.000627,0.001030,0.003074,0.007267,0.001137,0.000995,0.000996,0.002118,0.001632,0.000669,0.000176,0.000175
159000,0.000590,0.000983,0.003082,0.006445,0.001137,0.001001,0.001001,0.002195,0.001471,0.000597,0.000207,0.000199
159100,0.000576,0.000951,0.003079,0.007052,0.001149,0.000996,0.000996,0.002116,0.001321,0.000701,0.000179,0.000192
159200,0.000627,0.001045,0.003074,0.005910,0.001122,0.000999,0.000998,0.002141,0.001632,0.000596,0.000178,0.000185
159300,0.000614,0.000917,0.003077,0.007258,0.001127,0.000993,0.000995,0.002041,0.001063,0.000662,0.000186,0.000177
159400,0.000582,0.001008,0.003077,0.006251,0.001146,0.000998,0.000998,0.002119,0.001371,0.000645,0.000206,0.000196
159500,0.000586,0.000974,0.003076,0.006767,0.001143,0.000998,0.000996,0.002122,0.001501,0.000611,0.000187,0.000199
159600,0.000604,0.000969,0.003074,0.005988,0.001127,0.000994,0.000997,0.002136,0.001398,0.000685,0.000176,0.000192
159700,0.000598,0.000972,0.003076,0.005963,0.001138,0.000999,0.000999,0.002097,0.001243,0.000708,0.000186,0.000210
159800,0.000638,0.000976,0.003076,0.006738,0.001135,0.000997,0.001001,0.002118,0.001736,0.000683,0.000196,0.000195
159900,0.000564,0.000931,0.003079,0.007414,0.001147,0.000996,0.000997,0.002143,0.001544,0.000653,0.000191,0.000193
160000,0.000621,0.000987,0.003081,0.007234,0.001133,0.000998,0.000998,0.002157,0.001605,0.000682,0.000164,0.000192
160100,0.000535,0.001012,0.003073,0.006776,0.001135,0.000996,0.000999,0.002106,0.001331,0.000627,0.000196,0.000196
160200,0.000594,0.000990,0.003076,0.006735,0.001126,0.000998,0.000994,0.002153,0.001445,0.000790,0.000170,0.000186
160300,0.000596,0.000958,0.003077,0.005089,0.001133,0.001004,0.001002,0.002130,0.001463,0.000703,0.000181,0.000203
160400,0.000546,0.000979,0.003077,0.006758,0.001137,0.000996,0.000999,0.002160,0.001523,0.000651,0.000197,0.000182
160500,0.000595,0.000972,0.003074,0.007848,0.001122,0.000994,0.000994,0.002159,0.001348,0.000673,0.000215,0.000179
160600,0.000609,0.000983,0.003078,0.007491,0.001145,0.000997,0.000997,0.002190,0.001429,0.000657,0.000191,0.000184
160700,0.000589,0.000986,0.003083,0.007014,0.001145,0.000998,0.000997,0.002145,0.001315,0.000615,0.000178,0.000207
160800,0.000640,0.000884,0.003077,0.006504,0.001144,0.001000,0.001001,0.002133,0.001290,0.000682,0.000194,0.000196
160900,0.000552,0.000961,0.003081,0.006608,0.001127,0.000998,0.000994,0.002132,0.001338,0.000583,0.000200,0.000198
161000,0.000608,0.000877,0.003074,0.006757,0.001133,0.001000,0.000998,0.002118,0.001305,0.000610,0.000191,0.000181
161100,0.000597,0.000948,0.003075,0.006539,0.001132,0.000996,0.000997,0.002125,0.001445,0.000689,0.000185,0.000177
161200,0.000595,0.000928,0.003075,0.007934,0.001130,0.000997,0.000998,0.002141,0.001754,0.000725,0.000173,0.000182
161300,0.000598,0.000978,0.003075,0.007844,0.001131,0.001000,0.000997,0.002123,0.001671,0.000642,0.000181,0.000200
161400,0.000640,0.001002,0.003079,0.006410,0.001146,0.000998,0.000997,0.002111,0.001590,0.000721,0.000187,0.000200
161500,0.000603,0.000938,0.003074,0.006539,0.001142,0.000996,0.000998,0.002152,0.001288,0.000595,0.000190,0.000175
161600,0.000594,0.000902,0.003080,0.005625,0.001139,0.000999,0.000997,0.002135,0.001151,0.000580,0.000189,0.000199
161700,0.000614,0.000913,0.003073,0.006596,0.001136,0.001000,0.001000,0.002142,0.001263,0.000676,0.000176,0.000185
161800,0.000628,0.000880,0.003083,0.006937,0.001127,0.000997,0.000997,0.002120,0.001263,0.000603,0.000178,0.000191
161900,0.000588,0.000977,0.003074,0.006323,0.001137,0.000997,0.000997,0.002106,0.001513,0.000674,0.000168,0.000190
162000,0.000597,0.000917,0.003075,0.007228,0.001129,0.000998,0.000995,0.002107,0.001416,0.000673,0.000201,0.000191
162100,0.000593,0.000975,0.003076,0.007163,0.001142,0.000995,0.000996,0.002156,0.001277,0.000706,0.000179,0.000179
162200,0.000570,0.000980,0.003076,0.007467,0.001126,0.000997,0.000997,0.002145,0.001229,0.000768,0.000188,0.000186
162300,0.000595,0.000929,0.003083,0.006346,0.001139,0.001000,0.001001,0.002095,0.001447,0.000676,0.000190,0.000185
162400,0.000609,0.000924,0.003077,0.006082,0.001138,0.000996,0.000999,0.002107,0.001393,0.000628,0.000174,0.000206
162500,0.000586,0.000915,0.003077,0.006948,0.001133,0.000999,0.000999,0.002119,0.001758,0.000684,0.000205,0.000199
162600,0.000571,0.000983,0.003078,0.006779,0.001126,0.000999,0.000996,0.002161,0.001310,0.000661,0.000176,0.000195
162700,0.000585,0.000940,0.003072,0.006532,0.001141,0.001002,0.000996,0.002153,0.001320,0.000682,0.000185,0.000185
162800,0.000598,0.001018,0.003077,0.008295,0.001129,0.000997,0.000998,0.002144,0.001170,0.000661,0.000196,0.000169
162900,0.000556,0.001017,0.003076,0.006570,0.001133,0.000997,0.000999,0.002132,0.001290,0.000651,0.000194,0.000192
163000,0.000596,0.000861,0.003074,0.006319,0.001136,0.001000,0.000997,0.002132,0.001552,0.000535,0.000177,0.000191
163100,0.000584,0.001002,0.003075,0.005842,0.001132,0.000996,0.000999,0.002136,0.001191,0.000655,0.000183,0.000203
163200,0.000601,0.000991,0.003082,0.006402,0.001134,0.000995,0.000995,0.002148,0.001351,0.000637,0.000198,0.000183
163300,0.000601,0.000989,0.003078,0.007529,0.001137,0.000999,0.000998,0.002135,0.001499,0.000595,0.000192,0.000204
163400,0.000602,0.000976,0.003084,0.006970,0.001140,0.000995,0.000996,0.002122,0.001302,0.000636,0.000173,0.000185
163500,0.000597,0.000967,0.003072,0.007384,0.001129,0.000995,0.000996,0.002148,0.001582,0.000626,0.000187,0.000178
163600,0.000571,0.000935,0.003077,0.006577,0.001143,0.000999,0.001003,0.002148,0.001382,0.000653,0.000196,0.000170
163700,0.000590,0.001100,0.003079,0.007026,0.001137,0.000997,0.000999,0.002126,0.001215,0.000605,0.000201,0.000193
163800,0.000593,0.000986,0.003073,0.006792,0.001136,0.001001,0.000998,0.002133,0.001653,0.000676,0.000175,0.000168
163900,0.000602,0.000949,0.003081,0.006771,0.001130,0.000995,0.000995,0.002142,0.001308,0.000650,0.000175,0.000179
164000,0.000591,0.000964,0.003079,0.007079,0.001124,0.000998,0.000997,0.002102,0.001453,0.000741,0.000188,0.000196
164100,0.000643,0.000923,0.003078,0.007099,0.001130,0.000995,0.000990,0.002118,0.001520,0.000657,0.000204,0.000213
164200,0.000598,0.000986,0.003084,0.006964,0.001165,0.000997,0.000998,0.002106,0.001259,0.000642,0.000201,0.000179
164300,0.000621,0.001012,0.003075,0.006483,0.001139,0.001001,0.000999,0.002096,0.001436,0.000693,0.000164,0.000180
164400,0.000595,0.001019,0.003077,0.006783,0.001143,0.000992,0.000994,0.002171,0.001309,0.000634,0.000184,0.000193
164500,0.000579,0.000995,0.003084,0.006734,0.001150,0.000997,0.000998,0.002091,0.001324,0.000616,0.000176,0.000187
164600,0.000543,0.001001,0.003072,0.007588,0.001137,0.001000,0.000998,0.002156,0.001126,0.000666,0.000172,0.000175
164700,0.000613,0.001057,0.003073,0.006516,0.001130,0.001002,0.001000,0.002126,0.001541,0.000648,0.000191,0.000186
164800,0.000573,0.001014,0.003080,0.005654,0.001140,0.000995,0.000996,0.002125,0.001607,0.000706,0.000203,0.000189
164900,0.000571,0.001002,0.003078,0.005973,0.001130,0.001001,0.001001,0.002124,0.001429,0.000675,0.000202,0.000186
165000,0.000601,0.000958,0.003077,0.007491,0.001139,0.000999,0.000999,0.002126,0.001626,0.000686,0.000172,0.000206
165100,0.000629,0.000969,0.003074,0.007538,0.001140,0.000994,0.000996,0.002158,0.001389,0.000629,0.000182,0.000191
165200,0.000576,0.000968,0.003075,0.006765,0.001130,0.000996,0.000995,0.002137,0.001583,0.000639,0.000173,0.000185
165300,0.000550,0.000956,0.003077,0.006919,0.001136,inf,0.000997,0.002153,0.001544,0.000703,0.000202,0.000181
165400,0.000569,0.001008,0.003079,0.007293,0.001141,0.000997,0.000997,0.002129,0.001567,0.000610,0.000169,0.000185
165500,0.000637,0.000945,0.003079,0.006768,0.001138,0.000996,0.000995,0.002132,0.001205,0.000487,0.000172,0.000187
165600,0.000560,0.000940,0.003084,0.006794,0.001144,0.001002,0.000999,0.002132,0.001189,0.000656,0.000202,0.000166
165700,0.000580,0.001001,0.003072,0.006040,0.001129,0.000999,0.000996,0.002149,0.001087,0.000615,0.000165,0.000173
165800,0.000637,0.000908,0.003080,0.006793,0.001149,0.001001,0.000998,0.002105,0.001301,0.000642,0.000167,0.000185
165900,0.000587,0.001000,0.003076,0.006506,0.001124,0.000996,0.000998,0.002111,0.001697,0.000722,0.000195,0.000187
166000,0.000600,0.000963,0.003074,0.006931,0.001149,0.000996,0.000997,0.002132,0.001402,0.000619,0.000189,0.000185
166100,0.000567,0.000923,0.003078,0.006403,0.001129,0.000997,0.000995,0.002137,0.001495,0.000652,0.000189,0.000185
166200,0.000610,0.000877,0.003075,0.005941,0.001141,0.000999,0.000999,0.002119,0.001436,0.000654,0.000193,0.000204
166300,0.000590,0.000990,0.003074,0.006287,0.001150,0.000996,0.000996,0.002166,0.001215,0.000656,0.000191,0.000187
166400,0.000593,0.001001,0.003078,0.006387,0.001152,0.000994,0.000995,0.002163,0.001430,0.000612,0.000195,0.000176
166500,inf,0.000939,0.003080,0.007204,0.001138,0.000999,0.000996,0.002101,0.001516,0.000624,0.000174,0.000174
166600,0.000608,0.000942,0.003074,0.006936,0.001163,0.000995,0.000996,0.002136,0.001174,0.000704,0.000199,0.000182
166700,0.000625,0.001026,0.003088,0.007425,0.001139,0.001000,0.001001,0.002138,0.001107,0.000617,0.000178,0.000174
166800,0.000578,0.000962,0.003073,0.006526,0.001131,0.000998,0.000999,0.002116,0.001319,0.000719,0.000183,0.000193
166900,0.000613,0.000920,0.003074,0.006757,0.001136,0.001000,0.000999,0.002132,0.001644,0.000704,0.000174,0.000199
167000,0.000598,0.000954,0.003076,0.007530,0.001142,0.000995,0.000999,0.002146,0.001417,0.000611,0.000199,0.000179
167100,0.000597,0.000998,0.003073,0.007122,0.001141,0.000999,0.000996,0.002107,0.001356,0.000635,0.000194,0.000187
167200,0.000639,0.000893,0.003080,0.006529,0.001137,0.000996,0.000998,0.002095,0.001512,0.000662,0.000180,0.000195
167300,0.000613,0.000949,0.003076,0.006780,0.001136,0.000993,0.000995,0.002151,0.001205,0.000570,0.000171,0.000201
167400,0.000613,0.001046,0.003077,0.005902,0.001133,0.000996,0.000995,0.002173,0.001545,0.000648,0.000191,0.000177
167500,0.000642,0.000965,0.003077,0.006984,0.001132,0.000995,0.001000,0.002079,0.001299,0.000685,0.000184,0.000196
167600,0.000627,0.001061,0.003067,0.006735,0.001137,0.000998,0.000998,0.002134,0.001449,0.000721,0.000193,0.000193
167700,0.000621,0.000919,0.003078,0.006958,0.001127,0.000996,0.000995,0.002117,0.001521,0.000649,0.000171,0.000175
167800,0.000590,0.000938,0.003079,0.006282,0.001135,0.000996,0.000998,0.002154,0.001302,0.000684,0.000176,0.000186
167900,0.000599,0.000958,0.003074,0.006328,0.001149,0.000997,0.000998,0.002151,0.001165,0.000629,0.000182,0.000194
168000,0.000611,0.000994,0.003075,0.006115,0.001137,0.000995,0.000994,0.002145,0.001309,0.000591,0.000168,0.000180
168100,0.000577,0.000937,0.003081,0.007599,0.001139,0.000996,0.000996,0.002102,0.001398,0.000593,0.000184,0.000186
168200,0.000556,0.000991,0.003072,0.006506,0.001135,0.001005,0.000998,0.002127,0.001151,0.000692,0.000179,0.000178
168300,0.000587,0.001033,0.003082,0.006800,0.001109,0.000998,0.000997,0.002158,0.001356,0.000580,0.000175,0.000182
168400,0.000618,0.000991,0.003064,0.007626,0.001134,0.000997,0.000997,0.002125,0.001563,0.000748,0.000181,0.000184
168500,0.000577,0.000969,0.003079,0.007251,0.001141,0.000998,0.000997,0.002109,0.001235,0.000672,0.000181,0.000184
168600,0.000605,0.000990,0.003077,0.007138,0.001142,0.001004,0.000998,0.002136,0.001285,0.000669,0.000166,0.000185
168700,0.000625,0.000968,0.003074,0.005951,0.001139,0.000992,0.000994,0.002098,0.001106,0.000579,0.000188,0.000179
168800,0.000600,0.000935,0.003083,0.007246,0.001147,0.000997,0.001005,0.002150,0.001407,0.000615,0.000190,0.000191
168900,0.000628,0.000918,0.003077,0.005447,0.001141,0.000999,0.001000,0.002129,0.001425,0.000659,0.000208,0.000182
169000,0.000586,0.000963,0.003075,0.005740,0.001124,0.000997,0.000998,0.002124,0.001421,0.000618,0.000193,0.000185
169100,0.000577,0.001023,0.003078,0.007264,0.001126,0.000996,0.000993,0.002098,0.001481,0.000663,0.000166,0.000199
169200,0.000571,0.000954,0.003078,0.006945,0.001128,0.000996,0.001000,0.002135,inf,0.000629,0.000165,0.000180
169300,0.000582,0.001035,0.003075,0.006780,0.001137,0.000998,0.000995,0.002089,0.001339,0.000671,0.000177,0.000171
169400,0.000623,0.000985,0.003078,0.006408,0.001140,0.000997,0.000992,0.002181,0.001467,0.000682,0.000199,0.000189
169500,0.000627,0.000939,0.003071,0.006764,0.001138,0.001000,0.000998,0.002148,0.001341,0.000606,0.000176,0.000187
169600,0.000594,0.001057,0.003079,0.006054,0.001144,0.000997,0.000997,0.002160,0.001034,0.000628,0.000196,0.000184
169700,0.000583,0.001036,0.003078,0.006795,0.001141,0.000995,0.000997,0.002128,0.001119,0.000589,0.000180,0.000181
169800,0.000619,0.001014,0.003083,0.006033,0.001113,0.000996,0.000999,0.002147,0.001582,0.000681,0.000183,0.000181
169900,0.000600,0.000971,0.003070,0.005533,0.001128,0.000997,0.000997,0.002133,0.001582,0.000719,0.000198,0.000193
170000,0.000602,0.000881,0.003076,0.007159,0.001139,0.000998,0.000996,0.002121,inf,0.000624,0.000182,0.000191
170100,0.000579,0.001007,0.003080,0.007598,0.001125,0.000997,0.001001,0.002142,0.001575,0.000649,0.000176,0.000187
170200,0.000590,0.000967,0.003065,0.006585,0.001136,0.001001,0.000997,0.002160,0.001527,0.000610,0.000187,0.000187
170300,0.000605,0.000984,0.003076,0.007142,0.001130,0.000995,0.000994,0.002151,inf,0.000695,0.000184,0.000183
170400,0.000596,0.001012,0.003082,0.005929,0.001127,0.000997,0.001000,0.002143,0.001379,0.000638,0.000214,0.000182
170500,0.000614,0.000982,0.003087,0.006763,0.001133,0.000997,0.000998,0.002148,0.001367,0.000656,0.000179,0.000187
170600,0.000594,0.000926,0.003071,0.006154,0.001138,0.001011,0.000999,0.002140,0.001346,0.000611,0.000189,0.000175
170700,0.000619,0.000874,0.003079,0.005953,0.001141,0.000998,0.000996,0.002161,0.001392,0.000614,0.000239,0.000186
170800,0.000634,0.000943,0.003074,0.007205,0.001131,0.000999,0.000997,0.002136,0.001377,0.000720,0.000189,0.000191
170900,0.000591,0.000876,0.003075,0.007497,0.001130,0.000999,0.000997,0.002112,0.001464,0.000703,0.000199,0.000193
171000,0.000588,0.000987,0.003078,0.007237,0.001137,0.000994,0.000999,0.002158,0.001593,0.000672,0.000179,0.000206
171100,0.000595,0.001014,0.003073,0.006406,0.001133,0.000998,0.000996,0.002146,0.001361,0.000571,0.000200,0.000179
171200,0.000614,0.001004,0.003077,0.006937,0.001136,0.000997,0.001002,0.002123,0.001404,0.000663,0.000192,0.000189
171300,0.000588,0.000983,0.003076,0.006751,0.001136,0.000996,0.000995,0.002103,0.001366,0.000672,0.000179,0.000194
171400,0.000585,0.000937,0.003078,0.006418,0.001138,0.000999,0.000998,0.002133,0.001423,0.000675,0.000177,0.000183
171500,0.000584,0.001000,0.003073,0.006269,0.001133,0.000997,0.000999,0.002180,0.001677,0.000710,0.000177,0.000180
171600,0.000584,0.000962,0.003083,0.006795,0.001137,0.000998,0.000994,0.002132,0.001085,0.000656,0.000181,0.000179
171700,0.000603,0.000979,0.003074,0.006660,0.001136,0.000997,0.000996,0.002096,0.001391,0.000598,0.000206,0.000179
171800,0.000608,0.000972,0.003079,0.005533,0.001123,0.000997,0.000998,0.002152,0.001238,0.000615,0.000171,0.000179
171900,0.000594,0.000956,0.003074,0.007800,0.001119,0.000994,0.000994,0.002100,0.001268,0.000634,0.000186,0.000185
172000,0.000583,0.000950,0.003080,0.006951,0.001157,0.000997,0.000996,0.002127,0.001253,0.000661,0.000170,0.000193
172100,0.000580,0.000972,0.003080,0.006531,0.001134,0.001002,0.001000,0.002127,0.001333,0.000697,0.000174,0.000190
172200,0.000563,0.001009,0.003076,0.007405,0.001139,0.000997,0.000996,0.002141,0.001215,0.000533,0.000168,0.000191
172300,0.000591,0.000939,0.003079,0.007213,0.001136,0.000999,0.000995,0.002158,0.001322,0.000710,0.000177,0.000197
172400,0.000557,0.000955,0.003079,0.006084,0.001137,0.000996,0.000997,0.002131,0.001575,0.000613,0.000185,0.000187
172500,0.000625,0.000936,0.003071,0.007306,0.001131,0.001005,inf,0.002110,0.001292,0.000643,0.000198,0.000171
172600,0.000555,0.001031,0.003076,0.006937,0.001135,0.000995,0.000999,0.002112,0.001052,0.000671,0.000177,0.000195
172700,0.000590,0.000958,0.003074,0.007183,0.001139,0.000999,0.000998,0.002132,0.001218,0.000660,0.000169,0.000173
172800,0.000591,0.000993,0.003081,0.006761,0.001137,0.000999,0.000998,0.002143,0.001436,0.000703,0.000184,0.000187
172900,0.000583,0.000942,0.003075,0.005862,0.001134,0.000998,0.000995,0.002123,0.001164,0.000673,0.000180,0.000191
173000,0.000597,0.000997,0.003082,0.007185,0.001127,0.000995,0.001000,0.002093,0.002098,0.000626,0.000193,0.000209
173100,0.000642,0.000978,0.003071,0.006607,0.001134,0.000997,0.000997,0.002147,0.001247,0.000620,0.000178,0.000190
173200,0.000602,0.001002,0.003079,0.006417,0.001137,0.000997,0.000992,0.002170,0.001174,0.000703,0.000179,0.000189
173300,0.000604,0.000964,0.003067,0.006425,0.001132,0.000996,0.000996,0.002181,0.001256,0.000660,0.000181,0.000186
173400,0.000607,0.000991,0.003078,0.006991,0.001135,0.001002,0.001002,0.002133,0.001218,0.000631,0.000178,0.000216
173500,0.000584,0.001023,0.003071,0.007085,0.001127,0.000997,0.000998,0.002116,0.001479,0.000628,0.000183,0.000192
173600,0.000622,0.000992,0.003078,0.006776,0.001143,0.000994,0.000998,0.002163,0.001249,0.000667,0.000179,0.000178
173700,0.000587,0.000996,0.003081,0.006766,0.001135,0.000997,0.000997,0.002135,0.001259,0.000604,0.000165,0.000198
173800,0.000627,0.000877,0.003077,0.006287,0.001132,0.000997,0.000997,0.002148,0.001290,0.000683,0.000191,0.000176
173900,0.000604,0.000961,0.003079,0.007406,0.001137,0.000995,0.000993,0.002103,0.001146,0.000646,0.000173,0.000179
174000,0.000614,0.000947,0.003075,0.007176,0.001123,0.000998,0.000996,0.002140,0.001272,0.000672,0.000166,0.000182
174100,0.000589,0.000942,0.003074,0.006180,0.001134,0.001000,0.000998,0.002166,0.001204,0.000664,0.000182,0.000182
174200,0.000620,0.000989,0.003074,0.006770,0.001122,0.000998,0.000995,0.002165,0.001209,0.000680,0.000164,0.000181
174300,0.000653,0.000987,0.003080,0.006988,0.001140,0.000998,0.000995,0.002157,0.001040,0.000627,0.000180,0.000183
174400,0.000621,0.000988,0.003073,0.006607,0.001138,inf,0.000997,0.002090,0.001499,0.000607,0.000176,0.000195
174500,0.000588,0.000967,0.003075,0.006906,0.001138,0.001000,0.001006,0.002146,0.001507,0.000601,0.000190,0.000201
174600,0.000570,0.000976,0.003077,0.005488,0.001144,0.000996,0.000994,0.002142,0.001566,0.000618,0.000182,0.000179
174700,0.000615,0.000931,0.003080,0.006742,0.001138,0.000999,0.000998,0.002100,0.001562,0.000630,0.000170,0.000182
174800,0.000554,0.001030,0.003077,0.006748,0.001147,0.000996,0.000997,0.002175,0.001169,0.000682,0.000184,0.000185
174900,0.000604,0.001036,0.003067,0.006779,0.001118,0.000992,0.000997,0.002141,0.001286,0.000639,0.000185,0.000192
175000,0.000622,0.000931,0.003076,0.007096,0.001136,0.000998,0.000998,0.002121,0.001670,0.000727,0.000205,0.000189
175100,0.000601,0.000976,0.003074,0.006919,0.001136,0.000996,0.000997,0.002096,0.001157,0.000687,0.000169,0.000186
175200,0.000587,0.000912,0.003079,0.006752,0.001135,0.000996,0.000996,0.002127,0.001345,0.000689,0.000184,0.000183
175300,0.000602,0.000970,0.003081,0.007257,0.001140,0.001000,0.000996,0.002177,0.001231,0.000650,0.000179,0.000182
175400,0.000591,0.000918,0.003081,0.007634,0.001139,0.000999,0.000996,0.002137,0.001523,0.000599,0.000184,0.000177
175500,0.000577,0.000943,0.003066,0.006225,0.001141,0.001000,0.000997,0.002135,0.001459,0.000614,0.000177,0.000192
175600,0.000603,0.001015,0.003079,0.006950,0.001147,0.000995,0.000997,0.002126,0.001824,0.000673,0.000187,0.000194
175700,0.000577,0.000995,0.003077,0.007156,0.001137,0.000998,0.000995,0.002123,0.001470,0.000659,0.000180,0.000182
175800,0.000593,0.000983,0.003069,0.006980,0.001138,0.000998,0.000995,0.002133,0.001287,0.000692,0.000180,0.000189
175900,0.000593,0.000979,0.003075,0.005751,0.001125,0.000997,0.000996,0.002119,0.001232,0.000660,0.000178,0.000169
176000,0.000574,0.001051,0.003077,0.006566,0.001130,0.001001,0.001000,0.002095,0.001210,0.000697,0.000182,0.000175
176100,0.000620,0.000876,0.003081,0.007112,0.001132,0.000996,0.000993,0.002135,0.001211,0.000644,0.000164,0.000184
176200,0.000597,0.000963,0.003074,0.006303,0.001125,0.000996,0.000995,0.002125,0.001307,0.000694,0.000176,0.000184
176300,0.000554,0.001013,0.003084,0.006694,0.001135,0.000995,0.000998,0.002132,0.001177,0.000637,0.000202,0.000178
176400,0.000577,0.000941,0.003077,0.006589,0.001146,0.000998,0.000996,0.002110,0.001169,0.000644,0.000168,0.000177
176500,0.000579,0.001005,0.003084,0.006259,0.001143,0.000998,0.000997,0.002150,0.001333,0.000708,0.000206,0.000194
176600,0.000562,0.000995,0.003073,0.007022,0.001144,0.000997,0.000998,0.002092,0.001346,0.000598,0.000179,0.000180
176700,0.000599,0.000964,0.003071,0.006298,0.001133,0.001000,0.001000,0.002141,0.001404,0.000677,0.000186,0.000197
176800,0.000608,0.000991,0.003076,0.005600,0.001128,0.000995,0.000995,0.002126,0.001190,0.000672,0.000179,0.000189
176900,0.000597,0.001019,0.003075,0.006396,0.001130,0.000999,0.000998,0.002119,0.001510,0.000711,0.000210,0.000183
177000,0.000592,0.000982,0.003086,0.007350,0.001137,0.000997,0.000998,0.002159,0.001495,0.000604,0.000207,0.000180
177100,0.000579,0.000981,0.003077,0.006326,0.001141,0.000997,0.000995,0.002095,0.001292,0.000639,0.000171,0.000177
177200,0.000570,0.001052,0.003080,0.007152,0.001129,0.000991,0.000995,0.002108,0.001332,0.000556,0.000180,0.000171
177300,0.000609,0.001028,0.003075,0.007320,0.001140,0.000996,0.000999,0.002179,0.001354,0.000610,0.000163,0.000173
177400,0.000608,0.000997,0.003074,0.006947,0.001142,0.001000,0.000998,0.002102,0.001796,0.000623,0.000244,0.000195
177500,0.000594,0.000984,0.003078,0.007590,0.001133,0.000995,0.000995,0.002125,0.001325,0.000533,0.000171,0.000192
177600,0.000627,0.000990,0.003078,0.006996,0.001144,0.001000,0.000996,0.002132,0.001279,0.000603,0.000164,0.000196
177700,0.000587,0.001031,0.003075,0.006732,0.001128,0.000998,0.000999,0.002129,0.001342,0.000736,0.000165,0.000180
177800,0.000609,0.000945,0.003077,0.007074,0.001137,0.000996,0.000994,0.002140,0.001382,0.000673,0.000167,0.000201
177900,0.000594,0.001002,0.003081,0.006389,0.001138,0.000997,0.000996,0.002094,0.001171,0.000675,0.000179,0.000194
178000,0.000625,0.000953,0.003073,0.006543,0.001144,0.000999,0.000999,0.002112,0.001549,0.000598,0.000164,0.000183
178100,0.000590,0.000954,0.003086,0.006105,0.001131,0.000998,0.000996,0.002105,0.001482,0.000631,0.000162,0.000169
178200,0.000622,0.000962,0.003065,0.006415,0.001117,0.000995,0.000997,0.002115,0.001282,0.000680,0.000171,0.000188
178300,0.000604,0.000983,0.003078,0.006431,0.001138,0.000995,0.000995,0.002158,0.001249,0.000636,0.000177,0.000192
178400,0.000599,0.000934,0.003076,0.006805,0.001134,0.000999,0.000997,0.002114,0.001383,0.000620,0.000182,0.000182
178500,0.000596,0.000922,0.003075,0.006579,0.001127,0.000993,0.000996,0.002109,0.001501,0.000615,0.000185,0.000199
178600,0.000609,0.000993,0.003086,0.006783,0.001135,0.000997,0.000995,0.002112,0.001544,0.000556,0.000182,0.000183
178700,0.000597,0.001004,0.003076,0.007361,0.001134,0.001000,0.001001,0.002144,0.001287,0.000619,0.000190,0.000187
178800,0.000610,0.000879,0.003077,0.006278,0.001124,0.000995,0.000994,0.002142,0.001390,0.000626,0.000184,0.000182
178900,0.000561,0.000952,0.003079,0.007122,0.001152,0.000995,0.000996,0.002126,0.001320,0.000597,0.000183,0.000189
179000,0.000573,0.001036,0.003080,0.006317,0.001141,0.000999,0.000998,0.002081,0.001270,0.000747,0.000182,0.000182
179100,0.000585,0.000955,0.003074,0.006268,0.001137,0.000996,0.000996,0.002135,0.001327,0.000650,0.000171,0.000186
179200,0.000585,0.000926,0.003079,0.006773,0.001141,0.000995,0.000994,0.002150,0.001219,0.000700,0.000164,0.000173
179300,0.000594,0.001043,0.003071,0.006419,0.001142,0.000999,0.000998,0.002154,0.001311,0.000724,0.000158,0.000165
179400,0.000602,0.000970,0.003074,0.006289,0.001133,0.000995,0.000995,0.002090,0.001713,0.000718,0.000182,0.000183
179500,0.000595,0.000995,0.003078,0.008073,0.001124,0.000996,0.000997,0.002131,0.001359,0.000675,0.000187,0.000204
179600,0.000592,0.001003,0.003079,0.005740,0.001140,0.000998,0.000996,0.002125,0.002258,0.000701,0.000180,0.000192
179700,0.000621,0.000963,0.003079,0.006400,0.001111,0.000997,0.000997,0.002166,0.001451,0.000573,0.000179,0.000185
179800,0.000491,0.000906,0.003074,0.006915,0.001124,0.000996,0.000997,0.002131,0.001434,0.000635,0.000199,0.000184
179900,0.000594,0.000945,0.003079,0.006505,0.001140,0.001000,0.000997,0.002129,0.001238,0.000677,0.000212,0.000173
180000,0.000617,0.000962,0.003074,0.006965,0.001140,0.001001,0.000998,0.002128,0.001286,0.000720,0.000182,0.000183
180100,0.000622,0.000926,0.003075,0.007535,0.001129,0.000996,0.000995,0.002119,0.001421,0.000672,0.000183,0.000168
180200,0.000600,0.000966,0.003073,0.006941,0.001127,0.000998,0.000995,0.002135,0.001359,0.000673,0.000166,0.000174
180300,0.000665,0.001008,0.003084,0.006751,0.001134,0.000996,0.001000,0.002148,0.001244,0.000637,0.000163,0.000186
180400,0.000584,0.000954,0.003076,0.006579,0.001134,0.001001,0.001005,0.002132,0.001122,0.000699,0.000175,0.000164
180500,0.000568,0.000939,0.003078,0.007083,0.001129,0.000995,0.000995,0.002122,0.001398,0.000699,0.000204,0.000173
180600,0.000614,0.001026,0.003078,0.006772,0.001141,0.001002,0.000998,0.002131,0.001206,0.000656,0.000176,0.000179
180700,0.000582,0.000990,0.003071,0.006965,0.001129,0.000997,0.000999,0.002153,0.001684,0.000683,0.000170,0.000195
180800,0.000617,0.001066,0.003075,0.007119,0.001155,0.000996,0.000997,0.002117,0.001173,0.000671,0.000171,0.000173
180900,0.000576,0.000923,0.003074,0.005756,0.001136,0.000995,0.001001,0.002132,0.001596,0.000628,0.000185,0.000202
181000,0.000623,0.000906,0.003073,0.006421,0.001128,0.000999,0.000997,0.002141,0.001379,0.000637,0.000204,0.000175
181100,0.000583,0.000988,0.003083,0.005133,0.001133,0.000995,0.000997,0.002092,0.001327,0.000590,0.000182,0.000182
181200,0.000600,0.001004,0.003079,0.006811,0.001140,0.000998,0.000993,0.002185,0.001342,0.000650,0.000210,0.000172
181300,0.000566,0.001021,0.003073,0.006616,0.001149,0.000998,0.000999,0.002130,0.001427,0.000622,0.000164,0.000182
181400,0.000615,0.000964,0.003084,0.006775,0.001126,0.000997,0.000998,0.002144,0.001267,0.000584,0.000174,0.000181
181500,0.000607,0.001019,0.003075,0.006274,0.001142,0.000996,0.000995,0.002098,0.001230,0.000600,0.000174,0.000174
181600,0.000562,0.000915,0.003077,0.007032,0.001141,0.000997,0.000998,0.002139,0.001467,0.000699,0.000173,0.000169
181700,0.000602,0.000946,0.003076,0.006634,0.001135,0.000993,0.000995,0.002119,0.001639,0.000649,0.000184,0.000178
181800,0.000567,0.000896,0.003075,0.006570,0.001146,0.000998,0.000996,0.002118,0.001342,0.000666,0.000189,0.000171
181900,0.000592,0.000976,0.003083,0.006291,0.001144,0.001000,0.001000,0.002122,0.001252,0.000691,0.000179,0.000183
182000,0.000578,0.000964,0.003075,0.007741,0.001128,0.000996,0.000996,0.002130,0.001284,0.000719,0.000196,0.000171
182100,0.000581,0.000931,0.003079,0.006930,0.001135,0.000996,0.000997,0.002127,0.001210,0.000627,0.000153,0.000176
182200,0.000617,0.000954,0.003078,0.005654,0.001136,0.000998,0.000994,0.002070,0.001547,0.000667,0.000192,0.000166
182300,0.000596,0.000927,0.003072,0.006493,0.001111,0.000995,0.001000,0.002131,0.001367,0.000584,0.000194,0.000195
182400,0.000610,0.000962,0.003078,0.006556,0.001128,0.000998,0.000999,0.002091,0.001270,0.000664,0.000200,0.000196
182500,0.000576,0.001059,0.003078,0.007067,0.001136,0.000998,0.000999,0.002134,0.001227,0.000651,0.000170,0.000177
182600,0.000591,0.000995,0.003075,0.006559,0.001148,0.000998,0.000998,0.002109,0.001327,0.000671,0.000180,0.000178
182700,0.000616,0.000973,0.003070,0.006735,0.001137,0.000996,0.000999,0.002170,0.001439,0.000611,0.000179,0.000176
182800,0.000590,0.000940,0.003083,0.007502,0.001176,0.000996,0.000994,0.002124,0.001289,0.000693,0.000188,0.000168
182900,0.000587,0.001006,0.003072,0.005836,0.001133,0.000999,0.000999,0.002147,0.001152,0.000698,0.000193,0.000195
183000,0.000571,0.000946,0.003075,0.007625,0.001141,0.000997,0.000996,0.002159,0.001198,0.000673,0.000202,0.000184
183100,0.000585,0.000991,0.003079,0.006552,0.001136,0.000991,0.000998,0.002141,0.001347,0.000592,0.000181,0.000180
183200,0.000610,0.000950,0.003074,0.006772,0.001134,0.000997,0.001003,0.002083,0.001225,0.000631,0.000169,0.000174
183300,0.000604,0.000964,0.003077,0.006762,0.001140,0.001000,0.000996,0.002135,0.001084,0.000599,0.000166,0.000171
183400,0.000633,0.000923,0.003073,0.006772,0.001125,0.000995,0.000996,0.002129,0.001280,0.000664,0.000180,0.000185
183500,0.000597,0.001019,0.003080,0.007151,0.001152,inf,0.000997,0.002140,0.001426,0.000643,0.000195,0.000183
183600,0.000624,0.000946,0.003081,0.006511,0.001142,0.000996,0.000998,0.002134,0.001469,0.000628,0.000178,0.000185
183700,0.000564,0.000975,0.003078,0.006218,0.001135,0.000993,0.000993,0.002121,0.001444,0.000563,0.000175,0.000168
183800,0.000604,0.000965,0.003076,0.005959,0.001140,0.000998,0.001003,0.002150,0.001525,0.000588,0.000198,0.000180
183900,0.000579,0.001015,0.003074,0.006185,0.001145,0.000999,0.000995,0.002099,0.001492,0.000675,0.000180,0.000185
184000,0.000603,0.000979,0.003075,0.006776,0.001120,0.000996,0.000997,0.002133,0.001456,0.000719,0.000167,0.000192
184100,0.000602,0.001031,0.003079,0.007324,0.001130,0.000996,0.000996,0.002134,0.001337,0.000674,0.000164,0.000186
184200,0.000606,0.000966,0.003066,0.006477,0.001140,0.000996,0.000998,0.002136,0.001109,0.000611,0.000181,0.000184
184300,0.000594,0.000951,0.003075,0.007518,0.001145,0.000999,0.001001,0.002100,0.001466,0.000641,0.000179,0.000190
184400,0.000613,0.000991,0.003078,0.005987,0.001122,0.000996,0.000994,0.002130,0.001449,0.000653,0.000180,0.000192
184500,0.000546,0.000947,0.003088,0.006990,0.001143,0.001001,0.001002,0.002121,0.001253,0.000606,0.000178,0.000180
184600,0.000572,0.000901,0.003077,0.006937,0.001145,0.000998,0.000998,0.002121,0.001219,0.000645,0.000172,0.000199
184700,0.000598,0.000998,0.003075,0.005595,0.001136,0.000994,0.000995,0.002152,0.001488,0.000617,0.000172,0.000172
184800,0.000635,0.001035,0.003072,0.006970,0.001130,0.000997,0.000995,0.002108,0.001295,0.000648,0.000188,0.000206
184900,0.000606,0.000973,0.003078,0.007546,0.001140,0.000999,0.000994,0.002129,0.001489,0.000662,0.000173,0.000173
185000,0.000584,0.001067,0.003079,0.007087,0.001142,0.000998,0.000996,0.002143,0.001421,0.000708,0.000172,0.000176
185100,0.000610,0.000947,0.003079,0.005783,0.001132,0.000994,0.000999,0.002088,0.001347,0.000635,0.000172,0.000184
185200,0.000593,0.000922,0.003080,0.006767,0.001120,0.000998,0.000999,0.002141,0.001314,0.000629,0.000179,0.000165
185300,0.000600,0.000984,0.003076,0.005723,0.001130,0.000999,0.000996,0.002124,0.001308,0.000665,0.000164,0.000187
185400,0.000537,0.001004,0.003078,0.007455,0.001131,0.000998,0.000992,0.002150,0.001649,0.000695,0.000185,0.000221
185500,0.000579,0.001004,0.003074,0.006766,0.001144,0.000999,0.000999,0.002141,0.001268,0.000711,0.000169,0.000178
185600,0.000607,0.001003,0.003074,0.006034,0.001128,0.000995,0.000995,0.002145,0.001370,0.000677,0.000190,0.000171
185700,0.000609,0.001035,0.003081,0.006472,0.001123,0.000994,0.000997,0.002142,0.001196,0.000661,0.000185,0.000170
185800,0.000597,0.001012,0.003075,0.007230,0.001142,0.001000,0.000999,0.002145,0.001406,0.000669,0.000177,0.000185
185900,0.000564,0.000970,0.003080,0.005869,0.001130,0.000997,0.000997,0.002135,0.001323,0.000637,0.000170,0.000179
186000,0.000618,0.000950,0.003077,0.006733,0.001131,0.000996,0.000996,0.002164,0.001361,0.000602,0.000187,0.000179
186100,0.000631,0.000898,0.003072,0.007718,0.001138,0.000998,0.000998,0.002091,0.001246,0.000681,0.000165,0.000177
186200,0.000594,0.000918,0.003077,0.006550,0.001130,0.000996,0.000997,0.002105,0.001081,0.000612,0.000181,0.000176
186300,0.000621,0.000957,0.003087,0.007162,0.001147,0.001000,0.001000,0.002134,0.001399,0.000594,0.000178,0.000188
186400,0.000623,0.000967,0.003072,0.007824,0.001143,0.000998,0.000997,0.002125,0.001662,0.000664,0.000171,0.000192
186500,0.000613,0.000961,0.003077,0.006372,0.001138,0.000999,0.001001,0.002142,0.001374,0.000719,0.000161,0.000187
186600,0.000596,0.000927,0.003074,0.008027,0.001139,0.000996,0.000998,0.002127,0.001287,0.000616,0.000164,0.000180
186700,0.000577,0.000918,0.003075,0.006993,0.001135,0.000994,0.000997,0.002150,0.001323,0.000719,0.000176,0.000178
186800,0.000603,0.000965,0.003086,0.006126,0.001132,0.000997,0.000997,0.002144,0.001144,0.000676,0.000172,0.000181
186900,0.000609,0.000931,0.003077,0.006416,0.001135,0.000996,0.000996,0.002143,0.001291,0.000674,0.000190,0.000183
187000,0.000589,0.000990,0.003077,0.006293,0.001135,0.000990,0.000994,0.002099,0.001340,0.000566,0.000172,0.000195
187100,0.000634,0.000946,0.003077,0.006808,0.001143,0.000998,0.000998,0.002090,0.001262,0.000617,0.000181,0.000186
187200,0.000618,0.000956,0.003073,0.006467,0.001135,0.000999,0.000997,0.002132,0.001051,0.000686,0.000164,0.000177
187300,0.000609,0.000942,0.003076,0.006975,0.001148,0.000998,0.000996,0.002097,0.001176,0.000664,0.000181,0.000174
187400,inf,0.000941,0.003078,0.006190,0.001131,0.000992,0.000997,0.002100,0.001415,0.000649,0.000156,0.000177
187500,0.000611,0.000940,0.003078,0.006756,0.001148,0.000998,0.001000,0.002114,0.001440,0.000646,0.000156,0.000188
187600,0.000547,0.000919,0.003063,0.007793,0.001143,0.000996,0.000994,0.002172,0.001307,0.000602,0.000175,0.000182
187700,0.000626,0.000983,0.003078,0.006542,0.001123,0.000998,0.000999,0.002160,0.001236,0.000712,0.000164,0.000185
187800,0.000598,0.000998,0.003076,0.007738,0.001130,0.000994,0.000999,0.002173,0.001419,0.000603,0.000158,0.000171
187900,0.000587,0.000899,0.003086,0.007255,0.001124,0.000996,0.000995,0.002155,0.001247,0.000628,0.000165,0.000193
188000,0.000576,0.001006,0.003073,0.005757,0.001127,0.000992,0.000998,0.002162,0.001378,0.000657,0.000171,0.000194
188100,0.000565,0.000961,0.003078,0.007286,0.001144,0.000996,0.000997,0.002095,0.001404,0.000663,0.000194,0.000205
188200,0.000612,0.000992,0.003072,0.008045,0.001141,0.000997,0.001000,0.002106,0.001301,0.000615,0.000165,0.000183
188300,0.000605,0.000959,0.003078,0.006883,0.001141,0.000999,0.000999,0.002170,0.001448,0.000570,0.000197,0.000187
188400,0.000590,0.000941,0.003082,0.006517,0.001127,0.000998,0.000998,0.002137,0.001858,0.000626,0.000193,0.000194
188500,0.000582,0.001066,0.003078,0.005838,0.001138,0.000999,0.000997,0.002105,0.001292,0.000675,0.000185,0.000183
188600,0.000630,0.000951,0.003077,0.007235,0.001129,0.000995,0.000996,0.002189,0.001110,0.000712,0.000182,0.000173
188700,0.000585,0.000907,0.003077,0.007066,0.001142,0.000992,0.000997,0.002150,0.001568,0.000636,0.000172,0.000175
188800,0.000591,0.000872,0.003079,0.006942,0.001136,0.001000,0.000997,0.002151,0.001289,0.000614,0.000167,0.000184
188900,0.000592,0.000990,0.003073,0.006010,0.001127,0.000994,0.000997,0.002087,0.001220,0.000685,0.000175,0.000169
189000,0.000612,0.000983,0.003076,0.006317,0.001122,0.000997,0.000993,0.002131,0.001428,0.000629,0.000177,0.000173
189100,0.000580,0.000962,0.003072,0.007576,0.001159,0.001001,0.001002,0.002136,0.001163,0.000697,0.000170,0.000184
189200,0.000610,0.000947,0.003081,0.006729,0.001146,0.000995,0.000997,0.002119,0.001197,0.000661,0.000165,0.000201
189300,0.000612,0.000990,0.003074,0.006435,0.001135,0.000995,0.000997,0.002125,0.001381,0.000598,0.000159,0.000183
189400,0.000589,0.001011,0.003079,0.006776,0.001131,0.000997,0.000995,0.002128,0.001186,0.000671,0.000171,0.000182
189500,0.000624,0.000948,0.003075,0.007151,0.001134,0.000996,0.000994,0.002143,0.001221,0.000744,0.000166,0.000160
189600,0.000605,0.000944,0.003069,0.006362,0.001119,0.000997,0.000996,0.002126,0.001666,0.000640,0.000178,0.000182
189700,0.000557,0.000922,0.003072,0.006263,0.001145,0.000999,0.001000,0.002125,0.001330,0.000723,0.000180,0.000177
189800,0.000588,0.000961,0.003078,0.006519,0.001140,0.000997,0.000996,0.002169,0.001271,0.000624,0.000183,0.000183
189900,0.000575,0.000865,0.003074,0.007194,0.001131,0.000995,0.000995,0.002098,0.001116,0.000629,0.000181,0.000177
190000,0.000649,0.001011,0.003083,0.006749,0.001130,0.000998,0.000998,0.002145,0.001696,0.000605,0.000174,0.000192
190100,0.000610,0.000965,0.003082,0.006741,0.001137,0.000996,0.001000,0.002121,0.001028,0.000579,0.000199,0.000201
190200,0.000583,0.000956,0.003076,0.007226,0.001149,0.001002,0.001004,0.002148,0.001243,0.000654,0.000176,0.000185
190300,0.000624,0.000952,0.003077,0.006998,0.001129,0.000994,0.000995,0.002146,0.001347,0.000640,0.000178,0.000183
190400,0.000618,0.000930,0.003080,0.006578,0.001131,0.000999,0.001002,0.002148,0.001252,0.000642,0.000180,0.000172
190500,0.000594,0.000926,0.003072,0.006753,0.001127,0.000998,0.000998,0.002124,0.001752,0.000631,0.000184,0.000179
190600,0.000614,0.000963,0.003078,0.007032,0.001137,0.000994,0.000991,0.002148,0.001352,0.000632,0.000174,0.000184
190700,0.000626,0.000956,0.003072,0.007336,0.001143,0.000998,0.000998,0.002104,0.001308,0.000861,0.000165,0.000179
190800,0.000592,0.000914,0.003077,0.007388,0.001133,0.000998,0.000994,0.002111,0.001377,0.000590,0.000167,0.000174
190900,0.000613,0.000994,0.003073,0.006120,0.001129,0.000996,0.000994,0.002111,0.001330,0.000688,0.000169,0.000182
191000,0.000611,0.000931,0.003080,0.005863,0.001129,0.000997,0.000999,0.002153,0.001121,0.000674,0.000169,0.000167
191100,0.000570,0.000992,0.003073,0.007521,0.001121,0.001000,0.000996,0.002163,0.001449,0.000662,0.000170,0.000192
191200,0.000575,0.001018,0.003083,0.007592,0.001138,0.000995,0.000998,0.002147,0.001215,0.000700,0.000193,0.000178
191300,0.000539,0.001028,0.003072,0.006772,0.001127,0.000995,0.000996,0.002137,0.001262,0.000672,0.000175,0.000177
191400,0.000618,0.000952,0.003076,0.005724,0.001138,0.000996,0.000999,0.002128,0.001325,0.000658,0.000170,0.000186
191500,0.000579,0.000995,0.003075,0.006620,0.001127,0.000994,0.000993,0.002147,0.001553,0.000625,0.000184,0.000193
191600,0.000633,0.000956,0.003079,0.006048,0.001134,0.000996,0.000996,0.002308,0.001232,0.000611,0.000170,0.000173
191700,0.000609,0.001009,0.003078,0.006898,0.001146,0.000998,0.000999,0.002158,0.001298,0.000646,0.000199,0.000177
191800,0.000604,0.000944,0.003076,0.005824,0.001137,0.001000,0.000997,0.002142,0.001557,0.000625,0.000160,0.000179
191900,0.000585,0.000956,0.003077,0.007595,0.001122,0.000995,0.000996,0.002116,0.001076,0.000637,0.000153,0.000174
192000,0.000582,0.001070,0.003077,0.006101,0.001151,0.000996,0.000997,0.002123,0.001316,0.000676,0.000194,0.000176
192100,0.000618,0.001002,0.003074,0.006296,0.001137,0.000999,0.000995,0.002097,0.001235,0.000692,0.000167,0.000190
192200,0.000564,0.000985,0.003077,0.007240,0.001121,0.000998,0.000998,0.002159,0.001239,0.000580,0.000175,0.000174
192300,0.000617,0.001023,0.003077,0.006786,0.001122,0.000997,0.000996,0.002060,0.001402,0.000683,0.000169,0.000171
192400,0.000575,0.000916,0.003074,0.006097,0.001139,0.000995,0.001002,0.002150,0.001451,0.000757,0.000191,0.000181
192500,0.000582,0.000975,0.003077,0.007633,0.001134,0.000997,0.000997,0.002071,0.001483,0.000682,0.000175,0.000196
192600,0.000575,0.000993,0.003082,0.007259,0.001137,0.000994,0.000995,0.002115,0.001446,0.000703,0.000169,0.000172
192700,0.000585,0.000974,0.003077,0.006779,0.001144,0.000996,0.001000,0.002163,0.001489,0.000629,0.000179,0.000185
192800,0.000591,0.000904,0.003083,0.006387,0.001136,0.000996,0.000995,0.002105,0.001728,0.000663,0.000171,0.000180
192900,0.000605,0.001059,0.003072,0.006796,0.001120,0.000998,0.000997,0.002130,0.001404,0.000718,0.000171,0.000178
193000,0.000586,0.001022,0.003078,0.006443,0.001139,0.001000,0.001001,0.002161,0.001128,0.000723,0.000173,0.000175
193100,0.000604,0.000984,0.003071,0.007661,0.001155,0.000999,0.000998,0.002115,0.001138,0.000619,0.000173,0.000168
193200,0.000610,0.000928,0.003078,0.007529,0.001132,0.000996,0.000996,0.002119,0.001224,0.000650,0.000167,0.000174
193300,0.000628,0.000981,0.003080,0.006322,0.001127,0.000995,0.000997,0.002140,0.001250,0.000606,0.000194,0.000178
193400,0.000582,0.000993,0.003079,0.006998,0.001128,0.000999,0.000995,0.002135,0.001258,0.000651,0.000166,0.000195
193500,0.000601,0.000886,0.003079,0.006354,0.001138,0.000997,0.001000,0.002165,0.001596,0.000617,0.000179,0.000182
193600,0.000591,0.000913,0.003073,0.007327,0.001145,0.000998,0.000999,0.002137,0.001210,0.000572,0.000180,0.000194
193700,0.000601,0.001020,0.003076,0.007757,0.001148,0.000998,0.000998,0.002115,0.001799,0.000675,0.000172,0.000193
193800,0.000611,0.000954,0.003076,0.007208,0.001145,0.000999,0.000997,0.002097,0.001334,0.000688,0.000178,0.000198
193900,0.000602,0.000947,0.003082,0.007077,0.001131,0.000995,0.000997,0.002183,0.001242,0.000566,0.000193,0.000180
194000,0.000627,0.000896,0.003067,0.006758,0.001136,0.000994,0.001006,0.002139,0.001304,0.000657,0.000161,0.000179
194100,0.000610,0.000964,0.003074,0.007354,0.001141,0.001000,0.000998,0.002142,0.001343,0.000636,0.000160,0.000182
194200,0.000595,0.001012,0.003080,0.007697,0.001146,0.000994,0.000996,0.002168,0.001197,0.000563,0.000158,0.000176
194300,0.000588,0.000987,0.003075,0.006346,0.001127,0.000998,0.000999,0.002134,0.001204,0.000675,0.000174,0.000189
194400,0.000569,0.000916,0.003078,0.007025,0.001130,0.000996,0.000995,0.002105,0.001608,0.000694,0.000174,0.000194
194500,0.000587,0.000942,0.003075,0.005940,0.001135,0.000996,inf,0.002127,0.001235,0.000676,0.000174,0.000171
194600,0.000577,0.000895,0.003073,0.006191,0.001136,0.000999,0.000994,0.002123,0.001218,0.000615,0.000150,0.000167
194700,0.000592,0.000964,0.003077,0.004834,0.001126,0.000996,0.000997,0.002118,0.001327,0.000612,0.000167,0.000189
194800,0.000619,0.001014,0.003077,0.007732,0.001136,0.000997,0.000997,0.002130,0.001169,0.000638,0.000171,0.000171
194900,0.000559,0.000946,0.003083,0.006462,0.001132,0.000994,0.000998,0.002169,0.001128,0.000647,0.000183,0.000181
195000,0.000580,0.001000,0.003084,0.006758,0.001140,0.000999,0.001000,0.002134,0.001325,0.000628,0.000178,0.000180
195100,0.000590,0.001050,0.003073,0.007208,0.001129,0.000995,0.000997,0.002155,0.001625,0.000611,0.000197,0.000178
195200,0.000582,0.000981,0.003079,0.006782,0.001134,0.000998,0.000997,0.002153,0.001447,0.000614,0.000209,0.000176
195300,0.000603,0.000902,0.003078,0.007894,0.001175,0.000997,0.000997,0.002187,0.001172,0.000574,0.000177,0.000176
195400,0.000592,0.000910,0.003071,0.006606,0.001136,0.000997,0.000998,0.002123,0.001454,0.000615,0.000165,0.000170
195500,0.000629,0.000928,0.003076,0.006416,0.001123,0.000995,0.000996,0.002108,0.001264,0.000606,0.000176,0.000170
195600,0.000599,0.000894,0.003073,0.006244,0.001140,0.001002,0.001000,0.002107,0.001186,0.000638,0.000165,0.000178
195700,0.000608,0.000961,0.003080,0.006772,0.001146,0.000998,0.000996,0.002154,0.001262,0.000627,0.000171,0.000180
195800,0.000589,0.000996,0.003075,0.006755,0.001137,0.000994,0.000994,0.002159,0.001473,0.000579,0.000167,0.000170
195900,0.000582,0.000963,0.003081,0.006621,0.001138,0.000996,0.000998,0.002124,0.001444,0.000673,0.000176,0.000181
196000,0.000578,0.000988,0.003074,0.006508,0.001142,0.000996,0.000995,0.002175,0.001275,0.000754,0.000166,0.000181
196100,0.000623,0.000961,0.003094,0.006551,0.001136,0.000996,0.001000,0.002204,0.001147,0.000557,0.000183,0.000175
196200,0.000625,0.000938,0.003076,0.005962,0.001129,0.000996,0.000999,0.002118,0.001463,0.000597,0.000163,0.000181
196300,0.000591,0.000986,0.003077,0.007179,0.001145,0.001000,0.001000,0.002137,0.001253,0.000585,0.000189,0.000179
196400,0.000603,0.000978,0.003074,0.007146,0.001145,0.000998,0.000999,0.002094,0.001187,0.000702,0.000185,0.000179
196500,0.000611,0.001005,0.003075,0.006195,0.001121,0.000995,0.000996,0.002099,0.001237,0.000572,0.000161,0.000175
196600,0.000585,0.000983,0.003082,0.007261,0.001143,0.000999,0.000997,0.002115,0.001249,0.000704,0.000189,0.000174
196700,0.000583,0.000914,0.003076,0.006571,0.001132,0.000997,0.000995,0.002089,0.001177,0.000687,0.000192,0.000179
196800,0.000596,0.000950,0.003080,0.006413,0.001132,0.000994,0.000996,0.002149,0.001471,0.000618,0.000178,0.000201
196900,0.000581,0.000993,0.003076,0.006152,0.001144,0.000998,0.001000,0.002150,0.001451,0.000647,0.000171,0.000175
197000,0.000575,0.000938,0.003074,0.007008,0.001128,0.000996,0.000999,0.002147,0.001146,0.000501,0.000175,0.000179
197100,0.000586,0.000958,0.003076,0.006756,0.001143,0.000994,0.000996,0.002140,0.001182,0.000582,0.000166,0.000167
197200,0.000575,0.001022,0.003076,0.006588,0.001136,0.000998,0.000996,0.002110,0.001491,0.000649,0.000189,0.000178
197300,0.000589,0.001027,0.003072,0.005905,0.001145,0.000996,0.000996,0.002131,0.001475,0.000615,0.000181,0.000179
197400,0.000572,0.000930,0.003077,0.005806,0.001120,0.000997,0.000996,0.002145,0.001252,0.000700,0.000188,0.000182
197500,0.000580,0.000897,0.003082,0.006990,0.001140,0.000998,0.000998,0.002111,0.001646,0.000629,0.000189,0.000167
197600,0.000565,0.000968,0.003072,0.007488,0.001124,0.000996,0.001001,0.002132,0.001325,0.000561,0.000175,0.000185
197700,0.000565,0.001021,0.003071,0.006747,0.001141,0.000999,0.000995,0.002123,0.001323,0.000663,0.000174,0.000176
197800,0.000604,0.000937,0.003078,0.007597,0.001138,0.000995,0.000997,0.002128,0.001246,0.000704,0.000158,0.000175
197900,0.000567,0.001037,0.003076,0.007538,0.001137,0.000998,0.000999,0.002101,0.001443,0.000649,0.000170,0.000179
198000,0.000600,0.001005,0.003072,0.008145,0.001142,0.001000,0.000996,0.002145,0.001396,0.000724,0.000167,0.000168
198100,0.000593,0.000939,0.003078,0.006503,0.001126,0.000995,0.000995,0.002128,0.001516,0.000626,0.000159,0.000168
198200,0.000601,0.000957,0.003082,0.006494,0.001140,0.001000,0.000998,0.002113,0.001389,0.000648,0.000173,0.000170
198300,0.000603,0.000907,0.003077,0.006771,0.001136,0.000996,0.000996,0.002122,0.001304,0.000575,0.000163,0.000193
198400,0.000646,0.001008,0.003074,0.007122,0.001118,0.000998,0.000996,0.002103,0.001283,0.000626,0.000167,0.000179
198500,0.000590,0.000977,0.003076,0.006494,0.001122,0.000996,0.000996,0.002140,0.001280,0.000686,0.000167,0.000186
198600,0.000642,0.000949,0.003079,0.005983,0.001138,inf,0.000997,0.002135,0.001183,0.000673,0.000173,0.000187
198700,0.000598,0.000795,0.003073,0.006555,0.001121,0.000997,0.000998,0.002151,0.001442,0.000696,0.000156,0.000174
198800,0.000526,0.000995,0.003084,0.007173,0.001131,0.000993,0.000995,0.002088,0.001473,0.000652,0.000173,0.000194
198900,0.000602,0.000941,0.003069,0.006760,0.001137,0.000998,0.000999,0.002133,0.001345,0.000537,0.000177,0.000170
199000,0.000592,0.001030,0.003075,0.007082,0.001129,0.000994,0.000999,0.002124,0.001348,0.000600,0.000160,0.000183
199100,0.000627,0.000970,0.003081,0.007101,0.001144,0.000996,0.000995,0.002098,0.001308,0.000636,0.000170,0.000188
199200,0.000576,0.000983,0.003080,0.005912,0.001129,0.000994,0.000997,0.002118,0.001324,0.000571,0.000157,0.000174
199300,0.000589,0.001001,0.003071,0.006966,0.001141,0.000997,0.000996,0.002145,0.001291,0.000717,0.000163,0.000179
199400,0.000575,0.000958,0.003076,0.006942,0.001132,0.000994,0.000995,0.002106,0.001334,0.000443,0.000168,0.000176
199500,0.000624,0.000976,0.003074,0.007233,0.001150,0.000997,0.000999,0.002123,0.001153,0.000676,0.000162,0.000189
199600,0.000616,0.001001,0.003073,0.006415,0.001141,0.000998,0.000997,0.002103,0.001170,0.000629,0.000163,0.000166
199700,0.000601,0.000958,0.003077,0.006151,0.001138,0.000997,0.000994,0.002107,0.001281,0.000616,0.000188,0.000177
199800,0.000603,0.000945,0.003078,0.006602,0.001120,0.000998,0.000996,0.002124,0.001129,0.000672,0.000176,0.000171
199900,0.000578,0.000980,0.003081,0.006264,0.001141,0.000996,0.000998,0.002146,0.001178,0.000704,0.000168,0.000170
200000,0.000587,0.000974,0.003077,0.007065,0.001139,0.000999,0.000998,0.002098,0.001166,0.000629,0.000185,0.000181
200100,0.000607,0.001050,0.003078,0.006823,0.001131,0.000996,0.000996,0.002134,0.001168,0.000731,0.000182,0.000172
200200,0.000616,0.001009,0.003075,0.006398,0.001128,0.000996,0.000999,0.002118,0.001147,0.000651,0.000177,0.000184
200300,0.000605,0.000920,0.003065,0.006227,0.001140,0.000995,0.000991,0.002135,0.001407,0.000672,0.000175,0.000192
200400,0.000603,0.001051,0.003078,0.006943,0.001144,0.000997,0.000993,0.002155,0.001365,0.000626,0.000179,0.000175
200500,0.000590,0.000969,0.003065,0.006507,0.001128,0.001000,0.000996,0.002117,0.001183,0.000637,0.000175,0.000173
200600,0.000608,0.001009,0.003078,0.006515,0.001138,0.000997,0.000996,0.002134,0.001187,0.000591,0.000154,0.000171
200700,0.000623,0.000950,0.003074,0.007170,0.001131,0.000998,0.000997,0.002136,0.001325,0.000639,0.000175,0.000180
200800,0.000610,0.000975,0.003077,0.005892,0.001120,0.000998,0.000996,0.002113,0.001206,0.000698,0.000167,0.000185
200900,0.000612,0.000908,0.003077,0.006961,0.001130,0.001001,0.000999,0.002130,0.001208,0.000538,0.000178,0.000179
201000,0.000617,0.000937,0.003090,0.006977,0.001148,0.000996,0.000998,0.002156,0.001334,0.000683,0.000159,0.000178
201100,0.000618,0.000958,0.003074,0.006556,0.001137,0.000998,0.000995,0.002097,0.001219,0.000625,0.000165,0.000182
201200,0.000592,0.000974,0.003074,0.007309,0.001135,0.000995,0.000996,0.002129,0.001106,0.000644,0.000182,0.000158
201300,0.000572,0.000972,0.003077,0.006718,0.001130,0.000995,0.000993,0.002142,0.001356,0.000578,0.000178,0.000169
201400,0.000626,0.000945,0.003075,0.007032,0.001139,0.000998,0.000996,0.002143,0.001463,0.000636,0.000168,0.000205
201500,0.000582,0.001029,0.003081,0.006596,0.001123,0.000998,0.000998,0.002138,0.001461,0.000630,0.000168,0.000185
201600,0.000579,0.000987,0.003074,0.007742,0.001131,0.000995,0.000997,0.002178,0.001099,0.000603,0.000172,0.000183
201700,0.000584,0.000977,0.003079,0.007021,inf,0.000994,0.000995,0.002138,0.001353,0.000652,0.000171,0.000173
201800,0.000571,0.000975,0.003079,0.005988,0.001141,0.000997,0.000996,0.002123,0.001383,0.000592,0.000194,0.000169
201900,0.000581,0.000959,0.003073,0.007001,0.001130,0.001000,0.001001,0.002120,0.001205,0.000719,0.000179,0.000166
202000,0.000623,0.001052,0.003077,0.007377,0.001143,0.000995,0.000994,0.002168,0.001266,0.000618,0.000168,0.000188
202100,0.000563,0.000974,0.003073,0.006615,0.001132,0.000998,0.000995,0.002122,0.001397,0.000653,0.000175,0.000184
202200,0.000582,0.000943,0.003083,0.007882,0.001133,0.001000,0.000999,0.002111,0.001325,0.000712,0.000172,0.000185
202300,0.000594,0.001045,0.003065,0.007144,0.001126,0.000997,0.000995,0.002139,0.001211,0.000625,0.000163,0.000183
202400,0.000590,0.000895,0.003080,0.007883,0.001140,0.000995,0.000997,0.002115,0.001597,0.000642,0.000178,0.000188
202500,0.000591,0.000935,0.003070,0.007036,0.001137,0.001000,0.000996,0.002107,0.001180,0.000688,0.000186,0.000191
202600,0.000577,0.000976,0.003079,0.007021,0.001117,0.000994,0.000996,0.002117,0.001324,0.000699,0.000167,0.000163
202700,0.000605,0.000901,0.003071,0.006580,0.001138,0.000996,0.000993,0.002099,0.001747,0.000534,0.000165,0.000171
202800,0.000620,0.000973,0.003077,0.005984,0.001143,0.001000,0.001000,0.002124,0.001273,0.000653,0.000171,0.000180
202900,0.000619,0.000904,0.003077,0.005641,0.001125,0.001001,0.000999,0.002155,0.001460,0.000693,0.000183,0.000163
203000,0.000624,0.000978,0.003075,0.006588,0.001134,0.000997,0.000997,0.002140,0.001972,0.000672,0.000185,0.000185
203100,0.000543,0.000989,0.003077,0.007481,0.001137,0.000997,0.000997,0.002149,0.001159,0.000558,0.000160,0.000188
203200,0.000611,0.000979,0.003080,0.006958,0.001122,0.000996,0.000997,0.002142,0.001533,0.000735,0.000171,0.000188
203300,0.000612,0.001029,0.003074,0.007461,0.001142,0.000994,0.000995,0.002106,0.001277,0.000622,0.000174,0.000176
203400,0.000628,0.001005,0.003079,0.006776,0.001137,0.000998,0.001000,0.002107,0.001240,0.000629,0.000170,0.000169
203500,0.000603,0.000967,0.003076,0.007947,0.001131,0.000998,0.000998,0.002132,0.001377,0.000704,0.000167,0.000174
203600,0.000646,0.000980,0.003076,0.007172,0.001137,0.000994,0.000997,0.002131,0.001118,0.000590,0.000158,0.000171
203700,0.000583,0.000971,0.003084,0.007210,0.001124,0.000996,0.000997,0.002144,0.001203,0.000675,0.000169,0.000165
203800,0.000578,0.000974,0.003075,0.005223,0.001135,0.000999,0.000995,0.002106,0.001422,0.000752,0.000179,0.000183
203900,0.000614,0.000905,0.003070,0.006743,0.001143,0.000999,0.001002,0.002094,0.001321,0.000708,0.000176,0.000175
204000,0.000565,0.000899,0.003078,0.006729,0.001143,0.000994,0.000999,0.002141,0.001342,0.000709,0.000164,0.000185
204100,0.000611,0.001009,0.003077,0.006579,0.001141,0.001005,0.000998,0.002117,0.001291,0.000676,0.000171,0.000177
204200,0.000564,0.000987,0.003076,0.006610,0.001148,0.000998,0.000998,0.002101,0.001270,0.000607,0.000175,0.000165
204300,0.000597,0.000976,0.003076,0.006582,0.001116,0.000999,0.000998,0.002130,0.001328,0.000720,0.000160,0.000175
204400,0.000578,0.001012,0.003072,0.006498,0.001132,0.000995,0.000995,0.002158,0.001271,0.000604,0.000173,0.000174
204500,0.000562,0.000957,0.003081,0.006986,0.001148,0.000996,0.001001,0.002128,0.001374,0.000637,0.000172,0.000178
204600,0.000570,0.000976,0.003076,0.007202,0.001133,0.000994,0.000994,0.002165,0.001269,0.000703,0.000186,0.000177
204700,0.000655,0.000996,0.003076,0.006818,0.001148,0.000995,0.000996,0.002145,0.001152,0.000685,0.000159,0.000175
204800,0.000615,0.000918,0.003082,0.006082,0.001145,0.000998,0.000999,0.002150,0.001444,0.000770,0.000179,0.000186
204900,0.000560,0.000954,0.003076,0.006926,0.001135,0.000997,0.000997,0.002136,0.001351,0.000615,0.000157,0.000173
205000,0.000580,0.000872,0.003077,0.006535,0.001127,0.000993,0.000994,0.002117,0.001347,0.000580,0.000157,0.000179
205100,0.000629,0.000915,0.003077,0.005987,0.001131,0.000998,0.000996,0.002165,0.001193,0.000589,0.000167,0.000184
205200,0.000616,0.000949,0.003070,0.006454,0.001130,0.000996,0.000993,0.002122,0.001414,0.000624,0.000192,0.000187
205300,0.000589,0.000978,0.003077,0.006774,0.001119,0.000994,0.000998,0.002178,0.001180,0.000696,0.000175,0.000187
205400,0.000590,0.001027,0.003064,0.007770,0.001132,0.000997,0.000999,0.002184,0.001564,0.000692,0.000176,0.000174
205500,0.000623,0.001022,0.003078,0.006226,0.001138,0.000997,0.000999,0.002119,0.001238,0.000582,0.000173,0.000168
205600,0.000592,0.000966,0.003077,0.007258,0.001154,0.000996,0.000996,0.002126,0.001206,0.000656,0.000175,0.000182
205700,0.000571,0.000990,0.003078,0.007257,0.001130,0.000995,0.000998,0.002197,0.001556,0.000674,0.000192,0.000191
205800,0.000578,0.001027,0.003073,0.006406,0.001135,0.000995,0.000994,0.002117,0.001690,0.000694,0.000181,0.000193
205900,0.000625,0.000983,0.003078,0.006533,0.001132,0.001001,0.000998,0.002134,0.001306,0.000635,0.000175,0.000163
206000,0.000609,0.000998,0.003074,0.007574,0.001138,0.000998,0.000999,0.002122,0.001103,0.000688,0.000172,0.000169
206100,0.000595,0.000946,0.003074,0.006740,0.001135,0.001000,0.000999,0.002154,0.001451,0.000680,0.000182,0.000188
206200,0.000574,0.000931,0.003078,0.006939,0.001125,0.000996,0.000997,0.002131,0.001430,0.000643,0.000164,0.000176
206300,0.000575,0.000963,0.003079,0.006422,0.001142,0.000994,0.000994,0.002148,0.001415,0.000720,0.000169,0.000185
206400,0.000592,0.000945,0.003083,0.006622,0.001143,0.000999,0.001002,0.002144,0.001303,0.000702,0.000163,0.000166
206500,0.000548,0.000976,0.003074,0.006612,0.001125,0.000994,0.000994,0.002135,0.001135,0.000664,0.000174,0.000175
206600,0.000627,0.000965,0.003077,0.008008,0.001134,0.000995,0.000993,0.002099,0.001370,0.000578,0.000161,0.000163
206700,0.000601,0.000983,0.003077,0.006983,0.001146,0.000997,0.000997,0.002143,0.001248,0.000626,0.000158,0.000181
206800,0.000599,0.001047,0.003073,0.007190,0.001128,0.000998,0.000995,0.002146,0.001340,0.000622,0.000184,0.000173
206900,0.000587,0.000905,0.003075,0.007392,0.001133,0.000996,0.000996,0.002086,0.001483,0.000672,0.000174,0.000188
207000,0.000595,0.000967,0.003078,0.007671,0.001138,0.000992,0.000993,0.002137,0.001514,0.000684,0.000163,0.000179
207100,0.000582,0.000976,0.003078,0.007300,0.001145,0.000998,0.000998,0.002099,0.001259,0.000675,0.000159,0.000178
207200,0.000589,0.000955,0.003073,0.007083,0.001134,0.000994,0.000994,0.002114,0.001314,0.000638,0.000178,0.000173
207300,0.000621,0.000889,0.003078,0.007659,0.001154,0.000996,0.000997,0.002159,0.001286,0.000717,0.000192,0.000174
207400,0.000583,0.000963,0.003073,0.007255,0.001137,0.000999,0.000995,0.002148,0.001276,0.000677,0.000176,0.000169
207500,0.000560,0.000949,0.003083,0.006325,0.001125,0.000996,0.000997,0.002134,0.001252,0.000730,0.000166,0.000165
207600,0.000614,0.000972,0.003073,0.007363,0.001142,0.000994,0.000993,0.002095,0.001456,0.000717,0.000165,0.000163
207700,0.000592,0.001012,0.003077,0.006420,0.001136,0.000996,0.000994,0.002108,0.001527,0.000649,0.000170,0.000177
207800,0.000610,0.000995,0.003075,0.007114,0.001158,0.000997,0.000996,0.002153,0.001269,0.000722,0.000163,0.000196
207900,0.000588,0.000912,0.003082,0.006923,0.001136,0.000999,0.001000,0.002116,0.001369,0.000653,0.000175,0.000173
208000,0.000600,0.000943,0.003079,0.007567,0.001140,0.000999,0.000998,0.002178,0.001305,0.000628,0.000170,0.000163
208100,0.000558,0.000990,0.003077,0.007463,0.001133,0.000997,0.000998,0.002117,0.001221,0.000580,0.000173,0.000168
208200,0.000580,0.000986,0.003077,0.006536,0.001134,0.000997,0.000993,0.002146,0.001305,0.000704,0.000161,0.000181
208300,0.000644,0.000982,0.003075,0.006450,0.001140,0.000994,0.000997,0.002105,0.001514,0.000689,0.000165,0.000174
208400,0.000534,0.000954,0.003074,0.006161,0.001139,0.000997,0.000998,0.002174,0.001399,0.000662,0.000154,0.000162
208500,0.000603,0.000975,0.003077,0.006432,0.001148,0.000997,0.000997,0.002132,0.001596,0.000673,0.000172,0.000185
208600,0.000609,0.000869,0.003077,0.005929,0.001145,0.000996,0.000993,0.002119,0.001243,0.000712,0.000182,0.000174
208700,0.000611,0.001029,0.003072,0.005683,0.001125,0.000998,0.000998,0.002140,0.001174,0.000695,0.000165,0.000187
208800,0.000633,0.000987,0.003074,0.006746,0.001137,0.000996,0.000995,0.002135,0.001285,0.000681,0.000179,0.000169
208900,0.000559,0.001056,0.003078,0.005840,0.001142,0.000996,0.000997,0.002102,0.001127,0.000628,0.000187,0.000187
209000,0.000581,0.000996,0.003078,0.007928,0.001151,0.000998,0.000995,0.002099,0.001131,0.000704,0.000171,0.000178
209100,0.000599,0.000988,0.003075,0.006167,0.001125,0.000996,0.000995,0.002147,0.001073,0.000650,0.000166,0.000170
209200,0.000591,0.000929,0.003080,0.006462,0.001134,0.001000,0.000995,0.002100,0.001214,0.000579,0.000156,0.000185
209300,0.000590,0.001020,0.003076,0.007206,0.001142,0.000999,0.001000,0.002108,0.001488,0.000665,0.000167,0.000175
209400,0.000629,0.000960,0.003073,0.007256,0.001148,0.000997,0.000991,0.002135,0.001092,0.000651,0.000164,0.000183
209500,0.000614,0.000954,0.003076,0.007133,0.001134,0.000997,0.000998,0.002126,0.001237,0.000724,0.000199,0.000177
209600,0.000684,0.001061,0.003078,0.006992,0.001124,0.000997,0.000995,0.002139,0.002235,0.000670,0.000240,0.000197
209700,0.000599,0.000948,0.003079,0.006302,0.001131,0.000997,0.000998,0.002163,0.001535,0.000657,0.000175,0.000189
209800,0.000598,0.000962,0.003073,0.005529,0.001142,0.000998,0.000997,0.002136,0.001516,0.000568,0.000165,0.000182
209900,0.000570,0.001013,0.003082,0.006319,0.001144,0.000995,0.000996,0.002212,0.001306,0.000706,0.000173,0.000177
210000,0.000587,0.000953,0.003075,0.006802,0.001132,0.001005,0.000998,0.002143,0.001286,0.000627,0.000166,0.000174
210100,0.000609,0.000999,0.003073,0.007253,0.001130,0.000998,0.000998,0.002101,0.001427,0.000685,0.000174,0.000198
210200,0.000607,0.000998,0.003076,0.006521,0.001127,0.000997,0.001000,0.002156,0.001219,0.000615,0.000157,0.000166
210300,0.000612,0.000988,0.003074,0.006601,0.001125,0.000995,0.000995,0.002148,0.001189,0.000663,0.000161,0.000215
210400,0.000610,0.000889,0.003074,0.006959,0.001123,0.000997,0.000997,0.002129,0.001279,0.000669,0.000162,0.000181
210500,0.000593,0.000986,0.003078,0.007365,0.001130,0.000995,0.000996,0.002127,0.001308,0.000670,0.000163,0.000163
210600,0.000590,0.001003,0.003076,0.007208,0.001123,0.000998,0.000997,0.002118,0.001106,0.000675,0.000161,0.000176
210700,0.000597,0.000961,0.003074,0.006255,0.001136,0.001002,0.000999,0.002079,0.001474,0.000671,0.000180,0.000179
210800,0.000596,0.001003,0.003086,0.007003,0.001121,0.000997,0.000997,0.002162,0.001226,0.000674,0.000171,0.000173
210900,0.000594,0.001002,0.003073,0.006348,0.001126,0.000995,0.000997,0.002117,0.001295,0.000626,0.000157,0.000177
211000,0.000600,0.001056,0.003077,0.006918,0.001131,0.000999,0.000997,0.002159,0.001444,0.000643,0.000171,0.000169
211100,0.000605,0.000950,0.003076,0.007453,0.001125,0.000986,0.000994,0.002169,0.001233,0.000624,0.000175,0.000186
211200,0.000593,0.000976,0.003076,0.005769,inf,0.000997,0.000998,0.002167,0.001161,0.000733,0.000160,0.000174
211300,0.000573,0.000923,0.003084,0.005993,0.001136,0.001000,0.000997,0.002152,0.001169,0.000652,0.000169,0.000176
211400,0.000628,0.000965,0.003077,0.006770,0.001137,0.000996,0.000995,0.002148,0.001543,0.000637,0.000169,0.000172
211500,0.000591,0.000954,0.003076,0.006765,0.001136,0.000996,0.000995,0.002145,0.001320,0.000649,0.000156,0.000175
211600,0.000597,0.000989,0.003076,0.007150,0.001132,0.000995,0.000997,0.002134,0.001198,0.000701,0.000166,0.000162
211700,0.000610,0.000994,0.003074,0.007337,0.001144,0.000998,0.001003,0.002117,0.001203,0.000706,0.000184,0.000168
211800,0.000634,0.001044,0.003076,0.008060,0.001132,0.000995,0.000999,0.002122,0.001258,0.000694,0.000167,0.000166
211900,0.000590,0.000964,0.003078,0.006475,0.001131,0.000999,0.000995,0.002069,0.001419,0.000645,0.000161,0.000181
212000,0.000571,0.001034,0.003071,0.006078,0.001150,0.000996,0.000997,0.002134,0.001316,0.000672,0.000164,0.000174
212100,0.000627,0.001069,0.003076,0.006759,0.001134,0.000995,0.000997,0.002190,0.001141,0.000590,0.000161,0.000170
212200,0.000614,0.001099,0.003083,0.006410,0.001129,0.000997,0.000995,0.002151,0.001442,0.000740,0.000165,0.000198
212300,0.000584,0.001023,0.003078,0.008328,0.001142,0.000999,0.001002,0.002093,0.001280,0.000628,0.000184,0.000198
212400,0.000594,0.001012,0.003081,0.006088,0.001133,0.000992,0.000994,0.002121,0.001121,0.000624,0.000175,0.000194
212500,0.000600,0.001013,0.003075,0.006154,0.001135,0.000996,0.000996,0.002153,0.001153,0.000728,0.000161,0.000171
212600,0.000586,0.000976,0.003072,0.007617,0.001142,0.001001,0.000999,0.002126,0.001399,0.000575,0.000179,0.000174
212700,0.000598,0.000969,0.003076,0.007648,0.001140,0.000997,0.000998,0.002117,0.001295,0.000674,0.000171,0.000195
212800,0.000601,0.001052,0.003077,0.006603,0.001137,0.000999,0.000998,0.002130,0.001192,0.000602,0.000175,0.000194
212900,0.000663,0.000989,0.003079,0.006965,inf,0.000998,0.000995,0.002154,0.001145,0.000653,0.000174,0.000178
213000,0.000625,0.000908,0.003078,0.005892,0.001138,0.000998,0.000996,0.002134,0.001427,0.000579,0.000169,0.000169
213100,0.000590,0.000954,0.003075,0.006528,0.001138,0.000995,0.000994,0.002154,0.001226,0.000668,0.000159,0.000178
213200,0.000619,0.000975,0.003079,0.006762,0.001130,0.000999,0.000994,0.002137,0.001284,0.000681,0.000173,0.000183
213300,0.000594,0.001022,0.003075,0.006822,0.001148,0.000999,0.001001,0.002118,0.001336,0.000598,0.000176,0.000169
213400,0.000601,0.000978,0.003074,0.006312,0.001134,0.000995,0.000996,0.002141,0.001416,0.000625,0.000162,0.000168
213500,0.000601,0.000991,0.003075,0.006530,0.001137,0.000996,0.000993,0.002067,0.001531,0.000672,0.000183,0.000161
213600,0.000609,0.001049,0.003075,0.006552,0.001138,0.001001,0.000998,0.002137,0.001187,0.000666,0.000173,0.000176
213700,0.000596,0.000980,0.003075,0.006521,0.001131,0.001001,0.001000,0.002133,0.001234,0.000543,0.000177,0.000177
213800,0.000601,0.000933,0.003083,0.006585,0.001111,0.000995,0.000994,inf,0.001169,0.000672,0.000148,0.000182
213900,0.000563,0.000948,0.003074,0.007198,0.001139,0.000999,0.000999,0.002127,0.001133,0.000647,0.000170,0.000178
214000,0.000602,0.000973,0.003067,0.006941,0.001140,0.000999,0.000994,0.002123,0.001353,0.000606,0.000170,0.000191
214100,0.000613,0.000988,0.003077,0.006575,0.001138,0.000993,0.000997,0.002076,0.001164,0.000644,0.000161,0.000170
214200,0.000588,0.001005,0.003079,0.006263,0.001137,0.000997,0.000995,0.002139,0.001342,0.000627,0.000168,0.000168
214300,0.000556,0.000973,0.003069,0.006976,0.001140,0.000996,0.000997,0.002116,0.001230,0.000594,0.000157,0.000182
214400,0.000584,0.001010,0.003079,0.008065,0.001135,0.000995,0.000994,0.002122,0.001455,0.000647,0.000172,0.000179
214500,0.000569,0.001026,0.003079,0.005769,0.001119,0.000999,0.000994,0.002158,0.001239,0.000624,0.000164,0.000174
214600,0.000588,0.000974,0.003081,0.007336,0.001128,0.000999,0.000998,0.002121,0.001171,0.000629,0.000168,0.000170
214700,0.000618,0.000914,0.003077,0.005876,0.001134,0.000995,0.000997,0.002116,0.001347,0.000563,0.000180,0.000173
214800,0.000610,0.000986,0.003079,0.006976,0.001142,0.000998,0.000993,0.002141,0.001355,0.000615,0.000164,0.000177
214900,0.000560,0.000909,0.003077,0.007104,0.001138,0.000990,0.001001,0.002102,0.001443,0.000663,0.000183,0.000170
215000,0.000559,0.000994,0.003071,0.006182,0.001134,0.000996,0.000998,0.002117,0.001255,0.000639,0.000157,0.000173
215100,0.000584,0.000972,0.003080,0.007028,0.001135,0.000995,0.000995,0.002123,0.001114,0.000667,0.000161,0.000181
215200,0.000619,0.000956,0.003073,0.006934,0.001140,0.001000,0.001000,0.002136,0.001386,0.000537,0.000168,0.000172
215300,0.000599,0.000933,0.003075,0.006442,0.001128,0.000997,0.000998,0.002179,0.001298,0.000696,0.000176,0.000184
215400,0.000609,0.001012,0.003085,0.007267,0.001138,0.000995,0.000993,0.002101,0.001288,0.000649,0.000164,0.000173
215500,0.000596,0.000947,0.003076,0.006461,0.001127,0.000995,0.000995,0.002095,0.001098,0.000688,0.000161,0.000167
215600,0.000573,0.001039,0.003077,0.007351,0.001139,0.000997,0.000996,0.002106,0.001290,0.000671,0.000174,0.000174
215700,0.000586,0.001019,0.003083,0.006766,0.001135,0.000998,0.001000,0.002110,0.001275,0.000687,0.000178,0.000186
215800,0.000630,0.000950,0.003073,0.006206,0.001127,0.001000,0.000999,0.002109,0.001291,0.000616,0.000156,0.000175
215900,0.000580,0.000965,0.003075,0.006804,0.001136,0.000999,0.000999,0.002124,0.001272,0.000666,0.000173,0.000163
216000,0.000617,0.001041,0.003077,0.005698,0.001135,0.000997,0.000996,0.002145,0.001164,0.000596,0.000178,0.000155
216100,0.000616,0.000984,0.003075,0.006296,0.001136,0.000996,inf,0.002106,0.001286,0.000637,0.000179,0.000198
216200,0.000582,0.000898,0.003082,0.007236,0.001151,0.001000,0.000997,0.002157,0.001279,0.000664,0.000162,0.000181
216300,0.000568,0.000877,0.003075,0.006322,0.001134,0.000996,0.000997,0.002122,0.001443,0.000616,0.000172,0.000187
216400,0.000575,0.000935,0.003079,0.006430,0.001129,0.000995,0.000996,0.002105,0.001173,0.000699,0.000175,0.000180
216500,0.000572,0.000955,0.003072,0.006786,0.001151,0.000998,0.000998,0.002145,0.001277,0.000610,0.000169,0.000168
216600,0.000555,0.000945,0.003070,0.006936,0.001120,0.000995,0.000994,0.002102,0.001102,0.000636,0.000161,0.000172
216700,0.000579,0.000943,0.003077,0.006754,0.001139,0.000996,0.000995,0.002118,0.001193,0.000602,0.000167,0.000165
216800,0.000634,0.000985,0.003075,0.006893,0.001132,0.000993,0.000995,0.002158,0.001562,0.000671,0.000163,0.000188
216900,0.000641,0.000889,0.003076,0.006642,0.001127,0.000997,0.000999,0.002163,0.001249,0.000654,0.000165,0.000168
217000,0.000597,0.001021,0.003068,0.005685,0.001133,0.000996,0.000996,0.002124,0.001186,0.000617,0.000182,0.000180
217100,0.000570,0.000948,0.003078,0.007111,0.001129,0.000999,0.000994,0.002134,0.001307,0.000599,0.000168,0.000168
217200,0.000567,0.001003,0.003078,0.007885,0.001143,0.001000,0.001000,0.002138,0.001330,0.000646,0.000183,0.000172
217300,0.000664,0.000998,0.003080,0.005947,0.001143,0.000996,0.000997,0.002114,0.001294,0.000632,0.000171,0.000177
217400,0.000598,0.000918,0.003062,0.007443,0.001135,0.000998,0.000996,0.002081,0.001426,0.000602,0.000163,0.000175
217500,0.000605,0.001092,0.003078,0.007538,0.001139,0.000997,0.000997,0.002109,0.001086,0.000626,0.000158,0.000187
217600,0.000641,0.000866,0.003075,0.006944,0.001137,0.000998,0.000998,0.002150,0.002939,0.000665,0.000172,0.000194
217700,0.000615,0.000967,0.003074,0.007120,0.001137,0.000997,0.000995,0.002139,0.001225,0.000648,0.000192,0.000188
217800,0.000555,0.000961,0.003083,0.005756,0.001144,0.000998,0.000998,0.002137,0.001273,0.000589,0.000176,0.000177
217900,0.000561,0.000954,0.003078,0.006750,0.001141,0.000996,0.000994,0.002114,0.001318,0.000652,0.000171,0.000173
218000,0.000565,0.000896,0.003076,0.006251,0.001132,0.000997,0.000996,0.002074,0.001448,0.000748,0.000171,0.000192
218100,0.000592,0.000987,0.003079,0.007339,0.001112,0.000995,0.000996,0.002114,0.001411,0.000660,0.000157,0.000164
218200,0.000559,0.000995,0.003073,0.007259,0.001134,0.000997,0.000997,0.002102,0.001286,0.000699,0.000154,0.000175
218300,0.000600,0.000832,0.003074,0.006923,0.001136,0.000997,0.000995,0.002136,0.001221,0.000636,0.000174,0.000173
218400,0.000593,0.000936,0.003078,0.007302,0.001130,0.000996,0.000996,0.002210,0.001453,0.000701,0.000175,0.000174
218500,0.000614,0.000949,0.003062,0.006420,0.001131,0.001000,0.000997,0.002142,0.001104,0.000656,0.000175,0.000164
218600,0.000585,0.000995,0.003074,0.005947,0.001132,0.001000,0.000997,0.002078,0.001103,0.000640,0.000180,0.000184
218700,0.000598,0.000937,0.003084,0.007154,0.001133,0.000995,0.000995,0.002128,0.001242,0.000694,0.000170,0.000183
218800,0.000589,0.000935,0.003077,0.005161,0.001135,0.000995,0.000993,0.002113,0.001305,0.000692,0.000163,0.000164
218900,0.000553,0.001026,0.003074,0.007408,0.001144,0.000996,0.000999,0.002106,0.001484,0.000618,0.000165,0.000188
219000,0.000558,0.000983,0.003075,0.006258,0.001128,0.000992,0.000995,0.002108,0.001111,0.000700,0.000167,0.000171
219100,0.000601,0.001002,0.003071,0.006154,0.001137,0.001001,0.001000,0.002128,0.001307,0.000651,0.000168,0.000164
219200,0.000566,0.000987,0.003075,0.005651,0.001142,0.000998,0.000998,0.002156,0.001206,0.000612,0.000177,0.000165
219300,0.000561,0.000879,0.003078,0.006109,0.001128,0.000996,0.000994,0.002136,0.001054,0.000628,0.000161,0.000185
219400,0.000597,0.000995,0.003079,0.007252,0.001136,0.001000,0.000999,0.002122,0.001281,0.000618,0.000156,0.000176
219500,0.000661,0.000992,0.003078,0.007466,0.001138,0.000996,0.000996,0.002147,0.001292,0.000598,0.000164,0.000171
219600,0.000603,0.000920,0.003068,0.007150,0.001134,0.001000,0.000998,0.002143,0.001041,0.000604,0.000161,0.000168
219700,0.000604,0.000955,0.003078,0.007451,0.001135,0.000994,0.000995,0.002142,0.001422,0.000743,0.000159,0.000205
219800,0.000604,0.000912,0.003078,0.006610,0.001130,0.000998,0.000997,0.002102,0.001108,0.000602,0.000177,0.000171
219900,0.000597,0.000997,0.003073,0.006790,0.001138,0.000995,0.000998,0.002147,0.001126,0.000689,0.000172,0.000167
220000,0.000641,0.000958,0.003080,0.007188,0.001139,0.000996,0.000998,0.002156,0.001525,0.000580,0.000162,0.000172
220100,0.000610,0.000887,0.003074,0.006961,0.001149,0.000994,0.000998,0.002138,0.001314,0.000664,0.000170,0.000174
220200,0.000547,0.000945,0.003078,0.007432,0.001136,0.000996,0.000996,0.002128,0.001387,0.000626,0.000155,0.000170
220300,0.000590,0.001026,0.003075,0.006108,0.001128,0.000996,0.000996,0.002116,0.001278,0.000616,0.000171,0.000167
220400,0.000629,0.001043,0.003080,0.005622,0.001137,0.001000,0.000998,0.002130,0.001351,0.000578,0.000177,0.000163
220500,0.000596,0.000939,0.003074,0.006759,0.001132,0.000997,0.000997,0.002101,0.001132,0.000601,0.000166,0.000161
220600,0.000623,0.000993,0.003084,0.006616,0.001124,0.000996,0.000998,0.002132,0.001244,0.000629,0.000169,0.000162
220700,0.000604,0.000916,0.003076,0.007068,0.001132,0.000997,0.000996,0.002190,0.001559,0.000608,0.000183,0.000203
220800,0.000578,0.000979,0.003075,0.006187,0.001144,0.000996,0.000995,0.002133,0.001348,0.000638,0.000178,0.000175
220900,0.000636,0.000977,0.003079,0.007392,0.001131,0.000995,0.000994,0.002151,0.001232,0.000670,0.000164,0.000167
221000,0.000592,0.000990,0.003077,0.005410,0.001143,0.000996,0.000996,0.002125,0.001203,0.000671,0.000165,0.000163
221100,0.000596,0.000934,0.003089,0.006581,0.001144,0.000998,0.001004,0.002122,0.001333,0.000656,0.000172,0.000183
221200,0.000612,0.000917,0.003076,0.006974,0.001131,0.000995,0.000993,0.002122,0.001079,0.000642,0.000167,0.000179
221300,0.000577,0.001024,0.003080,0.006377,0.001134,0.001000,0.000997,0.002162,0.001382,0.000683,0.000175,0.000186
221400,0.000609,0.001003,0.003076,0.006580,0.001126,0.000999,0.001001,0.002116,0.001430,0.000729,0.000162,0.000182
221500,0.000602,0.000934,0.003073,0.006289,0.001135,0.000996,0.000997,0.002074,0.001157,0.000687,0.000171,0.000171
221600,0.000598,0.000942,0.003075,0.006320,0.001126,0.000998,0.000999,0.002112,0.001369,0.000610,0.000168,0.000167
221700,0.000588,0.000968,0.003073,0.005665,0.001132,0.000995,0.000996,0.002127,0.001289,0.000648,0.000160,0.000170
221800,0.000576,0.001047,0.003082,0.007182,0.001134,0.001002,0.000997,0.002114,0.001426,0.000661,0.000170,0.000183
221900,0.000594,0.000945,0.003065,0.006561,0.001128,0.000996,0.000997,0.002110,0.001220,0.000696,0.000167,0.000177
222000,0.000579,0.000887,0.003079,0.006769,0.001139,0.000995,0.000996,0.002140,0.001332,0.000673,0.000174,0.000165
222100,0.000604,0.000987,0.003077,0.006609,0.001122,0.000998,0.001000,0.002149,0.001321,0.000633,0.000205,0.000166
222200,0.000603,0.001042,0.003078,0.006504,0.001130,0.000995,0.000996,0.002141,0.001425,0.000628,0.000159,0.000173
222300,0.000609,0.000956,0.003075,0.006059,0.001135,0.000994,0.000994,0.002115,0.001296,0.000640,0.000156,0.000188
222400,0.000617,0.000933,0.003076,0.006995,0.001143,0.000998,0.001001,0.002189,0.001318,0.000710,0.000163,0.000175
222500,0.000616,0.000952,0.003077,0.006511,0.001133,0.000996,0.000999,0.002045,0.001496,0.000604,0.000162,0.000173
222600,0.000570,0.000929,0.003075,0.005743,0.001124,0.000996,0.000993,0.002127,0.001465,0.000721,0.000199,0.000184
222700,0.000605,0.000915,0.003084,0.006429,0.001126,0.000998,0.000995,0.002163,0.001361,0.000679,0.000168,0.000193
222800,0.000608,0.000968,0.003081,0.006940,0.001134,0.000997,0.000996,0.002111,0.001293,0.000625,0.000177,0.000169
222900,0.000584,0.000941,0.003076,0.006964,0.001118,0.000994,0.000993,0.002120,0.001297,0.000607,0.000172,0.000164
223000,0.000601,0.001020,0.003075,0.007698,0.001126,0.000998,0.000999,0.002137,0.001334,0.000609,0.000170,0.000174
223100,0.000601,0.000924,0.003086,0.006965,0.001132,0.000997,0.000995,0.002126,0.001367,0.000635,0.000158,0.000157
223200,0.000629,0.001012,0.003068,0.006541,0.001127,0.000996,0.000997,0.002133,0.001267,0.000721,0.000166,0.000175
223300,0.000579,0.000958,0.003074,0.006396,0.001138,0.000995,0.000996,0.002150,0.001311,0.000663,0.000187,0.000170
223400,0.000607,0.000938,0.003073,0.005788,0.001141,0.000999,0.000999,0.002128,0.001107,0.000649,0.000161,0.000163
223500,0.000621,0.000984,0.003075,0.007323,0.001138,0.000992,0.000997,0.002106,0.001257,0.000657,0.000166,0.000181
223600,0.000578,0.000976,0.003078,0.006504,0.001137,0.000997,0.000998,0.002115,0.001485,0.000590,0.000170,0.000175
223700,0.000593,0.000971,0.003081,0.007159,0.001127,0.000999,0.001000,0.002174,0.001665,0.000676,0.000168,0.000169
223800,0.000609,0.001007,0.003078,0.006775,0.001131,0.000998,0.000996,0.002140,0.001332,0.000616,0.000180,0.000180
223900,0.000628,0.001037,0.003074,0.006627,0.001134,0.000994,0.000995,0.002093,0.001396,0.000611,0.000183,0.000169
224000,0.000588,0.000939,0.003074,0.007918,0.001137,0.000995,0.001000,0.002086,0.001462,0.000604,0.000161,0.000172
224100,0.000562,0.000994,0.003082,0.006511,0.001125,0.000994,0.000997,0.002105,0.001264,0.000672,0.000173,0.000164
224200,0.000596,0.001009,0.003075,0.007349,0.001136,0.000997,0.000996,0.002093,0.001471,0.000535,0.000178,0.000184
224300,0.000610,0.000985,0.003073,0.006755,0.001139,0.000997,0.000994,0.002103,0.001499,0.000641,0.000176,0.000167
224400,0.000596,0.000970,0.003084,0.006096,0.001151,0.001000,0.001000,0.002142,0.001395,0.000622,0.000178,0.000174
224500,0.000622,0.000993,0.003073,0.007262,0.001135,0.000998,0.001000,0.002125,0.001228,0.000607,0.000160,0.000178
224600,0.000572,0.000941,0.003078,0.005823,0.001129,0.000995,0.000993,0.002120,0.001321,0.000641,0.000202,0.000184
224700,0.000595,0.000919,0.003076,0.005911,0.001126,0.000997,0.000998,0.002131,0.001419,0.000626,0.000182,0.000165
224800,0.000582,0.000950,0.003070,0.007302,0.001129,0.000995,0.000996,0.002096,0.001470,0.000704,0.000166,0.000165
224900,0.000617,0.001025,0.003078,0.007262,0.001132,0.000997,0.000994,0.002130,0.001216,0.000669,0.000154,0.000177
225000,0.000582,0.000959,0.003069,0.005604,0.001136,0.001002,0.000998,0.002208,0.001460,0.000715,0.000172,0.000162
225100,0.000617,0.000987,0.003081,0.006563,0.001140,0.000997,0.000997,0.002165,0.001251,0.000734,0.000172,0.000189
225200,0.000596,0.001042,0.003075,0.005819,0.001136,0.000995,0.000993,0.002109,0.001203,0.000661,0.000174,0.000177
225300,0.000599,0.000940,0.003079,0.007567,0.001134,0.000998,0.000992,0.002119,0.001336,0.000617,0.000171,0.000160
225400,0.000619,0.000918,0.003073,0.006972,0.001151,0.000996,0.000994,0.002132,0.001351,0.000719,0.000169,0.000188
225500,0.000584,0.001015,0.003082,0.006012,0.001146,0.001001,0.001000,0.002139,0.001257,0.000683,0.000165,0.000178
225600,0.000586,0.001037,0.003075,0.007080,0.001126,0.000996,0.000996,0.002131,0.001270,0.000741,0.000174,0.000176
225700,0.000615,0.000894,0.003070,0.006580,0.001145,0.000999,0.001002,0.002129,0.001333,0.000713,0.000162,0.000172
225800,0.000561,0.000936,0.003076,0.006985,0.001124,0.000998,0.000997,0.002093,0.001164,0.000692,0.000163,0.000159
225900,0.000645,0.000919,0.003075,0.006963,0.001133,0.000997,0.000995,0.002101,0.001251,0.000603,0.000164,0.000178
226000,0.000582,0.000978,0.003085,0.006376,0.001133,0.000999,0.000998,0.002116,0.001146,0.000598,0.000164,0.000173
226100,0.000583,0.000956,0.003076,0.007155,0.001129,0.000994,0.000997,0.002122,0.001298,0.000609,0.000155,0.000167
226200,0.000609,0.000934,0.003080,0.006994,0.001135,0.000996,0.000996,0.002134,0.001406,0.000653,0.000165,0.000177
226300,0.000594,0.000949,0.003077,0.006445,0.001148,0.000998,0.000999,0.002187,0.001533,0.000612,0.000166,0.000172
226400,0.000602,0.000988,0.003074,0.006310,0.001129,0.000994,0.000995,0.002130,0.001211,0.000626,0.000170,0.000184
226500,0.000570,0.000949,0.003076,0.006010,0.001131,0.000997,0.000992,0.002124,0.001166,0.000582,0.000164,0.000180
226600,0.000587,0.000995,0.003074,0.007068,0.001131,0.000993,0.000996,0.002178,0.001329,0.000625,0.000173,0.000181
226700,0.000600,0.001027,0.003080,0.007092,0.001131,0.000997,0.001001,0.002167,0.001199,0.000675,0.000158,0.000169
226800,0.000555,0.000976,0.003063,0.007480,0.001124,0.000993,0.000995,0.002109,0.001125,0.000647,0.000171,0.000175
226900,0.000586,0.000954,0.003084,0.006300,0.001131,0.000997,0.000998,0.002078,0.001234,0.000643,0.000181,0.000189
227000,0.000598,0.001004,0.003074,0.006317,0.001127,0.000998,0.000994,0.002143,0.001095,0.000692,0.000196,0.000181
227100,0.000570,0.000946,0.003087,0.006945,0.001136,0.000997,0.000998,0.002099,0.001260,0.000672,0.000172,0.000160
227200,0.000593,0.000954,0.003074,0.007452,0.001129,0.000996,0.000994,0.002118,0.001240,0.000579,0.000171,0.000168
227300,0.000570,0.000989,0.003074,0.006728,0.001129,0.000996,0.000997,0.002132,0.001230,0.000613,0.000163,0.000178
227400,0.000601,0.000865,0.003072,0.006486,0.001128,0.000993,0.001000,0.002095,0.001163,0.000572,0.000172,0.000184
227500,0.000612,0.000978,0.003079,0.006788,0.001126,0.000997,0.000994,0.002143,0.001226,0.000623,0.000166,0.000170
227600,0.000575,0.000946,0.003078,0.005818,0.001125,0.000998,0.000999,0.002079,0.001433,0.000594,0.000175,0.000171
227700,0.000560,0.000993,0.003080,0.006324,0.001141,0.000997,0.000999,0.002143,0.001277,0.000640,0.000176,0.000162
227800,0.000578,0.000986,0.003075,0.007345,0.001140,0.000996,0.000995,0.002087,0.001427,0.000672,0.000158,0.000163
227900,0.000584,0.000953,0.003077,0.006737,0.001132,0.000993,0.000994,0.002089,0.001742,0.000494,0.000166,0.000173
228000,0.000579,0.000994,0.003073,0.006946,0.001135,0.000998,0.000997,0.002129,0.001365,0.000652,0.000161,0.000174
228100,0.000588,0.000944,0.003075,0.006505,0.001147,0.000995,0.000998,0.002168,0.001473,0.000642,0.000174,0.000171
228200,0.000575,0.000975,0.003074,0.006928,0.001124,0.000996,0.000989,0.002105,0.001248,0.000702,0.000167,0.000158
228300,0.000566,0.000949,0.003075,0.006746,0.001147,0.001001,0.000999,0.002141,0.001326,0.000690,0.000180,0.000178
228400,0.000617,0.001004,0.003076,0.005633,0.001138,0.000996,0.000995,0.002119,0.001414,0.000666,0.000195,0.000166
228500,0.000569,0.000936,0.003078,0.007920,0.001130,0.001000,0.000997,0.002141,0.001057,0.000695,0.000169,0.000180
228600,0.000610,0.000949,0.003076,0.006963,0.001119,0.000993,0.000997,0.002128,0.001252,0.000683,0.000169,0.000166
228700,0.000615,0.000931,0.003075,0.006807,0.001134,0.000996,0.000997,0.002119,0.001464,0.000645,0.000171,0.000172
228800,0.000594,0.000984,0.003075,0.006562,0.001136,0.000997,0.000995,0.002188,0.001210,0.000669,0.000185,0.000168
228900,0.000591,0.000926,0.003075,0.006161,0.001130,0.000998,0.001000,0.002105,0.001425,0.000638,0.000170,0.000168
229000,0.000562,0.000939,0.003071,0.006910,0.001149,0.000997,0.000995,0.002186,0.001370,0.000658,0.000173,0.000165
229100,0.000637,0.000959,0.003077,0.006986,0.001132,0.000996,0.000995,0.002133,0.001056,0.000650,0.000157,0.000156
229200,0.000585,0.001003,0.003072,0.007269,0.001140,0.000998,0.000998,0.002126,0.001413,0.000663,0.000164,0.000185
229300,0.000576,0.000981,0.003082,0.007598,0.001140,0.000996,0.000996,0.002135,0.001236,0.000567,0.000178,0.000179
229400,0.000626,0.001008,0.003077,0.007213,0.001138,0.000998,0.000999,0.002111,0.001253,0.000644,0.000158,0.000189
229500,0.000616,0.001055,inf,0.007480,0.001137,0.000998,0.000998,0.002146,0.001445,0.000602,0.000160,0.000176
229600,0.000605,0.000981,0.003076,0.006997,0.001140,0.000998,0.000997,0.002128,0.001248,0.000605,0.000190,0.000174
229700,0.000597,0.001004,0.003072,0.006978,0.001139,0.000998,0.000995,0.002117,0.001286,0.000597,0.000164,0.000172
229800,0.000610,0.001016,0.003076,0.007594,0.001136,0.000993,0.000997,0.002102,0.001300,0.000605,0.000186,0.000162
229900,0.000592,0.000948,0.003074,0.007228,0.001139,0.000998,0.000994,0.002104,0.001128,0.000684,0.000161,0.000181
230000,0.000603,0.000928,0.003077,0.007332,0.001132,0.000995,0.000996,0.002149,0.001144,0.000673,0.000175,0.000164
230100,0.000613,0.000994,0.003074,0.007183,0.001138,0.000996,0.000993,0.002100,0.001220,0.000625,0.000157,0.000173
230200,0.000572,0.001073,0.003081,0.006379,0.001143,0.000995,0.000997,0.002114,0.001164,0.000595,0.000153,0.000168
230300,0.000628,0.001052,0.003074,0.006520,0.001127,0.000999,0.001001,0.002101,0.001264,0.000627,0.000171,0.000161
230400,0.000622,0.001001,0.003087,0.007223,0.001128,0.000997,0.000996,0.002140,0.001186,0.000744,0.000172,0.000172
230500,0.000596,0.000943,0.003075,0.006577,0.001139,0.000995,0.000997,0.002146,0.001432,0.000587,0.000211,0.000174
230600,0.000595,0.001010,0.003073,0.006776,0.001140,0.000996,0.000997,0.002165,0.001323,0.000664,0.000161,0.000186
230700,0.000591,0.001002,0.003077,0.006259,0.001139,0.000996,0.000994,0.002129,0.001288,0.000599,0.000182,0.000170
230800,0.000611,0.000933,0.003074,0.005934,0.001143,0.000994,0.000995,0.002136,0.001202,0.000635,0.000163,0.000166
230900,0.000624,0.000958,0.003081,0.007185,0.001135,0.000998,0.000999,0.002151,0.001319,0.000721,0.000171,0.000183
231000,0.000582,0.000900,0.003076,0.006269,0.001130,0.000997,0.000999,0.002121,0.001324,0.000673,0.000190,0.000169
231100,0.000614,0.000985,0.003075,0.007495,0.001140,0.000996,0.000995,0.002078,0.001160,0.000653,0.000162,0.000170
231200,0.000582,0.000951,0.003076,0.006739,0.001119,0.000996,0.000999,0.002138,0.001274,0.000625,0.000181,0.000184
231300,0.000602,0.000941,0.003074,0.007383,0.001138,0.001000,0.000996,0.002079,0.001250,0.000653,0.000159,0.000172
231400,0.000624,0.000960,0.003076,0.006524,0.001119,0.000993,0.000995,0.002132,0.001840,0.000627,0.000185,0.000174
231500,0.000616,0.001000,0.003072,0.007470,0.001137,0.000998,0.000999,0.002135,0.001174,0.000593,0.000164,0.000167
231600,0.000623,0.000911,0.003083,0.006295,0.001120,0.000996,0.000999,0.002088,0.001264,0.000719,0.000167,0.000172
231700,0.000550,0.000957,0.003071,0.006789,0.001136,0.000998,0.000996,0.002112,0.001307,0.000579,0.000173,0.000167
231800,0.000607,0.000998,0.003080,0.005895,0.001148,0.000995,0.000996,0.002141,0.001146,0.000788,0.000167,0.000167
231900,0.000597,0.001002,0.003076,0.006786,0.001143,0.001000,0.000995,0.002107,0.001320,0.000660,0.000156,0.000179
232000,0.000639,0.000997,0.003080,0.006301,0.001134,0.000994,0.000997,0.002130,0.001377,0.000529,0.000171,0.000164
232100,0.000576,0.000934,0.003071,0.006355,0.001131,0.000995,0.000997,0.002143,0.001348,0.000664,0.000174,0.000169
232200,0.000558,0.001010,0.003076,0.006470,0.001134,0.001001,0.000998,0.002130,0.001315,0.000618,0.000174,0.000163
232300,0.000594,0.000960,0.003076,0.007412,0.001138,0.000996,0.000995,0.002135,0.001413,0.000615,0.000168,0.000196
232400,0.000597,0.001013,0.003073,0.005745,0.001127,0.000994,0.000996,0.002128,0.001273,0.000655,0.000189,0.000169
232500,0.000589,0.001026,0.003081,0.006513,0.001121,0.000996,0.000996,0.002156,0.001298,0.000710,0.000185,0.000166
232600,inf,0.000966,0.003076,0.006749,0.001149,0.000999,0.000998,0.002112,0.001407,0.000705,0.000158,0.000183
232700,0.000572,0.000890,0.003081,0.006318,0.001136,0.000995,0.000993,0.002124,0.001122,0.000608,0.000179,0.000168
232800,0.000628,0.000900,0.003079,0.006574,0.001141,0.001001,0.000999,0.002097,0.001413,0.000702,0.000179,0.000167
232900,0.000617,0.001005,0.003074,0.006789,0.001130,0.000998,0.000997,0.002119,0.001220,0.000733,0.000164,0.000170
233000,0.000573,0.001034,0.003077,0.008022,0.001121,0.000997,0.000995,0.002143,0.001345,0.000698,0.000155,0.000164
233100,0.000586,0.000995,0.003076,0.007866,0.001137,0.000996,0.000998,0.002136,0.001103,0.000719,0.000153,0.000167
233200,0.000583,0.000980,0.003076,0.007453,0.001135,0.001000,0.000994,0.002126,0.001467,0.000618,0.000157,0.000173
233300,0.000603,0.000975,0.003070,0.006557,0.001130,0.001001,0.001000,0.002133,0.001101,0.000659,0.000171,0.000184
233400,0.000632,0.000941,0.003078,0.007099,0.001141,0.000996,0.000995,0.002151,0.001561,0.000595,0.000186,0.000192
233500,0.000594,0.000895,0.003078,0.007123,0.001132,0.000996,0.000999,0.002125,0.001408,0.000588,0.000160,0.000176
233600,0.000571,0.001013,0.003073,0.007171,0.001139,0.000999,0.001001,0.002104,0.001392,0.000628,0.000171,0.000163
233700,inf,0.001090,0.003079,0.005135,0.001131,0.000995,0.000994,0.002147,0.001351,0.000634,0.000168,0.000175
233800,0.000609,0.000892,0.003072,0.007522,0.001128,0.000995,0.000998,0.002084,0.001365,0.000717,0.000179,0.000170
233900,0.000623,0.001005,0.003082,0.007368,0.001141,0.000995,0.000993,0.002131,0.001876,0.000604,0.000169,0.000174
234000,0.000627,0.000997,0.003073,0.006932,0.001134,0.000995,0.000995,0.002115,0.001258,0.000576,0.000163,0.000172
234100,0.000615,0.001002,0.003081,0.006764,0.001130,0.000999,0.000993,0.002152,0.001500,0.000726,0.000160,0.000168
234200,0.000606,0.000956,0.003082,0.006261,0.001136,0.000996,0.001000,0.002138,0.001320,0.000609,0.000162,0.000177
234300,0.000563,0.000978,0.003076,0.006552,0.001135,0.000998,0.000997,0.002073,0.001358,0.000720,0.000161,0.000169
234400,0.000595,0.000954,0.003076,0.007233,0.001136,0.000997,0.000994,0.002090,0.001244,0.000692,0.000167,0.000180
234500,0.000569,0.000955,0.003079,0.007365,0.001138,0.000996,0.000992,0.002143,0.001273,0.000689,0.000153,0.000166
234600,0.000576,0.000918,0.003073,0.006438,0.001139,0.000995,0.000997,0.002135,0.001314,0.000618,0.000155,0.000175
234700,0.000614,0.000862,0.003075,0.006616,0.001136,0.000996,0.000998,0.002145,0.001287,0.000717,0.000163,0.000171
234800,0.000609,0.000960,0.003078,0.007013,0.001138,0.001001,0.001000,0.002111,0.001191,0.000647,0.000169,0.000173
234900,0.000608,0.000935,0.003078,0.006761,0.001133,0.000995,0.000996,0.002138,0.001186,0.000638,0.000164,0.000157
235000,0.000599,0.000989,0.003077,0.007112,0.001134,0.000994,0.000993,0.002136,0.001208,0.000649,0.000182,0.000164
235100,0.000614,0.000945,0.003080,0.006781,0.001141,0.000997,0.000998,0.002175,0.001209,0.000787,0.000175,0.000170
235200,0.000606,0.000992,0.003074,0.006588,0.001123,0.000995,0.000995,0.002136,0.001173,0.000634,0.000166,0.000165
235300,0.000607,0.000974,0.003084,0.007624,0.001133,0.000997,0.001004,0.002153,0.001254,0.000618,0.000154,0.000177
235400,0.000585,0.000924,0.003073,0.006350,0.001147,0.000996,0.000997,0.002096,0.001357,0.000591,0.000168,0.000164
235500,0.000652,0.000919,0.003073,0.006158,0.001128,0.000998,0.000998,0.002124,0.001275,0.000654,0.000163,0.000174
235600,0.000618,0.000992,0.003076,0.006762,0.001148,0.000997,0.000998,0.002142,0.001246,0.000639,0.000162,0.000191
235700,0.000633,0.000986,0.003075,0.006712,0.001134,0.000992,0.000996,0.002135,0.001226,0.000674,0.000171,0.000179
235800,0.000590,0.001003,0.003083,0.006748,0.001144,0.000997,0.001000,0.002197,0.001359,0.000607,0.000161,0.000156
235900,0.000581,0.000952,0.003076,0.007131,0.001123,0.000994,0.000996,0.002168,0.001355,0.000595,0.000160,0.000170
236000,0.000627,0.000910,0.003076,0.006615,0.001133,0.000994,0.000995,0.002157,0.001148,0.000646,0.000177,0.000164
236100,0.000583,0.000944,0.003079,0.006758,0.001137,0.000996,0.000999,0.002143,0.001148,0.000646,0.000157,0.000171
236200,0.000614,0.000961,0.003074,0.005929,0.001135,0.000999,0.000998,0.002097,0.001522,0.000392,0.000183,0.000170
236300,0.000597,0.000963,0.003075,0.007785,0.001136,0.000995,0.000994,0.002126,0.001103,0.000672,0.000175,0.000173
236400,0.000604,0.000993,0.003077,0.006281,0.001115,0.000996,0.000995,0.002098,0.001143,0.000754,0.000152,0.000174
236500,0.000596,0.000968,0.003072,0.006615,0.001132,0.000998,0.000998,0.002121,0.001250,0.000625,0.000169,0.000162
236600,0.000582,0.001016,0.003073,0.006022,0.001132,0.000994,0.000996,0.002103,0.001111,0.000618,0.000158,0.000175
236700,0.000573,0.000948,0.003079,0.006555,0.001129,0.001001,0.000999,0.002159,0.001400,0.000704,0.000183,0.000183
236800,0.000561,0.000891,0.003074,0.005407,0.001138,0.000998,0.001000,0.002099,0.001177,0.000629,0.000158,0.000174
236900,0.000587,0.000941,0.003083,0.007173,0.001133,0.000994,0.000997,0.002113,0.001340,0.000795,0.000156,0.000171
237000,0.000627,0.000954,0.003069,0.007345,0.001132,0.000998,0.000996,0.002142,0.001414,0.000646,0.000168,0.000178
237100,0.000562,0.000923,0.003077,0.005820,0.001129,0.000999,0.000996,0.002124,0.001265,0.000626,0.000165,0.000172
237200,0.000565,0.000910,0.003075,0.007196,0.001136,0.000999,0.000992,0.002109,0.001265,0.000666,0.000165,0.000157
237300,0.000600,0.000942,0.003075,0.007241,0.001123,0.000992,0.000998,0.002148,0.001092,0.000651,0.000151,0.000177
237400,0.000594,0.001089,0.003088,0.007700,0.001142,0.000996,0.000997,0.002134,0.001246,0.000582,0.000162,0.000160
237500,0.000609,0.000949,0.003078,0.007477,0.001145,0.000999,0.000999,0.002122,0.001109,0.000720,0.000189,0.000198
237600,0.000600,0.001000,0.003078,0.006985,0.001144,0.000997,0.000995,0.002200,0.001194,0.000641,0.000199,0.000183
237700,0.000568,0.000896,0.003078,0.007362,0.001133,0.000994,0.000995,0.002103,0.001303,0.000606,0.000165,0.000172
237800,0.000597,0.001013,0.003074,0.006103,0.001138,0.000997,0.000997,0.002110,0.001302,0.000538,0.000156,0.000162
237900,0.000564,0.000928,0.003073,0.007384,0.001134,0.000996,0.000995,0.002159,0.001185,0.000599,0.000154,0.000185
238000,0.000611,0.001008,0.003074,0.007270,0.001144,0.000994,0.000995,0.002135,0.001063,0.000627,0.000164,0.000164
238100,0.000579,0.001081,0.003076,0.006840,0.001132,0.000999,0.000997,0.002154,0.001361,0.000690,0.000169,0.000175
238200,0.000571,0.000866,0.003076,0.007151,0.001144,0.000995,0.000995,0.002079,0.001257,0.000686,0.000167,0.000182
238300,0.000606,0.001003,0.003077,0.006569,0.001124,0.000994,0.000995,0.002101,0.001321,0.000656,0.000148,0.000174
238400,0.000590,0.000975,0.003077,0.006999,0.001143,0.000998,0.000998,0.002186,0.001345,inf,0.000158,0.000178
238500,0.000619,0.001000,0.003077,0.006011,0.001136,0.000997,0.000994,0.002130,0.001321,0.000641,0.000164,0.000166
238600,0.000598,0.000882,0.003073,0.006760,0.001132,0.000994,0.000996,0.002076,0.001546,0.000605,0.000164,0.000164
238700,0.000586,0.000969,0.003071,0.007460,0.001128,0.000999,0.000999,0.002161,0.001256,0.000710,0.000172,0.000179
238800,0.000609,0.000994,0.003075,0.006407,0.001137,0.000993,0.000994,0.002134,0.001724,0.000672,0.000162,0.000171
238900,0.000575,0.000894,0.003077,0.006944,0.001118,0.000996,0.000996,0.002116,0.001362,0.000657,0.000173,0.000170
239000,0.000721,0.000885,0.003070,0.006203,0.001150,0.000996,0.000998,0.002128,0.001134,0.000651,0.000167,0.000169
239100,0.000619,0.000893,0.003081,0.007259,0.001137,0.000997,0.000996,0.002112,0.001381,0.000691,0.000168,0.000179
239200,0.000676,0.000927,0.003076,0.007196,0.001126,0.000999,0.000999,0.002131,0.001137,0.000656,0.000174,0.000180
239300,0.000636,0.000960,0.003074,0.006500,0.001127,0.000997,0.000996,0.002122,0.001493,0.000719,0.000163,0.000171
239400,0.000622,0.000966,0.003074,0.006967,0.001148,0.001002,0.001000,0.002094,0.001312,0.000700,0.000152,0.000191
239500,0.000647,0.001033,0.003070,0.007146,0.001128,0.000997,0.000996,0.002137,0.001249,0.000678,0.000170,0.000175
239600,0.000581,0.000940,0.003076,0.006740,0.001127,0.000995,0.000997,0.002160,0.001141,0.000653,0.000154,0.000176
239700,0.000601,0.000938,0.003073,0.006606,0.001144,0.000997,0.001001,0.002137,0.001293,0.000552,0.000143,0.000163
239800,0.000567,0.000909,0.003079,0.007210,0.001133,0.000996,0.000996,0.002140,0.001326,0.000718,0.000176,0.000164
239900,0.000608,0.000966,0.003075,0.007178,0.001140,0.000996,0.000995,0.002147,0.001149,0.000641,0.000159,0.000169
240000,0.000608,0.000985,0.003074,0.007802,0.001144,0.000996,0.000998,0.002144,0.001491,0.000616,0.000157,0.000171
240100,0.000572,0.000957,0.003077,0.005698,0.001129,0.000999,0.000996,0.002083,0.001413,0.000581,0.000160,0.000178
240200,0.000558,0.000914,0.003081,0.006948,0.001132,0.000996,0.000997,0.002119,0.001235,0.000768,0.000160,0.000172
240300,0.000577,0.001010,0.003073,0.006078,0.001117,0.000997,0.000995,0.002120,0.001225,0.000648,0.000172,0.000181
240400,0.000627,0.001031,0.003074,0.005434,0.001124,0.000997,0.000996,0.002124,0.001285,0.000664,0.000176,0.000182
240500,0.000611,0.000951,0.003075,0.006527,0.001127,0.000993,0.000987,0.002196,0.001324,0.000668,0.000163,0.000163
240600,0.000570,0.001037,0.003079,0.006494,0.001137,0.000996,0.000996,0.002128,0.001557,0.000614,0.000155,0.000192
240700,0.000582,0.000997,0.003080,0.006946,0.001136,0.000998,0.000999,0.002140,0.001332,0.000691,0.000182,0.000176
240800,0.000570,0.001009,0.003074,0.006920,0.001130,0.000996,0.000994,0.002127,0.001150,0.000719,0.000153,0.000168
240900,0.000603,0.000951,0.003075,0.006805,0.001136,0.000995,0.000994,0.002137,0.001417,0.000615,0.000168,0.000164
241000,0.000544,0.000961,0.003078,0.006960,0.001130,0.000998,0.000998,0.002117,0.001184,0.000692,0.000151,0.000173
241100,0.000586,0.000994,0.003074,0.006325,0.001124,0.000997,0.000999,0.002139,0.001201,0.000578,0.000176,0.000172
241200,0.000614,0.000972,0.003075,0.006986,0.001122,0.000995,0.000995,0.002150,0.001260,0.000644,0.000158,0.000167
241300,0.000595,0.000913,0.003076,0.006958,0.001130,0.000995,0.000999,0.002096,0.001112,0.000763,0.000162,0.000162
241400,0.000561,0.001090,0.003077,0.007009,0.001139,0.000998,0.000998,0.002139,0.001249,0.000651,0.000179,0.000163
241500,0.000580,0.001002,0.003069,0.006562,0.001126,0.000994,0.000992,0.002119,0.001368,0.000665,0.000180,0.000168
241600,0.000624,0.000976,0.003077,0.005523,0.001134,0.000997,0.000995,0.002143,0.001530,0.000620,0.000177,0.000171
241700,0.000636,0.001004,0.003077,0.007404,0.001128,inf,0.000995,0.002182,0.001393,0.000625,0.000197,0.000161
241800,0.000604,0.000953,0.003081,0.007015,0.001149,0.000996,0.000996,0.002122,0.001267,0.000577,0.000155,0.000160
241900,0.000666,0.001048,0.003068,0.006766,inf,0.000997,0.000995,0.002096,0.001632,0.000654,0.000155,0.000173
242000,0.000613,0.000963,0.003076,0.006935,0.001139,0.000998,0.000999,0.002110,0.001399,0.000637,0.000171,0.000160
242100,0.000604,0.000983,0.003071,0.007112,0.001136,0.000999,0.000998,0.002107,0.001345,0.000737,0.000162,0.000166
242200,0.000595,0.001003,0.003076,0.006506,0.001133,0.000994,0.000994,0.002103,0.001276,0.000661,0.000155,0.000169
242300,0.000618,0.000986,0.003084,0.006573,0.001123,0.000997,0.000997,0.002138,inf,0.000572,0.000162,0.000158
242400,0.000574,0.000994,0.003076,0.007156,0.001127,0.000999,0.000997,0.002156,0.001157,0.000686,0.000165,0.000166
242500,0.000592,0.000985,0.003079,0.007020,inf,0.000992,0.000995,0.002157,0.001251,0.000622,0.000153,0.000166
242600,0.000581,0.000939,0.003076,0.007607,0.001121,0.000999,0.000994,0.002121,0.001178,0.000653,0.000159,0.000176
242700,0.000539,0.000975,0.003074,0.007652,0.001137,0.000998,0.000999,0.002113,0.001208,0.000638,0.000163,0.000161
242800,0.000587,0.000928,0.003074,0.005522,0.001138,0.000997,0.000996,0.002118,0.001299,0.000686,0.000173,0.000178
242900,0.000586,0.000969,0.003076,0.007279,0.001145,0.000996,0.000994,0.002089,0.001450,0.000730,0.000184,0.000181
243000,0.000583,0.000936,0.003074,0.007163,0.001127,0.000996,0.000998,0.002119,0.001221,0.000673,0.000169,0.000161
243100,0.000592,0.001040,0.003073,0.006351,0.001130,0.000999,0.001000,0.002154,0.001156,0.000606,0.000148,0.000162
243200,0.000611,0.001000,0.003076,0.006590,0.001149,0.000995,0.000994,0.002128,0.001174,0.000718,0.000154,0.000183
243300,0.000581,0.000978,0.003087,0.006578,0.001126,0.000997,0.000999,0.002134,0.001400,0.000630,0.000162,0.000165
243400,0.000588,0.000997,0.003073,0.006764,0.001129,0.000995,0.000996,0.002111,0.001333,0.000720,0.000170,0.000172
243500,0.000610,0.000995,0.003077,0.007327,0.001121,0.000994,0.000995,0.002140,0.001350,0.000569,0.000167,0.000167
243600,0.000622,0.000986,0.003070,0.007209,0.001111,0.000996,0.000996,0.002141,0.001189,0.000625,0.000167,0.000165
243700,0.000591,0.000980,0.003076,0.006783,0.001138,0.000995,0.000994,0.002103,0.001280,0.000675,0.000161,0.000182
243800,0.000604,0.000954,0.003077,0.006577,0.001137,0.000993,0.000997,0.002116,0.001282,0.000728,0.000168,0.000167
243900,0.000582,0.000944,0.003079,0.006490,0.001135,0.000994,0.000998,0.002151,0.001653,0.000664,0.000147,0.000170
244000,0.000613,0.001000,0.003077,0.006581,0.001131,0.000997,0.000997,0.002115,0.001122,0.000692,0.000162,0.000156
244100,0.000639,0.000997,0.003078,0.007657,0.001134,0.000996,0.000996,0.002146,0.001187,0.000627,0.000159,0.000186
244200,0.000622,0.000924,0.003079,0.006556,0.001131,0.000998,0.000995,0.002139,0.001307,0.000718,0.000185,0.000172
244300,0.000594,0.001005,0.003077,0.007463,0.001122,0.000997,0.000995,0.002123,0.001418,0.000610,0.000179,0.000173
244400,0.000604,0.000915,0.003072,0.007409,0.001124,0.000996,0.000996,0.002108,0.001205,0.000663,0.000178,0.000166
244500,0.000605,0.000953,0.003079,0.007443,0.001137,0.000995,0.000996,0.002125,0.001170,0.000599,0.000166,0.000167
244600,0.000580,0.000955,0.003073,0.006760,0.001138,0.000998,0.001001,0.002105,0.001273,0.000611,0.000148,0.000172
244700,0.000595,0.000937,0.003075,0.006839,0.001132,0.000995,0.000996,0.002150,0.001314,0.000580,0.000160,0.000170
244800,0.000569,0.001032,0.003083,0.007065,0.001142,0.000994,0.000992,inf,0.001596,0.000689,0.000174,0.000156
244900,0.000577,0.001058,0.003076,0.006038,0.001134,0.000997,0.000994,0.002185,0.001063,0.000750,0.000179,0.000165
245000,0.000601,0.000936,0.003073,0.006054,0.001133,0.000997,0.000997,0.002091,0.001117,0.000651,0.000180,0.000182
245100,0.000605,0.000964,0.003085,0.007236,0.001142,0.001000,0.000998,0.002161,0.001297,0.000645,0.000170,0.000157
245200,0.000588,0.001007,0.003072,0.006195,0.001135,0.000997,0.000997,0.002121,0.001329,0.000643,0.000161,0.000176
245300,0.000601,0.000938,0.003073,0.007731,0.001152,0.000999,0.001000,0.002112,0.001400,0.000685,0.000165,0.000172
245400,0.000581,0.000945,0.003075,0.007194,0.001119,0.000996,0.000996,0.002166,0.001396,0.000593,0.000186,0.000173
245500,0.000627,0.000978,0.003078,0.006107,0.001139,0.000996,0.000994,0.002149,0.001344,0.000627,0.000164,0.000170
245600,0.000615,0.000996,0.003080,0.007267,0.001134,0.001001,0.000998,0.002180,0.001160,0.000722,0.000155,0.000178
245700,0.000594,0.000927,0.003076,0.006216,0.001131,0.000994,0.000995,0.002145,0.001618,0.000672,0.000181,0.000165
245800,0.000594,0.000914,0.003077,0.006398,0.001129,0.000995,0.000995,0.002138,0.001240,0.000652,0.000169,0.000170
245900,0.000614,0.000921,0.003077,0.005916,0.001140,0.000996,0.000995,0.002194,0.001161,0.000675,0.000170,0.000172
246000,0.000669,0.000971,0.003071,0.007792,0.001145,0.000997,0.000999,0.002133,0.001216,0.000652,0.000152,0.000159
246100,0.000614,0.000874,0.003076,0.007307,0.001137,0.000996,0.000994,0.002148,0.001362,0.000707,0.000154,0.000177
246200,0.000597,0.000987,0.003073,0.006773,0.001126,0.000996,0.000998,0.002167,0.001416,0.000704,0.000165,0.000165
246300,0.000585,0.001031,0.003081,0.006413,0.001138,0.000999,0.000998,0.002101,0.001359,0.000650,0.000157,0.000167
246400,0.000580,0.001015,0.003069,0.006735,0.001139,0.000992,0.000990,0.002135,0.001362,0.000670,0.000162,0.000167
246500,0.000646,0.001026,0.003078,0.006811,0.001128,0.000995,0.000997,0.002145,0.001357,0.000675,0.000172,0.000160
246600,0.000567,0.000973,0.003073,0.006793,0.001138,0.001001,0.001000,0.002160,0.001197,0.000673,0.000159,0.000169
246700,0.000576,0.000931,0.003083,0.007358,0.001141,0.000996,0.000995,0.002162,0.001249,0.000625,0.000159,0.000158
246800,0.000588,0.001018,0.003078,0.005963,0.001125,0.000994,0.000993,0.002165,0.001144,0.000592,0.000168,0.000159
246900,0.000593,0.000964,0.003073,0.006560,0.001125,0.000996,0.000998,0.002095,0.001113,0.000580,0.000186,0.000182
247000,0.000614,0.000981,0.003071,0.007382,0.001134,0.001001,0.001002,0.002121,0.001133,0.000634,0.000176,0.000172
247100,0.000591,0.001002,0.003075,0.006780,0.001132,0.000992,0.000994,0.002151,0.001268,0.000586,0.000151,0.000164
247200,0.000588,0.000911,0.003085,0.006106,0.001128,0.000996,0.000995,0.002132,0.001430,0.000692,0.000152,0.000173
247300,0.000606,0.000991,0.003080,0.006401,0.001141,0.000995,0.000997,0.002131,0.001137,0.000600,0.000178,0.000177
247400,0.000583,0.000952,0.003077,0.006575,0.001126,0.000996,0.000996,0.002070,0.001331,0.000660,0.000167,0.000167
247500,0.000602,0.000989,0.003075,0.007012,0.001132,0.000993,0.000994,0.002154,0.001365,0.000649,0.000164,0.000176
247600,0.000614,0.000980,0.003080,0.006582,0.001139,0.001000,0.000996,0.002085,0.001149,0.000698,0.000168,0.000168
247700,0.000601,0.000980,0.003070,0.007838,0.001145,0.000994,0.000993,0.002089,0.001119,0.000640,0.000155,0.000166
247800,0.000597,0.000889,0.003075,0.006570,0.001128,0.000998,0.000994,0.002140,0.001448,0.000601,0.000167,0.000175
247900,0.000598,0.000999,0.003074,0.006343,0.001131,0.001000,0.000997,0.002118,0.001192,0.000697,0.000166,0.000161
248000,0.000595,0.000987,0.003075,0.006809,0.001134,0.000995,0.000995,0.002110,0.001523,0.000557,0.000181,0.000194
248100,0.000559,0.000950,0.003077,0.007334,0.001122,0.000997,0.000997,0.002189,0.001143,0.000661,0.000150,0.000175
248200,0.000582,0.001176,0.003077,0.006913,0.001121,0.000994,0.000995,0.002158,0.001129,0.000626,0.000160,0.000165
248300,0.000610,0.000956,0.003075,0.006341,0.001141,0.000994,0.000996,0.002140,0.001246,0.000625,0.000163,0.000167
248400,0.000629,0.001121,0.003076,0.006903,0.001132,0.001036,0.000994,0.002173,0.001176,0.000702,0.000180,0.000167
248500,0.000567,0.000939,0.003071,0.007290,0.001127,0.001000,0.000999,0.002134,0.001310,0.000661,0.000173,0.000160
248600,0.000569,0.001040,0.003077,0.007098,0.001139,0.000998,0.000994,0.002111,0.001363,0.000673,0.000157,0.000175
248700,0.000573,0.000954,0.003074,0.006470,0.001145,0.000996,0.000994,0.002126,0.001287,0.000577,0.000165,0.000173
248800,0.000569,0.000897,0.003075,0.006416,0.001134,0.000995,0.000996,0.002139,0.001210,0.000640,0.000171,0.000169
248900,0.000591,0.001002,0.003083,0.006992,0.001136,0.000998,0.000995,0.002131,0.001395,0.000637,0.000161,0.000161
249000,0.000612,0.000954,0.003073,0.006122,0.001142,0.001001,0.000999,0.002094,0.002031,0.000756,0.000161,0.000167
249100,0.000600,0.000995,0.003078,0.005720,0.001131,0.000996,0.000997,0.002114,0.001197,0.000578,0.000170,0.000169
249200,0.000566,0.000922,0.003079,0.007025,0.001139,0.000997,0.000998,0.002146,0.001047,0.000656,0.000156,0.000162
249300,0.000553,0.000969,0.003074,0.006638,0.001134,0.000997,inf,0.002176,0.001331,0.000622,0.000145,0.000169
249400,0.000606,0.000920,0.003077,0.006996,0.001131,0.000994,0.000994,0.002106,0.001277,0.000602,0.000184,0.000169
249500,0.000546,0.000959,0.003074,0.007795,0.001145,0.000998,0.001000,0.002141,0.001309,0.000582,0.000163,0.000165
249600,0.000605,0.001027,0.003076,0.007429,0.001156,0.000996,0.000997,0.002104,0.001178,0.000660,0.000142,0.000171
249700,0.000561,0.000942,0.003075,0.006578,0.001124,0.000995,0.000995,0.002128,0.001126,0.000672,0.000167,0.000169
249800,0.000621,0.001000,0.003076,0.006935,0.001134,0.000995,0.000995,0.002152,0.001314,0.000662,0.000163,0.000156
249900,0.000595,0.001027,0.003064,0.006318,0.001125,0.000998,0.000998,0.002135,0.001281,0.000698,0.000159,0.000169
250000,0.000601,0.000987,0.003084,0.006085,0.001145,0.000994,0.000995,0.002169,0.001123,0.000626,0.000164,0.000171
250100,0.000574,0.001000,0.003073,0.007163,0.001127,0.000994,0.000995,0.002144,0.001436,0.000673,0.000179,0.000169
250200,0.000586,0.000958,0.003074,0.006745,0.001152,0.000993,0.000996,0.002137,0.001087,0.000660,0.000171,0.000165
250300,0.000590,0.000988,0.003077,0.006781,0.001127,0.000995,0.000994,0.002120,0.001240,0.000658,0.000173,0.000162
250400,0.000642,0.000958,0.003075,0.007570,0.001136,0.000994,0.000996,0.002121,0.001141,0.000638,0.000172,0.000157
250500,0.000593,0.001010,0.003087,0.006591,0.001125,0.001000,0.001004,0.002125,0.001259,0.000591,0.000159,0.000174
250600,0.000562,0.000875,0.003078,0.006020,0.001129,0.000995,0.000996,0.002134,0.001383,0.000673,0.000165,0.000170
250700,0.000581,0.000980,0.003075,0.006027,0.001133,0.000995,0.000998,0.002110,0.001169,0.000679,0.000159,0.000162
250800,0.000597,0.000921,0.003078,0.005626,0.001133,0.000998,0.000997,0.002102,0.001399,0.000673,0.000167,0.000174
250900,0.000637,0.001010,0.003072,0.006961,0.001132,0.001001,0.000998,0.002142,0.001128,0.000642,0.000158,0.000158
251000,0.000586,0.000983,0.003077,0.006772,0.001139,0.000993,0.000998,0.002098,0.001511,0.000702,0.000182,0.000169
251100,0.000625,0.000967,0.003073,0.006970,0.001138,0.000999,0.000995,0.002137,0.001308,0.000671,0.000159,0.000177
251200,0.000568,0.000995,0.003081,0.005947,0.001134,0.000997,0.000995,0.002091,0.001248,0.000667,0.000165,0.000163
251300,0.000574,0.000919,0.003068,0.006924,0.001114,0.000995,0.000996,0.002123,0.001393,0.000728,0.000165,0.000161
251400,0.000603,0.000972,0.003077,0.006218,0.001142,0.000994,0.000996,0.002116,0.001214,0.000674,0.000163,0.000168
251500,0.000600,0.000910,inf,0.007031,0.001126,0.000997,0.000996,0.002129,0.001340,0.000666,0.000163,0.000161
251600,0.000605,0.000974,0.003079,0.006738,0.001132,0.000994,0.000996,0.002193,0.001441,0.000663,0.000166,0.000176
251700,0.000580,0.000918,0.003069,0.006801,0.001134,0.000995,0.000993,0.002108,0.001259,0.000714,0.000177,0.000182
251800,0.000599,0.000980,0.003074,0.006034,0.001135,0.000998,0.001000,0.002117,0.001280,0.000666,0.000170,0.000174
251900,0.000604,0.000977,0.003073,0.007693,0.001125,0.000998,0.000997,0.002129,0.001205,0.000615,0.000162,0.000160
252000,0.000597,0.001012,0.003078,0.006778,0.001145,0.000993,0.000999,0.002158,0.001167,0.000700,0.000157,0.000179
252100,0.000551,0.000953,0.003078,0.007300,0.001133,0.000997,0.000996,0.002133,0.001277,0.000638,0.000168,0.000173
252200,0.000620,0.000968,0.003078,0.007115,0.001145,0.000995,0.000995,0.002157,0.001300,0.000578,0.000163,0.000161
252300,0.000579,0.000981,0.003080,0.007592,0.001128,0.000993,0.000996,0.002154,0.001248,0.000631,0.000165,0.000166
252400,0.000595,0.001022,0.003077,0.006345,0.001156,0.000997,0.000998,0.002152,0.001091,0.000674,0.000170,0.000156
252500,0.000603,0.000953,0.003079,0.006940,0.001137,0.000997,0.000999,0.002096,0.001164,inf,0.000165,0.000163
252600,0.000625,0.001014,0.003073,0.005912,0.001151,0.000995,0.000996,0.002080,0.001248,0.000694,0.000167,0.000177
252700,0.000571,0.000964,0.003076,0.006961,0.001140,0.000994,0.000996,0.002124,0.001058,inf,0.000179,0.000161
252800,0.000570,0.000989,0.003076,0.006545,0.001146,0.000994,0.000995,0.002107,0.001304,0.000673,0.000163,0.000170
252900,0.000593,0.000996,0.003071,0.006990,0.001135,0.000997,0.001000,0.002127,0.001447,0.000559,0.000167,0.000170
253000,0.000564,0.000903,0.003077,0.006575,0.001147,0.000994,0.000994,0.002121,0.001159,0.000659,0.000156,0.000175
253100,0.000590,0.000979,0.003080,0.006596,0.001146,0.001000,0.000998,0.002074,0.001184,0.000638,0.000168,0.000166
253200,0.000589,0.000893,0.003076,0.006771,0.001141,0.000997,0.000998,0.002113,0.001135,0.000651,0.000155,0.000168
253300,0.000610,0.000986,0.003073,0.006118,0.001141,0.000995,0.000995,0.002109,0.001156,0.000656,0.000146,0.000170
253400,0.000573,0.000948,0.003075,0.006286,0.001136,0.000996,0.000993,0.002093,0.001258,0.000615,0.000149,0.000168
253500,0.000603,0.001031,0.003076,0.005944,0.001139,0.000998,0.000997,0.002136,0.001166,0.000626,0.000189,0.000176
253600,0.000604,0.000993,0.003075,0.006522,0.001134,0.000994,0.000997,0.002186,0.001333,0.000610,0.000157,0.000167
253700,0.000629,0.001039,0.003081,0.008661,0.001137,0.000993,0.000997,0.002116,0.001345,0.000716,0.000175,0.000169
253800,0.000589,0.000958,0.003081,0.006788,0.001134,0.000998,0.000997,0.002112,0.001239,0.000710,0.000167,0.000181
253900,0.000588,0.000960,0.003075,0.006371,0.001139,0.001000,0.000997,0.002144,0.001098,0.000737,0.000148,0.000160
254000,0.000642,0.001001,0.003079,0.007172,0.001146,0.000993,0.000996,0.002114,0.001175,0.000690,0.000156,0.000168
254100,0.000610,0.000978,0.003076,0.005875,0.001132,0.000999,0.000995,0.002136,0.001070,0.000654,0.000143,0.000179
254200,0.000587,0.000928,0.003073,0.006466,0.001141,0.000995,0.000996,0.002116,0.001494,0.000616,0.000181,0.000183
254300,0.000639,0.001032,0.003077,0.007287,0.001136,0.000995,0.000995,0.002137,0.001026,0.000639,0.000157,0.000168
254400,0.000591,0.001032,0.003065,0.006574,0.001137,0.000999,0.000998,0.002141,0.001511,0.000611,0.000170,0.000164
254500,0.000569,0.000976,0.003079,0.007184,0.001127,0.000996,0.000998,0.002164,0.001433,0.000632,0.000161,0.000182
254600,0.000628,0.000967,0.003073,0.006986,0.001147,0.000994,0.000995,0.002165,0.001381,0.000631,0.000180,0.000166
254700,0.000588,0.000936,0.003078,0.005428,0.001137,0.000996,0.000997,0.002136,0.001146,0.000621,0.000172,0.000169
254800,0.000606,0.000931,0.003075,0.007318,0.001135,0.000996,0.000993,0.002143,0.001109,0.000718,0.000160,0.000164
254900,0.000598,0.000920,0.003083,0.007142,0.001140,0.000998,0.000997,0.002208,0.001307,0.000870,0.000161,0.000168
255000,0.000579,0.000939,0.003073,0.006750,0.001136,0.000997,0.000996,0.002112,0.001610,0.000626,0.000176,0.000171
255100,0.000606,0.000975,0.003073,0.006926,0.001138,0.001000,0.001001,0.002160,0.001377,0.000587,0.000167,0.000177
255200,0.000574,0.000983,0.003077,0.007488,0.001132,0.000996,0.000996,0.002148,0.001427,0.000689,0.000153,0.000178
255300,0.000605,0.000960,0.003084,0.006399,0.001126,0.000996,0.000996,0.002132,0.001178,0.000661,0.000154,0.000164
255400,0.000625,0.001019,0.003081,0.006995,0.001135,0.000999,0.000996,0.002109,0.001358,0.000662,0.000175,0.000181
255500,0.000603,0.000963,0.003074,0.006255,0.001132,0.000996,0.000998,0.002114,0.001220,0.000640,0.000164,0.000166
255600,0.000613,0.000963,0.003079,0.005627,0.001150,0.000993,0.000996,0.002145,0.001194,0.000601,0.000170,0.000172
255700,0.000571,0.000976,0.003072,0.006501,0.001162,0.000997,0.000998,0.002116,0.001288,0.000711,0.000157,0.000167
255800,0.000615,0.001013,0.003072,0.006578,0.001132,0.000995,0.000996,0.002111,0.001178,0.000695,0.000160,0.000174
255900,0.000594,0.000979,0.003075,0.006795,0.001119,0.000995,0.000996,0.002145,0.001227,0.000530,0.000163,0.000168
256000,0.000571,0.000966,0.003074,0.006772,0.001140,0.000996,0.000993,0.002154,0.001099,0.000674,0.000166,0.000174
256100,0.000607,0.000971,0.003072,0.007940,0.001139,0.000998,0.000997,0.002126,0.001182,0.000694,0.000144,0.000159
256200,0.000590,0.001020,0.003070,0.006592,0.001140,0.000991,0.000992,0.002129,0.001140,0.000489,0.000153,0.000167
256300,0.000587,0.000994,0.003079,0.006948,0.001145,0.000996,0.000994,0.002117,0.001133,0.000658,0.000149,0.000162
256400,0.000579,0.000953,0.003077,0.005861,0.001145,0.000999,0.001000,0.002126,0.001203,0.000628,0.000161,0.000190
256500,0.000621,0.000949,0.003083,0.006561,0.001135,0.000999,0.000993,0.002135,0.001197,0.000627,0.000198,0.000160
256600,0.000561,0.000944,0.003072,0.006964,0.001124,0.000997,0.000994,0.002125,0.001407,0.000635,0.000177,0.000161
256700,0.000600,0.000948,0.003076,0.007807,0.001149,0.000995,0.000995,0.002133,0.001099,0.000592,0.000181,0.000166
256800,0.000584,0.000965,0.003078,0.006991,0.001128,0.000997,0.000999,0.002116,0.001103,0.000685,0.000164,0.000165
256900,0.000601,0.001002,0.003075,0.006318,0.001126,0.000995,0.000994,0.002121,0.001214,0.000680,0.000160,0.000168
257000,0.000598,0.000924,0.003083,0.007185,0.001138,0.000998,0.000998,0.002133,0.001256,0.000652,0.000169,0.000168
257100,0.000621,0.000930,0.003076,0.006949,0.001125,0.000998,0.000992,0.002157,0.001260,0.000702,0.000161,0.000175
257200,0.000605,0.000895,0.003077,0.006484,0.001134,0.000998,0.000995,0.002128,0.001227,0.000635,0.000158,0.000175
257300,0.000606,0.000925,0.003074,0.006588,0.001138,0.000995,0.000995,0.002103,0.001045,0.000795,0.000182,0.000164
257400,0.000655,0.000877,0.003073,0.006623,0.001133,0.000996,0.000996,0.002116,0.001331,0.000674,0.000159,0.000154
257500,0.000606,0.000874,0.003076,0.006729,0.001136,0.000996,0.000995,0.002103,0.001172,0.000649,0.000152,0.000186
257600,0.000580,0.000921,0.003078,0.007769,0.001125,0.000997,0.000996,0.002140,0.001223,0.000694,0.000166,0.000164
257700,0.000593,0.000903,0.003070,0.006565,0.001138,0.000998,0.000997,0.002143,0.001270,0.000655,0.000175,0.000166
257800,0.000610,0.001015,0.003077,0.006758,0.001135,0.000996,0.000997,0.002118,0.001252,inf,0.000166,0.000175
257900,0.000593,0.000998,0.003077,0.007499,0.001145,0.000994,0.000995,0.002125,0.001202,0.000625,0.000172,0.000165
258000,0.000608,0.000912,0.003074,0.006611,0.001140,0.000996,0.000988,0.002123,0.001192,0.000626,0.000151,0.000171
258100,0.000596,0.000914,0.003075,0.007362,0.001126,0.000992,0.000996,0.002147,0.001490,0.000649,0.000168,0.000166
258200,0.000607,0.000985,0.003074,0.006532,0.001133,0.000996,0.000994,0.002120,0.001091,0.000625,0.000151,0.000159
258300,0.000607,0.000955,0.003078,0.006759,0.001136,0.000999,0.000998,0.002124,0.001168,0.000623,0.000155,0.000159
258400,0.000621,0.000971,0.003070,0.006325,0.001139,0.000996,0.000996,0.002132,0.001123,0.000649,0.000158,0.000165
258500,0.000596,0.001002,0.003076,0.007072,0.001136,0.000994,0.000997,0.002132,0.001167,0.000647,0.000168,0.000169
258600,0.000622,0.000980,0.003067,0.006970,0.001124,0.000997,0.000996,0.002136,0.001272,0.000647,0.000178,0.000185
258700,0.000562,0.001030,0.003082,0.005991,0.001134,0.000994,0.000995,0.002108,0.001403,0.000581,0.000164,0.000173
258800,0.000578,0.000935,0.003071,0.006745,0.001134,0.001005,0.001001,0.002091,0.001238,0.000694,0.000197,0.000182
258900,0.000619,0.000987,0.003076,0.007574,0.001139,0.000996,0.000994,0.002117,0.001145,0.000689,0.000172,0.000161
259000,0.000595,0.001016,0.003077,0.007155,0.001133,0.000997,0.000999,0.002070,0.001335,0.000656,0.000164,0.000171
259100,0.000571,0.000920,0.003075,0.005540,0.001135,0.000995,0.000995,0.002132,0.001345,0.000646,0.000175,0.000168
259200,0.000560,0.000964,0.003079,0.007107,0.001126,0.000996,0.000995,0.002093,0.001271,0.000706,0.000160,0.000163
259300,0.000590,0.000930,0.003067,0.006557,0.001127,0.000998,0.001001,0.002135,0.001346,0.000683,0.000168,0.000157
259400,0.000636,0.000929,0.003076,0.006437,0.001132,0.000998,0.000996,0.002135,0.001169,0.000718,0.000152,0.000160
259500,0.000583,0.001026,0.003075,0.006815,0.001130,0.000995,0.000994,0.002143,0.001329,0.000673,0.000150,0.000160
259600,0.000593,0.001025,0.003079,0.007802,0.001131,0.000997,0.000994,0.002132,0.001294,0.000670,0.000156,0.000159
259700,0.000597,0.000921,0.003072,0.006611,0.001134,0.000997,0.000997,0.002093,0.001309,0.000657,0.000168,0.000182
259800,0.000624,0.001049,0.003082,0.006060,0.001139,0.000997,0.000995,0.002098,0.001329,0.000672,0.000171,0.000168
259900,0.000574,0.000889,0.003078,0.006927,0.001136,0.000995,0.000996,0.002118,0.001327,0.000613,0.000148,0.000160
260000,0.000584,0.001079,0.003076,0.007278,0.001138,0.000997,0.000996,0.002114,0.001177,0.000645,0.000174,0.000154
260100,0.000591,0.001003,0.003073,0.006226,0.001119,0.000993,0.000994,0.002115,0.001204,0.000575,0.000178,0.000184
260200,0.000596,0.000923,0.003074,0.007166,0.001126,0.000995,0.000996,0.002146,0.001710,0.000670,0.000152,0.000172
260300,0.000604,0.000994,0.003080,0.006057,0.001132,0.000998,0.001000,0.002122,0.001114,0.000687,0.000142,0.000189
260400,0.000582,0.000984,0.003073,0.005001,0.001145,0.000995,0.000998,0.002118,0.001260,0.000626,0.000158,0.000171
260500,0.000567,0.001006,0.003077,0.007255,0.001131,0.000995,0.000996,0.002120,0.001042,0.000659,0.000177,0.000192
260600,0.000581,0.000982,0.003071,0.006283,0.001132,0.000996,0.000997,0.002125,0.001248,0.000661,0.000163,0.000173
260700,0.000603,0.000988,0.003073,0.007639,0.001136,0.001000,0.000997,0.002105,0.001457,0.000616,0.000161,0.000170
260800,0.000657,0.001020,0.003076,0.006472,0.001129,0.000999,0.000999,0.002088,0.001577,0.000628,0.000153,0.000179
260900,0.000574,0.000984,0.003076,0.006546,0.001123,0.000994,0.000996,0.002111,0.001258,0.000639,0.000160,0.000170
261000,0.000576,0.001070,0.003074,0.006081,0.001140,0.000996,0.000999,0.002154,0.001386,0.000689,0.000159,0.000173
261100,0.000605,0.000949,0.003072,0.006937,0.001126,0.000996,0.000996,0.002153,0.001122,0.000616,0.000158,0.000168
261200,0.000581,0.001011,0.003079,0.006505,0.001122,0.000997,0.000994,0.002128,0.001215,0.000734,0.000154,0.000168
261300,0.000597,0.000961,0.003076,0.007836,0.001146,0.000998,0.000997,0.002114,0.001169,0.000721,0.000159,0.000183
261400,0.000561,0.000997,0.003079,0.006818,0.001136,0.000992,0.000999,0.002141,0.001096,0.000654,0.000183,0.000167
261500,0.000613,0.000930,0.003072,0.007474,0.001139,0.000994,0.000989,0.002135,0.001411,0.000709,0.000169,0.000159
261600,0.000620,0.001075,0.003077,0.006184,0.001136,0.000998,0.000997,0.002130,0.001132,0.000598,0.000148,0.000170
261700,0.000615,0.000967,0.003074,0.007043,0.001140,0.000996,0.000999,0.002120,0.001183,0.000491,0.000168,0.000158
261800,0.000584,0.000991,0.003074,0.007352,0.001135,0.000995,0.000995,0.002113,0.001124,0.000636,0.000153,0.000156
261900,0.000584,0.000999,0.003083,0.007441,0.001140,0.000997,0.000996,0.002129,0.001192,0.000561,0.000163,0.000167
262000,0.000589,0.000996,0.003076,0.007589,0.001125,0.000995,0.000996,0.002077,0.001228,0.000628,0.000169,0.000175
262100,0.000608,0.001017,0.003077,0.006022,0.001137,0.000995,0.000993,0.002130,0.000998,0.000659,0.000159,0.000159
262200,0.000558,0.000937,0.003084,0.006081,0.001153,0.000997,0.000996,0.002128,0.001204,0.000637,0.000150,0.000167
262300,0.000596,0.000997,0.003077,0.005924,0.001137,0.000998,0.000999,0.002121,0.001444,0.000606,0.000162,0.000161
262400,0.000583,0.000889,0.003073,0.007051,0.001134,0.000990,0.000992,0.002135,0.001461,0.000695,0.000158,0.000178
262500,0.000571,0.000998,0.003076,0.006137,0.001151,0.000997,0.000997,0.002089,0.001087,0.000673,0.000163,0.000161
262600,0.000608,0.001017,0.003072,0.007516,0.001136,0.000996,0.000997,0.002086,0.001325,0.000643,0.000159,0.000167
262700,0.000574,0.000937,0.003080,0.006777,0.001129,0.001001,0.000998,0.002120,0.001308,0.000618,0.000170,0.000146
262800,0.000591,0.000881,0.003074,0.006420,0.001142,0.000995,0.000996,0.002168,0.001480,0.000672,0.000156,0.000154
262900,0.000618,0.000941,0.003078,0.006950,0.001139,0.001001,0.000999,0.002151,0.001068,0.000598,0.000160,0.000161
263000,0.000619,0.000961,0.003078,0.006766,0.001131,0.000995,0.000996,0.002096,0.001274,0.000663,0.000154,0.000165
263100,0.000576,0.001064,0.003076,0.006257,0.001146,0.000995,0.000994,0.002134,0.001129,0.000747,0.000154,0.000169
263200,0.000588,0.000926,0.003072,0.006585,0.001132,0.000995,0.000997,0.002108,0.001293,0.000671,0.000162,0.000171
263300,0.000586,0.000983,0.003083,0.006366,0.001134,0.000995,0.000996,0.002117,0.001191,0.000602,0.000209,0.000162
263400,0.000608,0.000917,0.003075,0.007093,0.001127,0.000995,0.000994,0.002141,0.001283,0.000700,0.000159,0.000181
263500,0.000600,0.000994,0.003076,0.007123,0.001130,0.000996,0.000996,0.002107,0.001333,0.000609,0.000173,0.000171
263600,0.000611,0.000921,0.003077,0.006600,0.001125,0.000997,0.000999,0.002118,0.001281,0.000537,0.000161,0.000173
263700,0.000631,0.000925,0.003075,0.007023,0.001128,0.000995,0.000994,0.002125,0.001362,0.000557,0.000164,0.000170
263800,0.000591,0.001011,0.003075,0.006943,0.001127,0.000995,0.000994,0.002147,0.001222,0.000609,0.000156,0.000175
263900,0.000613,0.000894,0.003077,0.006986,0.001132,0.000999,0.000997,0.002149,0.001357,0.000665,0.000164,0.000169
264000,0.000588,0.000966,0.003068,0.007329,0.001123,0.000995,0.000997,0.002125,0.001593,0.000692,0.000159,0.000181
264100,0.000571,0.000935,0.003078,0.006739,0.001137,0.000997,0.000993,0.002123,0.001320,0.000643,0.000163,0.000168
264200,0.000585,0.000990,0.003065,0.006778,0.001136,0.001001,0.000998,0.002116,0.001434,0.000614,0.000160,0.000161
264300,0.000608,0.001013,0.003075,0.006806,0.001144,0.000997,0.000995,0.002145,0.001423,0.000595,0.000161,0.000168
264400,0.000589,0.000899,0.003079,0.006555,0.001123,0.000995,0.000995,0.002109,0.001180,0.000625,0.000182,0.000171
264500,0.000596,0.000945,0.003074,0.006763,0.001134,0.000997,0.000996,0.002146,0.001100,0.000708,0.000159,0.000160
264600,0.000562,0.000885,0.003076,0.006939,0.001125,0.000997,0.000996,0.002094,0.001103,0.000634,0.000154,0.000154
264700,0.000603,0.000974,0.003085,0.007856,0.001142,0.001000,0.000999,0.002137,0.001279,0.000655,0.000176,0.000171
264800,0.000606,0.000997,0.003075,0.005999,0.001127,0.000997,0.000996,0.002111,0.001081,0.000717,0.000156,0.000165
264900,0.000632,0.000961,0.003073,0.006019,0.001133,0.001002,0.000999,0.002138,0.001104,0.000687,0.000162,0.000162
265000,0.000609,0.000998,0.003072,0.007370,0.001134,0.000995,0.000994,0.002103,0.001239,0.000644,0.000181,0.000157
265100,0.000592,0.000953,0.003076,0.007254,0.001146,0.000995,0.000995,0.002127,0.001128,0.000659,0.000144,0.000172
265200,0.000614,0.000998,0.003082,0.007079,0.001132,0.000999,0.000997,0.002118,0.001754,0.000572,0.000172,0.000178
265300,0.000612,0.001019,0.003078,0.006080,0.001130,0.000994,0.000990,0.002124,0.001393,0.000610,0.000188,0.000174
265400,0.000585,0.000949,0.003079,0.008149,0.001131,0.000994,0.000995,0.002171,0.001341,0.000633,0.000171,0.000163
265500,0.000582,0.000930,0.003078,0.006416,0.001140,0.000998,0.000998,0.002154,0.001335,0.000667,0.000155,0.000156
265600,0.000627,0.000967,0.003071,0.005816,0.001127,0.000995,0.000997,0.002154,0.001182,0.000628,0.000153,0.000166
265700,0.000616,0.001036,0.003076,0.007104,0.001129,0.000995,0.000995,0.002091,0.001375,0.000694,0.000166,0.000162
265800,0.000577,0.000913,0.003076,0.006998,0.001143,0.000996,0.000996,0.002135,0.001239,0.000718,0.000169,0.000166
265900,0.000625,0.000922,0.003069,0.006078,0.001141,0.000998,0.000998,0.002164,0.001358,0.000676,0.000154,0.000176
266000,0.000604,0.000951,0.003074,0.006567,0.001129,0.000991,0.000995,0.002141,0.001133,0.000597,0.000176,0.000171
266100,0.000618,0.000971,0.003079,0.007533,0.001146,0.000996,0.000998,0.002127,0.001221,0.000595,0.000163,0.000163
266200,0.000567,0.000972,0.003068,0.006763,0.001140,0.000998,0.000998,0.002133,0.001263,0.000595,0.000173,0.000161
266300,0.000598,0.001027,0.003083,0.006298,0.001152,0.000995,0.000993,0.002154,0.001228,0.000656,0.000150,0.000168
266400,0.000563,0.000930,0.003071,0.007290,0.001139,0.000994,0.000992,0.002092,0.001181,0.000611,0.000161,0.000163
266500,0.000581,0.001004,0.003076,0.006772,0.001134,0.000996,0.000997,0.002163,0.001182,0.000741,0.000173,0.000177
266600,0.000608,0.000943,0.003075,0.006112,0.001118,0.000996,0.000998,0.002125,0.001186,0.000663,0.000155,0.000158
266700,0.000587,0.000951,0.003074,0.006593,0.001135,0.000996,inf,0.002158,0.001522,0.000647,0.000170,0.000160
266800,0.000599,0.000998,0.003083,0.005863,0.001130,0.000990,0.000996,0.002093,0.001338,0.000665,0.000163,0.000171
266900,0.000575,0.001034,0.003078,0.005984,0.001144,0.000998,0.000998,0.002148,0.001150,0.000651,0.000164,0.000172
267000,0.000586,0.000988,0.003078,0.005644,0.001140,0.000996,0.000996,0.002153,0.001325,0.000672,0.000154,0.000189
267100,0.000565,0.001025,0.003076,0.006992,0.001130,0.000997,0.000993,0.002145,0.001133,0.000659,0.000164,0.000188
267200,0.000572,0.000980,0.003082,0.006288,0.001146,0.001000,0.000996,0.002149,0.001206,0.000638,0.000156,0.000169
267300,0.000644,0.000946,0.003073,0.006579,0.001133,0.000994,0.000997,0.002128,0.001356,0.000691,0.000170,0.000171
267400,0.000591,0.000961,0.003078,0.006308,0.001135,0.000995,0.000994,0.002150,0.001163,0.000612,0.000169,0.000172
267500,0.000596,0.000969,0.003071,0.006322,0.001133,0.000997,0.000997,0.002150,0.001169,0.000663,0.000153,0.000158
267600,0.000657,0.000980,0.003076,0.005820,0.001132,0.000997,0.000999,0.002174,0.001235,0.000627,0.000160,0.000182
267700,0.000582,0.000984,0.003078,0.007003,0.001137,0.000994,0.000993,0.002102,0.001172,0.000564,0.000163,0.000162
267800,0.000594,0.000982,0.003077,0.006984,0.001129,0.000997,0.000998,0.002119,0.001457,0.000650,0.000169,0.000178
267900,0.000622,0.001022,0.003079,0.006812,0.001138,0.000995,0.000996,0.002120,0.001214,0.000592,0.000169,0.000165
268000,0.000601,0.000966,0.003073,0.005744,0.001136,0.000994,0.000993,0.002146,0.001247,0.000563,0.000157,0.000165
268100,0.000614,0.000968,0.003073,0.005756,0.001130,0.000999,0.000999,0.002154,0.001371,0.000619,0.000146,0.000167
268200,0.000601,0.000939,0.003075,0.006152,0.001130,0.000996,0.000997,0.002086,0.001387,0.000580,0.000158,0.000168
268300,0.000577,0.001140,0.003073,0.006986,0.001138,0.000995,0.000996,0.002132,0.001406,0.000710,0.000159,0.000166
268400,0.000632,0.001031,0.003081,0.007209,0.001128,0.000997,0.000996,0.002060,0.001428,0.000703,0.000145,0.000166
268500,0.000569,0.000919,0.003075,0.007413,0.001124,0.000997,0.000997,0.002141,0.001351,0.000725,0.000148,0.000164
268600,0.000594,0.001039,0.003074,0.005933,0.001127,0.000995,0.000995,0.002122,0.001150,0.000646,0.000165,0.000160
268700,0.000589,0.000970,0.003078,0.006763,0.001132,0.000996,0.000996,0.002152,0.001372,0.000551,0.000169,0.000172
268800,0.000593,0.001038,0.003077,0.005933,0.001119,0.000998,0.000998,0.002131,0.001278,0.000664,0.000143,0.000161
268900,0.000571,0.000955,0.003074,0.006548,0.001130,0.000997,0.000995,0.002102,0.001243,0.000703,0.000156,0.000174
269000,0.000588,0.001021,0.003074,0.006551,0.001138,0.000995,0.000997,0.002095,0.001044,0.000704,0.000163,0.000160
269100,0.000607,0.000996,0.003073,0.006584,0.001146,0.000997,0.000994,0.002153,0.001340,0.000534,0.000164,0.000165
269200,0.000602,0.000920,0.003078,0.006971,0.001131,0.000996,0.000998,0.002112,0.001405,0.000704,0.000161,0.000168
269300,0.000569,0.000966,0.003071,0.006938,0.001124,0.000994,0.000995,0.002137,0.001516,0.000594,0.000163,0.000186
269400,0.000603,0.000924,0.003078,0.006019,0.001138,0.000997,0.000993,0.002096,0.001368,0.000672,0.000174,0.000172
269500,0.000595,0.000980,0.003074,0.007199,0.001126,0.000997,0.000996,0.002144,0.001171,0.000628,0.000149,0.000164
269600,0.000607,0.000996,0.003092,0.006489,0.001119,0.000995,0.000994,0.002152,0.001297,0.000558,0.000157,0.000159
269700,0.000598,0.001007,0.003073,0.007139,0.001132,0.000994,0.000994,0.002141,0.001190,0.000686,0.000172,0.000158
269800,0.000606,0.000984,0.003075,0.006746,0.001128,0.000995,0.000997,0.002134,0.001259,0.000638,0.000190,0.000171
269900,0.000587,0.001019,0.003075,0.006549,0.001133,0.000993,0.000995,0.002101,0.001224,0.000659,0.000161,0.000169
270000,0.000579,0.000879,0.003074,0.007523,0.001141,0.000994,0.000996,0.002151,0.001126,0.000689,0.000166,0.000170
270100,0.000613,0.000921,0.003084,0.006758,0.001135,0.001001,0.001000,0.002094,0.001169,0.000653,0.000163,0.000175
270200,0.000615,0.000977,0.003075,0.006759,0.001131,0.000997,0.000996,0.002135,0.001333,0.000658,0.000153,0.000155
270300,0.000590,0.000928,0.003079,0.005807,0.001150,0.000996,0.000993,0.002159,0.001083,0.000679,0.000166,0.000159
270400,0.000569,0.000919,0.003079,0.006987,0.001138,0.000994,0.000998,0.002110,0.001306,0.000692,0.000162,0.000167
270500,0.000604,0.000983,0.003072,0.006908,0.001146,0.000999,0.000998,0.002119,0.001090,0.000577,0.000152,0.000160
270600,0.000609,0.000982,0.003076,0.006372,0.001124,0.000992,0.000995,0.002136,0.001110,0.000658,0.000145,0.000175
270700,0.000572,0.001059,0.003075,0.006522,0.001141,0.000998,0.000996,0.002151,0.001255,0.000614,0.000167,0.000183
270800,0.000547,0.000992,0.003077,0.004547,0.001132,0.000994,0.000996,0.002116,0.001157,0.000565,0.000158,0.000163
270900,0.000577,0.000955,0.003074,0.006400,0.001146,0.000994,0.000993,0.002114,0.001318,0.000608,0.000165,0.000170
271000,0.000611,0.000931,0.003080,0.007772,0.001131,0.000996,0.000993,0.002142,0.001273,0.000606,0.000154,0.000162
271100,0.000620,0.000939,0.003072,0.006912,0.001150,0.000997,0.000998,0.002113,0.001285,0.000720,0.000152,0.000174
271200,0.000590,0.000972,0.003082,0.007064,0.001135,0.000995,0.000994,0.002121,0.001145,0.000577,0.000168,0.000159
271300,0.000612,0.000913,0.003071,0.007028,0.001135,0.000993,0.000996,0.002136,0.001331,0.000615,0.000153,0.000176
271400,0.000585,0.000927,0.003075,0.006205,0.001129,0.000997,0.001006,0.002143,0.001209,0.000676,0.000167,0.000183
271500,0.000598,0.000905,0.003080,0.007305,0.001125,0.000996,0.000997,0.002105,0.001198,0.000720,0.000160,0.000171
271600,0.000603,0.000965,0.003071,0.006229,0.001131,0.000993,0.000993,0.002144,0.001534,0.000679,0.000156,0.000168
271700,0.000581,0.000996,0.003081,0.006783,0.001122,0.001001,0.000996,0.002203,0.001278,0.000627,0.000188,0.000170
271800,0.000608,0.001018,0.003078,0.006239,0.001126,0.000996,0.000996,0.002128,0.001171,0.000629,0.000173,0.000161
271900,0.000603,0.000975,0.003078,0.007480,0.001139,0.000996,0.000993,0.002112,0.001209,0.000645,0.000167,0.000172
272000,0.000609,0.000964,0.003076,0.006994,0.001135,0.000993,0.000998,0.002141,0.001270,0.000600,0.000169,0.000187
272100,0.000596,0.001027,0.003073,0.007122,0.001142,0.000998,0.000996,0.002092,0.001132,0.000580,0.000169,0.000171
272200,0.000617,0.001008,0.003076,0.006783,0.001142,0.000997,0.000997,0.002139,0.001302,0.000639,0.000162,0.000163
272300,0.000588,0.000988,0.003075,0.006275,0.001142,0.000996,0.000992,0.002148,0.001222,0.000718,0.000159,0.000161
272400,0.000592,0.000975,0.003065,0.007030,0.001130,0.000997,0.000997,0.002100,0.001300,0.000653,0.000160,0.000163
272500,0.000587,0.000969,0.003080,0.005830,0.001138,0.000998,0.000997,0.002119,0.001276,0.000675,0.000162,0.000172
272600,0.000588,0.000988,0.003073,0.006765,0.001152,0.000998,0.000998,0.002124,0.001538,0.000639,0.000202,0.000170
272700,0.000616,0.000883,0.003081,0.005584,0.001145,0.001005,0.000999,0.002140,0.001444,0.000644,0.000160,0.000165
272800,0.000596,0.001041,0.003074,0.007819,0.001125,0.000998,0.000995,0.002154,0.001096,0.000663,0.000163,0.000161
272900,0.000600,0.000967,0.003074,0.007332,0.001124,0.000994,0.000997,0.002136,0.001227,0.000635,0.000184,0.000166
273000,0.000570,0.000927,0.003075,0.005647,0.001137,0.000998,0.000995,0.002131,0.001401,0.000636,0.000153,0.000179
273100,0.000600,0.000970,0.003077,0.006750,0.001127,0.000995,0.000995,0.002091,0.001092,0.000674,0.000165,0.000161
273200,0.000641,0.000993,0.003078,0.005777,0.001126,0.000994,0.000996,0.002099,0.001259,0.000624,0.000143,0.000160
273300,0.000617,0.000933,0.003068,0.006798,0.001136,0.000993,0.000994,0.002123,0.001206,0.000624,0.000156,0.000169
273400,0.000625,0.000979,0.003084,0.007570,0.001120,0.001001,0.001000,0.002130,0.001175,0.000650,0.000169,0.000169
273500,0.000610,0.001064,0.003072,0.006986,0.001133,0.000993,0.000997,0.002120,0.001235,0.000626,0.000165,0.000164
273600,0.000591,0.000911,0.003075,0.006254,0.001130,0.000997,0.000998,0.002123,0.001284,0.000603,0.000163,0.000162
273700,0.000587,0.001019,0.003077,0.007758,0.001123,0.000999,0.000994,0.002091,0.001137,0.000674,0.000167,0.000174
273800,0.000589,0.000939,0.003068,0.006349,0.001132,0.000994,0.000994,0.002160,0.001204,0.000650,0.000161,0.000164
273900,0.000593,0.000990,0.003074,0.006485,0.001136,0.000993,0.000993,0.002125,0.001366,0.000655,0.000169,0.000166
274000,0.000603,0.000948,0.003075,0.007206,0.001154,0.001000,0.001000,0.002111,0.001373,0.000707,0.000173,0.000161
274100,0.000624,0.001039,0.003079,0.006958,0.001127,0.000994,0.000993,0.002093,0.001146,0.000729,0.000150,0.000156
274200,inf,0.000995,0.003078,0.006793,0.001134,0.000994,0.000996,0.002103,0.001194,0.000670,0.000149,0.000160
274300,0.000612,0.000951,0.003077,0.006770,0.001140,0.000993,0.000995,0.002108,inf,0.000663,0.000167,0.000162
274400,0.000622,0.000986,0.003076,0.007386,0.001124,0.000995,0.000994,0.002139,0.001238,0.000717,0.000142,0.000165
274500,0.000618,0.000908,0.003080,0.006771,0.001128,0.001000,0.000999,0.002157,0.001146,0.000721,0.000151,0.000164
274600,0.000588,0.000980,0.003079,0.005429,0.001150,0.000995,0.000997,0.002126,0.001398,0.000681,0.000175,0.000184
274700,0.000626,0.000896,0.003073,0.006453,0.001124,0.001000,0.000999,0.002158,0.001446,0.000617,0.000166,0.000167
274800,0.000605,0.001003,0.003076,0.006456,0.001126,0.000997,0.000997,0.002116,0.001147,0.000592,0.000161,0.000158
274900,0.000595,0.001030,0.003078,0.006772,0.001137,0.000997,0.000995,0.002162,0.001060,0.000612,0.000156,0.000156
275000,0.000601,0.000918,0.003081,0.007605,0.001137,0.000997,0.001000,0.002128,0.001248,0.000644,0.000145,0.000162
275100,0.000588,0.000930,0.003075,0.007630,0.001120,0.000995,0.000994,0.002130,0.001379,0.000660,0.000181,0.000159
275200,0.000622,0.000963,0.003076,0.007079,0.001125,0.000995,0.000993,0.002123,0.001221,0.000588,0.000160,0.000169
275300,0.000620,0.001009,0.003078,0.006774,0.001120,0.001000,0.000997,0.002164,0.001352,0.000620,0.000162,0.000159
275400,0.000581,0.001051,0.003072,0.006536,0.001123,0.000995,0.000996,0.002110,0.001402,0.000552,0.000164,0.000166
275500,0.000595,0.000931,0.003075,0.006922,0.001122,0.000994,0.000996,0.002126,0.001070,0.000670,0.000169,0.000167
275600,0.000592,0.000927,0.003073,0.006750,0.001138,0.000994,0.000991,0.002093,0.001152,0.000732,0.000157,0.000158
275700,0.000599,0.001012,0.003074,0.007194,0.001129,0.000999,0.001005,0.002146,0.001203,0.000675,0.000153,0.000160
275800,0.000583,0.000962,0.003075,0.007324,0.001137,0.000991,0.000995,0.002105,0.001286,0.000687,0.000156,0.000156
275900,0.000603,0.000959,0.003077,0.006940,0.001150,0.000997,0.000997,0.002163,0.001161,0.000637,0.000157,0.000163
276000,0.000622,0.000989,0.003074,0.007579,0.001123,0.000997,0.000999,0.002130,0.001379,0.000628,0.000162,0.000172
276100,0.000518,0.000993,0.003079,0.006614,0.001125,0.000997,0.000999,0.002180,0.001482,0.000586,0.000175,0.000170
276200,0.000605,0.001088,0.003071,0.007257,0.001133,0.000994,0.000994,0.002105,0.001242,0.000661,0.000166,0.000162
276300,0.000602,0.000919,0.003077,0.006926,0.001147,0.000995,0.000997,0.002100,0.001403,0.000656,0.000148,0.000175
276400,0.000588,0.001024,0.003072,0.006987,0.001150,0.001000,0.000997,0.002102,0.001252,0.000686,0.000160,0.000158
276500,0.000597,0.001010,0.003078,0.006376,0.001128,0.000995,0.000993,0.002145,0.001243,0.000590,0.000157,0.000160
276600,0.000583,0.001011,0.003079,0.006910,0.001131,0.001003,0.000998,0.002161,0.001121,0.000706,0.000189,0.000169
276700,0.000582,0.001003,0.003079,0.006744,0.001131,0.000995,0.000997,0.002121,0.001301,0.000657,0.000163,0.000174
276800,0.000613,0.000952,0.003077,0.006558,0.001142,0.000997,0.000995,0.002151,0.001107,0.000627,0.000153,0.000166
276900,0.000585,0.000963,0.003072,0.007257,0.001129,0.000997,0.000997,0.002116,0.001259,0.000641,0.000172,0.000149
277000,0.000575,0.000897,0.003074,0.007170,0.001132,0.000994,0.000997,0.002124,0.001171,0.000656,0.000151,0.000166
277100,0.000584,0.001005,0.003073,0.005793,0.001147,0.000995,0.000996,0.002144,0.001528,0.000653,0.000160,0.000149
277200,0.000565,0.000904,0.003081,0.006286,0.001142,0.000995,0.000994,0.002096,0.001394,0.000747,0.000160,0.000178
277300,0.000580,0.000993,0.003070,0.006414,0.001147,0.000999,0.000999,0.002137,0.001300,0.000630,0.000161,0.000168
277400,0.000588,0.000985,0.003073,0.006431,0.001129,0.000996,0.000996,0.002164,0.001195,0.000627,0.000153,0.000161
277500,0.000617,0.000989,0.003075,0.006921,0.001138,0.000992,0.000994,0.002122,0.001171,0.000650,0.000152,0.000160
277600,0.000574,0.000978,0.003079,0.007021,0.001131,0.000996,0.000993,0.002117,0.001513,0.000567,0.000161,0.000164
277700,0.000606,0.000894,0.003075,0.007259,0.001145,0.000993,0.000989,0.002135,0.001304,0.000557,0.000170,0.000175
277800,0.000609,0.000916,0.003073,0.006221,0.001137,0.000990,0.000997,0.002160,0.001169,0.000678,0.000180,0.000182
277900,0.000592,0.000999,0.003079,0.006581,0.001140,0.000996,0.000999,0.002096,0.001377,0.000626,0.000173,0.000178
278000,0.000598,0.000938,0.003072,0.006605,0.001138,0.000997,0.000995,0.002115,0.001258,0.000626,0.000188,0.000170
278100,0.000560,0.000984,0.003070,0.007260,0.001123,0.000996,0.000998,0.002123,0.001171,0.000556,0.000154,0.000177
278200,0.000592,0.000943,0.003081,0.006741,0.001129,0.000995,0.000998,0.002139,0.001183,0.000765,0.000152,0.000166
278300,0.000581,0.000913,0.003080,0.005626,0.001137,0.000996,0.000996,0.002119,0.001142,0.000625,0.000157,0.000182
278400,0.000589,0.000968,0.003070,0.006576,0.001138,0.000998,0.000995,0.002098,0.001151,0.000677,0.000162,0.000156
278500,0.000603,0.000954,0.003080,0.007036,0.001134,0.000993,0.000996,0.002144,0.001469,0.000624,0.000167,0.000177
278600,0.000574,0.000947,0.003073,0.006286,0.001132,0.000998,0.000999,0.002113,0.001689,0.000661,0.000160,0.000165
278700,0.000577,0.000964,0.003072,0.007507,0.001132,0.000996,0.000995,0.002115,0.001269,0.000627,0.000159,0.000165
278800,0.000616,0.000980,0.003076,0.005904,0.001144,0.000993,0.000995,0.002115,0.001311,0.000681,0.000162,0.000168
278900,0.000583,0.000878,0.003074,0.006587,0.001131,0.000996,0.000996,0.002075,0.001229,0.000613,0.000162,0.000158
279000,0.000610,0.001073,0.003075,0.005928,0.001139,0.000998,0.000997,0.002149,0.001281,0.000639,0.000157,0.000159
279100,0.000608,0.000986,0.003085,0.005736,0.001120,0.000994,0.000994,0.002153,0.001602,0.000563,0.000154,0.000174
279200,0.000609,0.001003,0.003078,0.006218,0.001135,0.000995,0.000996,0.002118,0.001066,0.000699,0.000154,0.000172
279300,0.000604,0.000892,0.003073,0.007861,0.001138,0.000998,0.000996,0.002102,0.001242,0.000704,0.000166,0.000162
279400,0.000619,0.000954,0.003080,0.006474,0.001138,0.000994,0.000997,0.002189,0.001325,0.000676,0.000162,0.000171
279500,0.000575,0.000993,0.003078,0.006135,0.001127,0.000996,0.000996,0.002131,0.001414,0.000695,0.000161,0.000162
279600,0.000614,0.000988,0.003077,0.008236,0.001144,0.001002,0.000995,0.002152,0.001301,0.000638,0.000155,0.000174
279700,0.000570,0.000962,0.003072,0.006620,0.001116,0.000993,0.000994,0.002106,0.001438,0.000705,0.000159,0.000163
279800,0.000621,0.000950,0.003076,0.006550,0.001146,0.000995,0.000995,0.002111,0.001342,0.000652,0.000163,0.000166
279900,0.000614,0.000984,0.003081,0.007001,0.001139,0.000998,0.000999,0.002109,0.001242,0.000709,0.000154,0.000159
280000,0.000595,0.000917,0.003074,0.006752,0.001156,0.000997,0.000997,0.002118,0.001316,0.000626,0.000160,0.000169
280100,0.000625,0.000989,0.003079,0.006990,0.001132,0.000995,0.000996,0.002144,0.001157,0.000623,0.000157,0.000168
280200,0.000608,0.000969,0.003074,0.005675,0.001131,0.000997,0.000995,0.002152,0.001345,0.000731,0.000148,0.000149
280300,0.000598,0.000925,0.003072,0.006146,0.001142,0.000992,0.000997,0.002102,0.001213,0.000677,0.000156,0.000168
280400,0.000608,0.000996,0.003074,0.006779,0.001127,0.000996,0.000997,0.002160,0.001363,0.000674,0.000151,0.000169
280500,0.000608,0.000950,0.003076,0.006375,0.001136,0.000996,0.000997,0.002137,0.001453,0.000716,0.000156,0.000163
280600,0.000546,0.000912,0.003077,0.007107,0.001134,0.000997,0.000999,0.002124,0.001091,0.000691,0.000152,0.000169
280700,0.000608,0.000905,0.003066,0.007035,0.001132,0.000994,0.000996,0.002146,0.001251,0.000595,0.000154,0.000166
280800,0.000593,0.000970,0.003079,0.006770,0.001131,0.000995,0.000990,0.002146,0.001074,0.000626,0.000149,0.000158
280900,0.000613,0.000966,0.003072,0.005861,0.001140,0.000997,0.000997,0.002114,0.001111,0.000649,0.000150,0.000157
281000,0.000585,0.001005,0.003078,0.007216,0.001130,0.000993,0.000994,0.002125,0.001302,0.000706,0.000154,0.000164
281100,0.000545,0.000924,0.003064,0.006639,0.001130,0.000995,0.000996,0.002149,0.001206,0.000671,0.000148,0.000170
281200,0.000571,0.000987,0.003076,0.006519,0.001147,0.000996,0.000998,0.002147,0.001284,0.000638,0.000170,0.000157
281300,0.000616,0.000973,0.003074,0.006255,0.001142,0.000996,0.000996,0.002102,0.001175,0.000595,0.000162,0.000152
281400,0.000595,0.000947,0.003077,0.006734,0.001131,0.000999,0.000995,0.002140,0.001152,0.000615,0.000159,0.000163
281500,0.000640,0.001023,0.003078,0.006795,0.001135,0.000994,0.000996,0.002105,0.001254,0.000615,0.000200,0.000162
281600,0.000576,0.001025,0.003077,0.006758,0.001135,0.000996,0.000995,0.002172,0.001347,0.000722,0.000167,0.000168
281700,0.000593,0.000997,0.003079,0.006986,0.001123,0.000991,0.000992,0.002110,0.001684,0.000681,0.000157,0.000173
281800,0.000599,0.000993,0.003084,0.007545,0.001143,0.000996,0.000999,0.002141,0.001371,0.000589,0.000161,0.000183
281900,0.000641,0.000972,0.003073,0.006744,0.001140,0.000998,0.000998,0.002095,0.001211,0.000739,0.000156,0.000159
282000,0.000595,0.000942,0.003074,0.006782,0.001139,0.000994,0.000995,0.002127,0.001076,0.000612,0.000160,0.000152
282100,0.000585,0.001007,0.003074,0.005528,0.001135,0.001000,0.000996,0.002129,0.001221,0.000592,0.000176,0.000149
282200,0.000632,0.000941,0.003074,0.006366,0.001137,0.000995,0.000996,0.002095,0.001128,0.000616,0.000159,0.000162
282300,0.000601,0.001019,0.003069,0.006806,0.001125,0.001014,0.001000,0.002127,0.001164,0.000619,0.000163,0.000167
282400,0.000612,0.000926,0.003076,0.007167,0.001132,0.000995,0.000996,0.002096,inf,0.000717,0.000156,0.000166
282500,0.000574,0.000956,0.003084,0.005860,0.001129,0.001000,0.000998,0.002147,0.001340,0.000685,0.000159,0.000184
282600,0.000587,0.001004,0.003074,0.007077,0.001132,0.000995,0.000995,0.002153,0.001105,0.000672,0.000164,0.000162
282700,0.000591,0.000952,0.003072,0.006761,0.001125,0.000996,0.000998,0.002117,0.001150,0.000720,0.000156,0.000173
282800,0.000569,0.001024,0.003069,0.006781,0.001145,0.000995,0.000995,0.002153,0.001064,0.000532,0.000173,0.000157
282900,0.000570,0.000911,0.003080,0.005910,0.001142,0.000993,0.000996,0.002134,0.001149,0.000559,0.000164,0.000170
283000,0.000589,0.000949,0.003073,0.007178,0.001146,0.000999,0.000998,0.002142,0.001331,0.000635,0.000160,0.000163
283100,0.000576,0.000963,0.003079,0.008645,0.001117,0.000993,0.000994,0.002136,0.001100,0.000581,0.000152,0.000159
283200,0.000601,0.000974,0.003079,0.006190,0.001130,0.000997,0.001000,0.002141,0.001112,0.000666,0.000161,0.000168
283300,0.000584,0.000999,0.003073,0.006931,0.001121,0.000996,0.000993,0.002141,0.001246,0.000707,0.000155,0.000165
283400,0.000590,0.000905,0.003079,0.006252,0.001130,0.000997,0.000995,0.002151,0.001276,0.000626,0.000157,0.000174
283500,0.000594,0.001013,0.003073,0.006492,0.001136,0.000988,0.000998,0.002135,0.001272,0.000719,0.000161,0.000174
283600,0.000574,0.000940,0.003072,0.006345,0.001129,0.000994,0.000996,0.002120,0.001161,0.000637,0.000140,0.000169
283700,0.000578,0.000941,0.003078,0.007568,0.001141,0.000995,0.000994,0.002100,0.001190,0.000633,0.000165,0.000194
283800,0.000560,0.000981,0.003072,0.007770,0.001137,0.000996,0.000999,0.002123,0.001247,0.000721,0.000167,0.000167
283900,0.000583,0.000901,0.003073,0.007017,0.001137,0.000995,0.000996,0.002142,0.001187,0.000707,0.000171,0.000163
284000,0.000583,0.000964,0.003079,0.006772,0.001138,0.000992,0.000996,0.002132,0.001421,0.000634,0.000164,0.000160
284100,0.000582,0.000945,0.003079,0.006570,0.001132,0.000996,0.000995,0.002128,0.001108,0.000734,0.000173,0.000167
284200,0.000607,0.000947,0.003071,0.007137,0.001119,0.000994,0.000995,0.002131,0.001305,0.000680,0.000148,0.000164
284300,0.000624,0.000961,0.003080,0.006462,0.001131,0.000998,0.000999,0.002111,0.001145,0.000631,0.000162,0.000167
284400,0.000589,0.000983,0.003074,0.006506,0.001135,0.000998,0.000997,0.002121,0.001277,0.000641,0.000162,0.000157
284500,0.000625,0.001004,0.003075,0.008162,0.001127,0.000999,0.000997,0.002133,0.001277,0.000602,0.000162,0.000166
284600,0.000543,0.000964,0.003071,0.007070,0.001119,0.000994,0.000993,0.002141,0.001134,0.000650,0.000161,0.000158
284700,0.000583,0.000982,0.003075,0.006536,0.001135,0.000997,0.000998,0.002123,0.001231,0.000685,0.000145,0.000168
284800,0.000581,0.001042,0.003080,0.007434,0.001147,0.000995,0.000995,0.002201,0.001129,0.000651,0.000175,0.000187
284900,0.000613,0.000959,0.003070,0.006153,0.001136,0.000995,0.000995,0.002111,0.001181,0.000624,0.000152,0.000169
285000,0.000573,0.000907,0.003074,0.008350,0.001110,0.000995,0.000995,0.002116,0.001163,0.000626,0.000150,0.000154
285100,0.000608,0.000974,0.003080,0.006939,0.001131,0.000997,0.000999,0.002143,0.001197,0.000580,0.000170,0.000171
285200,0.000603,0.000964,0.003073,0.006774,0.001118,0.000995,0.000997,0.002114,0.001131,0.000604,0.000142,0.000164
285300,0.000589,0.000991,0.003075,0.006636,0.001135,0.000995,0.000996,0.002124,0.001788,0.000647,0.000202,0.000174
285400,0.000620,0.000887,0.003077,0.006792,0.001119,0.000995,0.000994,0.002124,0.001390,0.000579,0.000162,0.000175
285500,0.000606,0.000994,0.003073,0.006994,0.001150,0.001000,0.000997,0.002092,0.001304,0.000625,0.000165,0.000168
285600,0.000610,0.000943,0.003076,0.007759,0.001131,0.000993,0.000993,0.002141,0.001450,0.000694,0.000150,0.000160
285700,0.000597,0.000987,0.003080,0.007309,0.001132,0.000996,0.000997,0.002128,0.001088,0.000626,0.000152,0.000177
285800,0.000583,0.000993,0.003076,0.006255,0.001137,0.000998,0.000997,0.002141,0.001194,0.000718,0.000168,0.000173
285900,0.000610,0.000977,0.003072,0.007562,0.001145,0.000995,0.000995,0.002141,0.001189,0.000639,0.000152,0.000166
286000,0.000605,0.000967,0.003075,0.006970,0.001137,0.000994,0.000996,0.002108,0.001064,0.000660,0.000151,0.000168
286100,0.000616,0.000920,0.003075,0.006338,0.001121,0.000998,0.000993,0.002108,0.001438,0.000608,0.000157,0.000173
286200,0.000628,0.000914,0.003078,0.007125,0.001150,0.000994,0.000999,0.002098,0.001573,0.000715,0.000171,0.000150
286300,0.000575,0.000960,0.003074,0.005863,0.001142,0.000996,0.000996,0.002151,0.001448,0.000696,0.000169,0.000172
286400,0.000603,0.000946,0.003082,0.006491,0.001146,0.000999,0.000997,0.002103,inf,0.000675,0.000165,0.000168
286500,0.000588,0.000986,0.003078,0.006450,0.001126,0.000997,0.000999,0.002128,0.001334,0.000590,0.000152,0.000168
286600,0.000598,0.000944,0.003073,0.006373,0.001144,0.000994,0.000993,0.002078,0.001506,0.000602,0.000160,0.000168
286700,0.000613,0.000989,0.003079,0.006558,0.001130,0.000995,0.000996,0.002117,0.001186,0.000636,0.000161,0.000169
286800,0.000639,0.000953,0.003075,0.007020,0.001129,0.000999,0.000995,0.002128,0.001190,0.000535,0.000174,0.000157
286900,0.000569,0.000917,0.003073,0.006970,0.001136,0.000994,0.000996,0.002127,0.001270,0.000639,0.000157,0.000169
287000,0.000596,0.000997,0.003072,0.006738,0.001135,0.000995,0.000995,0.002152,0.001341,0.000618,0.000163,0.000170
287100,0.000591,0.000928,0.003075,0.007235,0.001136,0.001002,0.000999,0.002099,0.001266,0.000722,0.000187,0.000181
287200,0.000606,0.000920,0.003077,0.006626,0.001124,0.000996,0.000997,0.002169,0.001399,0.000719,0.000162,0.000166
287300,0.000597,0.001015,0.003074,0.006557,0.001127,0.000993,0.000994,0.002116,0.001094,0.000602,0.000153,0.000169
287400,0.000573,0.000988,0.003077,0.007019,0.001135,0.000995,0.000995,0.002165,0.001083,0.000623,0.000161,0.000159
287500,0.000571,0.001015,0.003075,0.006137,0.001137,0.000995,0.000995,0.002136,0.001526,0.000681,0.000143,0.000163
287600,0.000581,0.001003,0.003073,0.007401,0.001125,0.000994,0.000994,0.002164,0.001169,0.000671,0.000151,0.000176
287700,0.000627,0.000893,0.003072,0.006940,0.001131,0.001000,0.000999,0.002125,0.001179,0.000581,0.000152,0.000164
287800,0.000618,0.000998,0.003076,0.005903,0.001125,0.000996,0.000997,0.002117,0.001395,0.000599,0.000182,0.000175
287900,0.000596,0.000848,0.003074,0.006775,0.001126,0.000993,0.000995,0.002072,0.001199,0.000652,0.000159,0.000166
288000,0.000590,0.000950,inf,0.006757,0.001132,0.000996,0.000997,0.002158,0.001524,0.000698,0.000165,0.000170
288100,0.000637,0.000912,0.003080,0.006466,0.001136,0.000997,0.000996,0.002092,0.001153,0.000686,0.000161,0.000172
288200,0.000602,0.000946,0.003076,0.007189,0.001147,0.001003,0.000999,0.002123,0.002062,0.000656,0.000172,0.000169
288300,0.000601,0.000908,0.003070,0.006123,0.001134,0.000993,0.000993,0.002145,0.001350,0.000641,0.000180,0.000166
288400,0.000593,0.000987,0.003078,0.007325,0.001141,0.000999,0.000997,inf,0.001333,0.000660,0.000162,0.000162
288500,0.000604,0.000948,0.003074,0.006767,0.001142,0.000996,0.000995,0.002125,0.001397,0.000551,0.000150,0.000147
288600,0.000582,0.000985,0.003078,0.006542,0.001132,0.000994,0.000995,0.002139,0.001277,0.000590,0.000147,0.000166
288700,0.000622,0.001039,0.003071,0.006991,0.001130,0.000998,0.000994,0.002142,0.001239,0.000626,0.000161,0.000158
288800,0.000582,0.001008,0.003073,0.006205,0.001139,0.000996,0.000995,0.002135,0.001540,0.000637,0.000162,0.000154
288900,0.000565,0.000967,0.003075,0.007392,0.001125,0.000994,0.000995,0.002140,0.001118,0.000774,0.000164,0.000175
289000,0.000596,0.000931,0.003076,0.007384,0.001131,0.000998,0.000994,0.002143,0.001224,0.000650,0.000155,0.000161
289100,0.000654,0.000994,0.003076,0.006738,0.001127,0.000996,0.000998,0.002124,0.001037,0.000616,0.000183,0.000164
289200,0.000573,0.000981,0.003087,0.006761,0.001138,0.000996,0.000994,0.002158,0.001232,0.000642,0.000166,0.000167
289300,0.000584,0.000934,0.003073,0.006953,0.001135,0.000995,0.000994,0.002130,0.001039,0.000463,0.000152,0.000170
289400,0.000627,0.000964,0.003077,0.006938,0.001147,0.000995,0.000996,0.002113,0.001216,0.000543,0.000154,0.000163
289500,0.000604,0.000972,0.003073,0.007705,0.001131,0.000991,0.000992,0.002095,0.001233,0.000668,0.000163,0.000151
289600,0.000608,0.000958,0.003072,0.007658,0.001145,0.000997,0.000996,0.002146,0.001261,0.000689,0.000167,0.000160
289700,0.000609,0.001063,0.003081,0.006773,0.001135,0.000997,0.000998,0.002175,0.001165,0.000693,0.000158,0.000168
289800,0.000559,0.000969,0.003076,0.006961,0.001129,0.000997,0.000996,0.002125,0.001432,0.000638,0.000154,0.000163
289900,0.000619,0.000973,0.003074,0.007121,0.001153,0.000996,0.000997,0.002140,0.001214,0.000636,0.000165,0.000167
290000,0.000579,0.000970,0.003078,0.007446,0.001130,0.000997,0.000996,0.002152,0.001080,0.000626,0.000161,0.000171
290100,0.000594,0.001012,0.003071,0.007175,0.001125,0.000999,0.001000,0.002150,0.001841,0.000639,0.000164,0.000168
290200,0.000680,0.000946,0.003074,0.005673,0.001129,0.000993,0.000992,0.002071,0.001153,0.000623,0.000157,0.000168
290300,0.000593,0.000913,0.003078,0.007424,0.001131,0.000997,0.000997,0.002115,0.001146,0.000664,0.000183,0.000169
290400,0.000605,0.000976,0.003074,0.006776,0.001139,0.000999,0.001000,0.002093,0.001125,0.000720,0.000157,0.000165
290500,0.000620,0.001035,0.003070,0.007207,0.001123,0.000995,0.000993,0.002137,0.001249,0.000639,0.000154,0.000158
290600,0.000593,0.000890,0.003080,0.007141,0.001132,0.000994,0.000994,0.002128,0.001203,0.000698,0.000157,0.000165
290700,0.000572,0.000974,0.003069,0.005725,0.001170,0.000995,0.000995,0.002153,0.001152,0.000718,0.000145,0.000157
290800,0.000563,0.000945,0.003070,0.006318,0.001134,0.000996,0.000993,0.002122,0.001369,0.000651,0.000165,0.000166
290900,0.000611,0.000995,0.003081,0.006765,0.001119,inf,0.000995,0.002111,0.001206,0.000688,0.000184,0.000162
291000,0.000585,0.000978,0.003073,0.007102,0.001134,0.000996,0.001000,0.002120,0.001189,0.000712,0.000192,0.000158
291100,0.000587,0.001017,0.003071,0.006941,0.001130,0.000994,0.000998,inf,0.001233,0.000603,0.000161,0.000163
291200,0.000601,0.001040,0.003072,0.007060,0.001142,0.000994,0.000993,0.002122,0.001032,0.000733,0.000177,0.000179
291300,0.000579,0.000960,0.003080,0.006565,0.001137,0.000997,0.001005,0.002117,0.001240,0.000643,0.000150,0.000170
291400,0.000579,0.000983,0.003077,0.006354,0.001139,0.000996,0.000998,0.002142,0.001172,0.000595,0.000155,0.000174
291500,0.000583,0.000935,0.003078,0.006991,0.001135,0.000993,0.000992,0.002141,0.001853,0.000704,0.000143,0.000167
291600,0.000594,0.000928,0.003075,0.007124,0.001135,0.000995,0.000996,0.002106,0.001381,0.000619,0.000165,0.000187
291700,0.000588,0.001042,0.003073,0.006643,0.001132,0.000998,0.000996,0.002162,0.001435,0.000670,0.000166,0.000179
291800,0.000626,0.000908,0.003076,0.006952,0.001141,0.000995,0.000994,0.002112,0.001096,0.000682,0.000159,0.000156
291900,0.000578,0.000969,0.003073,0.007320,0.001139,0.000995,0.000995,0.002126,0.001356,0.000626,0.000158,0.000163
292000,0.000573,0.000977,0.003078,0.006263,0.001128,0.000999,0.000997,0.002148,0.001252,0.000562,0.000162,0.000157
292100,0.000671,0.000938,0.003082,0.006604,0.001132,0.000999,0.000998,0.002130,0.001084,0.000621,0.000180,0.000165
292200,0.000628,0.000953,0.003075,0.006032,0.001132,0.000995,0.000995,0.002080,0.001244,0.000765,0.000180,0.000164
292300,0.000588,0.001116,0.003075,0.007066,0.001137,0.001003,0.001000,0.002148,0.001346,0.000696,0.000157,0.000166
292400,0.000576,0.001005,0.003074,0.006945,0.001139,0.000997,0.000997,0.002114,0.001576,0.000638,0.000162,0.000174
292500,0.000605,0.000981,0.003075,0.006285,0.001144,0.000994,0.000995,0.002154,0.001352,0.000660,0.000152,0.000165
292600,0.000626,0.000939,0.003071,0.006905,0.001139,0.000993,0.000994,0.002117,0.001150,0.000626,0.000166,0.000167
292700,0.000613,0.000899,0.003075,0.007442,0.001149,0.000996,0.000994,0.002106,0.001178,0.000639,0.000164,0.000175
292800,0.000629,0.000931,0.003072,0.006754,0.001131,0.000996,0.000994,0.002131,0.001163,0.000674,0.000155,0.000165
292900,0.000622,0.000961,0.003084,0.005381,0.001120,0.000995,0.000998,0.002140,0.001084,0.000612,0.000160,0.000155
293000,0.000607,0.001015,0.003082,0.007028,0.001128,0.001000,0.000996,0.002152,0.001145,0.000514,0.000161,0.000169
293100,0.000623,0.000965,0.003075,0.007696,0.001130,0.000995,0.000996,0.002115,0.001302,0.000660,0.000197,0.000169
293200,0.000590,0.000997,0.003077,0.007349,0.001149,0.000995,0.000995,0.002151,0.001191,0.000659,0.000152,0.000170
293300,0.000556,0.000901,0.003073,0.007162,0.001135,0.000993,0.000997,0.002143,0.001452,0.000730,0.000151,0.000158
293400,0.000602,0.000888,0.003070,0.006461,0.001130,0.000992,0.000994,0.002097,0.001519,0.000657,0.000173,0.000160
293500,0.000617,0.000909,0.003074,0.006772,0.001134,0.000994,0.000997,0.002098,0.001082,0.000662,0.000166,0.000161
293600,0.000631,0.001036,0.003072,0.007122,0.001135,0.000999,0.000996,0.002109,0.001202,0.000630,0.000142,0.000159
293700,0.000561,0.001015,0.003077,0.006437,0.001135,0.000996,0.000995,0.002114,0.001088,0.000671,0.000150,0.000151
293800,0.000537,0.000928,0.003075,0.006759,0.001134,0.000992,0.000993,0.002131,0.001240,0.000667,0.000171,0.000178
293900,0.000607,0.001007,0.003075,0.007537,0.001139,0.000996,0.000998,0.002146,0.001707,0.000694,0.000191,0.000160
294000,0.000592,0.001018,0.003075,0.006757,0.001136,0.000996,0.000994,0.002126,0.001392,0.000569,0.000166,0.000184
294100,0.000556,0.000943,0.003084,0.006616,0.001139,0.000997,0.000997,0.002135,0.001189,0.000675,0.000161,0.000157
294200,0.000560,0.000939,0.003072,0.008175,0.001128,0.000996,0.000996,0.002137,0.001139,0.000742,0.000160,0.000154
294300,0.000587,0.000927,0.003074,0.007581,0.001131,0.000998,0.000999,0.002109,0.001226,0.000620,0.000158,0.000158
294400,0.000587,0.000929,0.003074,0.005762,0.001129,0.000995,0.000997,0.002089,0.001433,0.000688,0.000159,0.000164
294500,0.000605,0.000959,0.003077,0.006384,0.001133,0.000996,0.000999,0.002112,0.001398,0.000642,0.000165,0.000160
294600,0.000608,0.001005,0.003087,0.007652,0.001138,0.000998,0.000996,0.002122,0.001349,0.000580,0.000153,0.000149
294700,0.000608,0.000948,0.003074,0.006959,0.001134,0.000995,0.000997,0.002147,0.001228,0.000648,0.000153,0.000158
294800,0.000605,0.000948,0.003078,0.007064,0.001136,0.000995,0.000996,0.002121,0.001234,0.000654,0.000152,0.000155
294900,0.000589,0.001054,0.003077,0.006583,0.001129,0.000997,0.000998,0.002077,0.001154,0.000637,0.000143,0.000159
295000,0.000567,0.000930,0.003069,0.006166,0.001140,0.000998,0.000997,0.002106,0.001163,0.000687,0.000186,0.000155
295100,0.000577,0.000999,0.003073,0.007018,0.001118,0.000991,0.000993,0.002112,0.001435,0.000616,0.000149,0.000173
295200,0.000588,0.000932,0.003075,0.006615,0.001134,0.000997,0.000995,0.002128,0.001480,0.000626,0.000152,0.000170
295300,0.000581,0.000938,0.003070,0.006766,0.001137,0.000987,0.000996,0.002116,0.001136,0.000534,0.000157,0.000169
295400,0.000584,0.000935,0.003071,0.006535,0.001131,0.000996,0.000995,0.002122,0.001172,0.000671,0.000154,0.000172
295500,0.000659,0.000979,0.003077,0.007170,0.001132,0.000996,0.000996,0.002172,0.001289,0.000612,0.000152,0.000165
295600,0.000610,0.000980,0.003074,0.007415,0.001142,0.000998,0.000998,0.002147,0.001677,0.000637,0.000168,0.000166
295700,0.000555,0.001031,0.003081,0.006295,0.001128,0.000995,0.000996,0.002107,0.001283,0.000656,0.000148,0.000169
295800,0.000592,0.000948,0.003073,0.006951,0.001111,0.000994,0.000994,0.002101,0.001291,0.000691,0.000162,0.000162
295900,0.000566,0.000897,0.003071,0.006319,0.001138,0.000997,0.000997,0.002155,0.001207,0.000625,0.000159,0.000179
296000,0.000586,0.000987,0.003076,0.006793,0.001144,0.000996,0.000998,0.002121,0.001177,0.000665,0.000155,0.000155
296100,0.000598,0.000973,0.003078,0.006541,0.001132,0.000996,0.000996,0.002160,0.001351,0.000608,0.000152,0.000166
296200,0.000604,0.000936,0.003079,0.006774,0.001139,0.000999,0.000996,0.002140,0.001418,0.000723,0.000154,0.000168
296300,0.000568,0.000999,0.003075,0.006771,0.001150,0.000995,0.000995,0.002136,0.001167,0.000687,0.000162,0.000171
296400,0.000570,0.000966,0.003077,0.006634,0.001125,0.000995,0.000996,0.002128,0.001709,0.000672,0.000148,0.000170
296500,0.000618,0.000979,0.003075,0.006495,0.001130,0.000995,0.000997,0.002131,0.001096,0.000695,0.000163,0.000168
296600,0.000577,0.001022,0.003078,0.006959,0.001130,0.000999,0.000997,0.002119,0.001092,0.000681,0.000159,0.000166
296700,0.000595,0.001018,0.003072,0.006570,0.001131,0.000991,0.000996,0.002101,0.001103,0.000665,0.000152,0.000166
296800,0.000614,0.000969,0.003076,0.006192,0.001133,0.000995,0.000998,0.002152,0.001307,0.000673,0.000148,0.000165
296900,0.000594,0.000966,0.003074,0.006566,0.001131,0.001000,0.000996,0.002133,0.001111,0.000683,0.000151,0.000168
297000,0.000582,0.000964,0.003081,0.007408,0.001134,0.000996,0.000997,0.002128,0.001119,0.000765,0.000166,0.000159
297100,0.000568,0.000996,0.003073,0.006582,0.001135,0.000995,0.000995,0.002102,0.001261,0.000670,0.000157,0.000177
297200,0.000576,0.000940,0.003076,0.007403,0.001136,inf,0.000993,0.002117,0.001286,0.000567,0.000147,0.000157
297300,0.000619,0.000940,0.003077,0.006603,0.001131,0.000994,0.000995,0.002139,0.001293,0.000661,0.000152,0.000159
297400,0.000604,0.000940,0.003071,0.007443,0.001139,0.000995,0.000994,0.002095,0.001694,0.000720,0.000172,0.000182
297500,0.000626,0.001015,0.003077,0.006397,0.001143,0.001000,0.000997,0.002114,0.001477,0.000593,0.000178,0.000160
297600,0.000586,0.000957,0.003068,0.006373,0.001141,0.000997,0.000996,0.002115,0.001226,0.000548,0.000171,0.000162
297700,0.000599,0.000973,0.003074,0.005926,0.001131,0.000995,0.000995,0.002137,0.001235,0.000534,0.000169,0.000159
297800,0.000631,0.000963,0.003079,0.006756,0.001138,0.000997,0.000994,0.002146,0.001337,0.000688,0.000157,0.000172
297900,0.000579,0.000920,0.003078,0.006277,0.001141,0.000995,0.000999,0.002119,0.001451,0.000880,0.000157,0.000162
298000,0.000612,0.000980,0.003075,0.006945,0.001136,0.000997,0.001009,0.002145,0.001448,0.000681,0.000150,0.000158
298100,0.000619,0.000891,0.003077,0.006981,0.001128,0.000994,0.000993,0.002109,0.001266,0.000618,0.000161,0.000157
298200,0.000573,0.000921,0.003075,0.005983,0.001133,0.001000,0.000996,0.002090,0.001309,0.000651,0.000156,0.000169
298300,0.000583,0.000952,0.003073,0.007026,0.001146,0.000995,0.000995,0.002118,0.001143,0.000625,0.000177,0.000184
298400,0.000564,0.000978,0.003075,0.007915,0.001133,0.000996,0.000995,0.002122,0.001150,0.000602,0.000156,0.000159
298500,0.000615,0.000959,0.003072,0.007527,0.001133,0.000997,0.000996,0.002134,0.001413,0.000671,0.000160,0.000153
298600,0.000591,0.000971,0.003078,0.006207,0.001110,0.000996,0.000996,0.002146,0.001240,0.000611,0.000156,0.000161
298700,0.000606,0.000935,0.003074,0.005903,0.001141,0.000994,0.000994,0.002124,0.001355,0.000578,0.000158,0.000166
298800,0.000614,0.000987,0.003075,0.006930,0.001137,0.000996,0.000998,0.002150,0.001284,0.000711,0.000165,0.000172
298900,0.000592,0.000985,0.003073,0.006792,0.001149,0.000997,0.000994,0.002147,0.001264,0.000626,0.000161,0.000161
299000,0.000606,0.000984,0.003078,0.006114,inf,0.000995,0.000995,0.002174,0.001299,0.000672,0.000156,0.000160
299100,0.000588,0.000949,0.003080,0.006807,0.001133,0.000996,0.000994,0.002111,0.001174,0.000660,0.000159,0.000169
299200,0.000658,0.000987,0.003078,0.006136,0.001124,0.000993,0.000994,0.002138,0.001216,0.000689,0.000146,0.000160
299300,0.000573,0.001013,0.003073,0.007237,0.001138,0.000996,0.000992,0.002115,0.001150,0.000554,0.000145,0.000161
299400,0.000607,0.000992,0.003073,0.006083,0.001126,0.000995,0.000997,0.002095,0.001356,0.000693,0.000167,0.000165
299500,0.000593,0.000996,0.003079,0.007357,0.001128,0.000999,0.000998,0.002126,0.001147,0.000634,0.000146,0.000163
299600,0.000583,0.001005,0.003077,0.005528,0.001141,0.000997,0.000998,0.002147,0.001154,0.000635,0.000156,0.000151
299700,0.000591,0.000949,0.003075,0.007048,0.001131,0.000994,0.000994,0.002127,0.001338,0.000694,0.000160,0.000155
299800,0.000621,0.000937,0.003077,0.006185,0.001133,0.000994,0.000996,0.002117,0.001212,0.000690,0.000141,0.000171
299900,0.000621,0.000958,0.003072,0.007678,0.001151,0.001000,0.000997,0.002106,0.001323,0.000641,0.000167,0.000165
300000,0.000598,0.000871,0.003074,0.006777,0.001122,0.000995,0.000996,0.002128,0.001395,0.000730,0.000150,0.000168
300100,0.000592,0.000971,0.003076,0.006269,0.001140,0.000996,0.000995,0.002105,0.001156,0.000673,0.000145,0.000155
300200,0.000572,0.000958,0.003076,0.007521,0.001133,0.000996,0.000997,0.002081,0.001146,0.000642,0.000175,0.000176
300300,0.000582,0.000968,0.003061,0.007371,0.001128,0.000992,0.000994,0.002146,0.001309,0.000668,0.000160,0.000168
300400,0.000549,0.000996,0.003080,0.005324,0.001121,0.000995,0.000993,0.002151,0.001331,0.000655,0.000162,0.000178
300500,0.000558,0.001011,0.003073,0.006560,0.001144,0.000997,0.000997,0.002124,0.001230,0.000707,0.000187,0.000165
300600,0.000592,0.000931,0.003087,0.006558,0.001131,0.000993,0.000993,0.002126,0.001618,0.000653,0.000159,0.000179
300700,0.000578,0.000898,0.003077,0.006948,0.001131,0.000994,0.000994,0.002128,0.001419,0.000663,0.000172,0.000171
300800,0.000596,0.000948,0.003074,0.007108,0.001134,0.000999,0.000997,0.002134,0.001301,0.000628,0.000170,0.000161
300900,0.000594,0.000968,0.003075,0.006613,0.001140,0.000995,0.000994,0.002114,0.001270,0.000651,0.000181,0.000151
301000,0.000594,0.000993,0.003073,0.007031,0.001122,0.000988,0.000995,0.002145,0.001389,0.000611,0.000149,0.000156
301100,0.000572,0.001009,0.003083,0.006585,0.001126,0.000995,0.000993,0.002123,0.001222,0.000674,0.000183,0.000163
301200,0.000590,0.001015,0.003075,0.006578,0.001143,0.000998,0.000997,0.002134,0.001530,0.000549,0.000154,0.000165
301300,0.000603,0.000939,0.003076,0.006430,0.001132,0.000992,0.000993,0.002137,0.001306,0.000532,0.000160,0.000167
301400,0.000620,0.000992,0.003077,0.006556,0.001141,0.000998,0.000996,0.002127,0.001452,0.000653,0.000158,0.000162
301500,0.000566,0.000990,0.003071,0.006436,0.001138,0.000996,0.000997,0.002166,0.001425,0.000689,0.000156,0.000157
301600,0.000597,0.000967,0.003075,0.007615,0.001135,0.000995,0.000992,0.002133,0.001321,0.000607,0.000154,0.000158
301700,0.000626,0.000944,0.003073,0.007369,0.001129,0.000994,0.000995,0.002160,0.001290,0.000635,0.000151,0.000155
301800,0.000635,0.000965,0.003075,0.007237,0.001127,0.000995,0.000996,0.002111,0.001174,0.000692,0.000167,0.000166
301900,0.000582,0.000944,0.003072,0.007024,0.001129,0.001009,0.000999,0.002158,0.001364,0.000680,0.000159,0.000170
302000,0.000620,0.000988,0.003079,0.005514,0.001140,0.000994,0.000992,0.002100,0.001149,0.000576,0.000155,0.000174
302100,0.000595,0.001071,0.003076,0.006520,0.001129,0.001000,0.000998,0.002144,0.001062,0.000648,0.000155,0.000154
302200,0.000576,0.000957,0.003076,0.005135,0.001131,0.000998,0.000995,0.002124,0.001264,0.000716,0.000179,0.000165
302300,0.000590,0.000901,0.003074,0.007443,0.001140,0.000993,0.000994,0.002120,0.001184,0.000592,0.000154,0.000161
302400,0.000624,0.000960,0.003073,0.006287,0.001122,0.000996,0.000999,0.002112,0.001331,0.000694,0.000159,0.000173
302500,0.000614,0.000950,0.003074,0.006933,0.001138,0.000997,0.000996,0.002125,0.001286,0.000743,0.000172,0.000164
302600,0.000573,0.000935,0.003076,0.006446,0.001140,0.000994,0.000995,0.002116,0.001134,0.000644,0.000146,0.000162
302700,0.000600,0.000963,0.003073,0.006491,0.001121,0.000996,0.000995,0.002116,0.001867,0.000579,0.000161,0.000175
302800,0.000554,0.001017,0.003080,0.006924,0.001134,0.000997,0.000998,0.002141,0.001284,0.000611,0.000165,0.000181
302900,0.000611,0.000941,0.003075,0.006522,0.001138,0.000995,0.000997,0.002110,0.001309,0.000597,0.000180,0.000166
303000,0.000590,0.001014,0.003078,0.007192,0.001124,0.000997,0.000996,0.002096,0.001093,0.000802,0.000148,0.000159
303100,0.000622,0.000976,0.003074,0.006604,0.001148,0.000993,0.000994,0.002087,0.001113,0.000693,0.000163,0.000175
303200,0.000584,0.000964,0.003071,0.006961,0.001145,0.000995,0.000995,0.002124,0.001225,0.000681,0.000154,0.000162
303300,0.000589,0.000945,0.003073,0.005361,0.001126,0.000995,0.000995,0.002111,0.001464,0.000655,0.000158,0.000165
303400,0.000616,0.000974,0.003074,0.006587,0.001144,0.000999,0.000998,0.002144,0.001106,0.000639,0.000157,0.000175
303500,0.000617,0.001005,0.003072,0.006561,0.001128,0.000995,0.000996,0.002086,0.001277,0.000597,0.000152,0.000156
303600,0.000582,0.000934,0.003084,0.006565,0.001124,0.000995,0.000994,0.002117,0.001256,0.000624,0.000162,0.000177
303700,0.000565,0.000972,0.003078,0.006345,0.001134,0.000995,0.000993,0.002175,0.001311,0.000674,0.000147,0.000156
303800,0.000623,0.001000,0.003071,0.006343,0.001126,0.000992,0.000997,0.002134,0.001224,0.000652,0.000157,0.000157
303900,0.000597,0.000963,0.003078,0.006934,0.001131,0.000997,0.000998,0.002132,0.001437,0.000600,0.000175,0.000175
304000,0.000580,0.000936,0.003075,0.006579,0.001132,0.000993,0.000995,0.002157,0.001263,0.000671,0.000165,0.000173
304100,0.000565,0.000910,0.003073,0.006074,0.001142,0.000999,0.000999,0.002133,0.001227,0.000642,0.000148,0.000161
304200,0.000603,0.000920,0.003075,0.006764,0.001138,0.000995,0.000994,0.002084,0.001142,0.000660,0.000148,0.000159
304300,0.000586,0.000933,0.003074,0.007236,0.001152,0.000994,0.000996,0.002127,0.001059,0.000628,0.000148,0.000161
304400,0.000601,0.000985,0.003085,0.006996,0.001130,0.000998,0.000995,0.002142,0.001090,0.000688,0.000166,0.000149
304500,0.000622,0.000943,0.003075,0.006290,0.001124,0.000994,0.000994,0.002081,0.001140,0.000597,0.000160,0.000163
304600,0.000594,0.000949,0.003078,0.006373,0.001125,0.000993,0.000994,0.002102,0.001507,0.000639,0.000164,0.000182
304700,0.000610,0.000985,0.003077,0.006786,0.001136,0.000996,0.000998,0.002115,0.001404,0.000580,0.000166,0.000160
304800,0.000561,0.000972,0.003073,0.007833,0.001123,0.000997,0.000998,0.002136,0.001216,0.000673,0.000153,0.000154
304900,0.000600,0.000940,0.003074,0.007075,0.001133,0.000992,0.000995,0.002135,0.001141,0.000663,0.000169,0.000165
305000,0.000603,0.000977,0.003076,0.007102,0.001135,0.000995,0.000996,0.002138,0.001722,0.000559,0.000157,0.000170
305100,0.000587,0.000990,0.003075,0.006963,0.001126,0.001001,0.000995,0.002167,0.001128,0.000684,0.000147,0.000160
305200,0.000557,0.000875,0.003071,0.006807,0.001128,0.000994,0.000996,0.002091,0.001203,0.000646,0.000149,0.000160
305300,0.000565,0.000928,0.003079,0.006441,0.001132,0.000995,0.000999,0.002143,0.001531,0.000694,0.000151,0.000158
305400,0.000597,0.001037,0.003075,0.006769,0.001149,0.000996,0.000996,0.002178,0.001290,0.000665,0.000140,0.000163
305500,0.000590,inf,0.003078,0.006542,0.001136,0.000996,0.000997,0.002113,0.001373,0.000649,0.000151,0.000166
305600,0.000600,0.000944,0.003061,0.006732,0.001142,0.000995,0.000993,0.002093,0.001165,0.000681,0.000142,0.000151
305700,0.000621,0.001007,0.003072,0.006318,0.001133,0.000997,0.000996,0.002161,0.001112,0.000635,0.000148,0.000181
305800,0.000630,0.000980,0.003073,0.006920,0.001132,0.000997,0.000997,0.002132,0.001212,0.000662,0.000151,0.000166
305900,0.000600,0.000931,0.003077,0.006599,0.001133,0.000996,0.000995,0.002107,0.001379,0.000747,0.000157,0.000152
306000,0.000615,0.001023,0.003080,0.007123,0.001132,0.001000,0.000998,0.002141,0.001297,0.000717,0.000156,0.000194
306100,0.000591,0.000913,0.003074,0.006770,0.001134,0.000995,0.000994,0.002111,0.001145,0.000674,0.000171,0.000165
306200,0.000590,0.000937,0.003075,0.007546,0.001129,0.000995,0.000994,0.002123,0.001193,0.000523,0.000157,0.000163
306300,0.000621,0.000895,0.003078,0.006268,0.001145,0.000999,0.000994,0.002160,0.001257,0.000602,0.000163,0.000167
306400,0.000564,0.000929,0.003076,0.006461,0.001141,0.000997,0.000997,0.002125,0.001171,0.000674,0.000167,0.000164
306500,0.000646,0.001047,0.003071,0.006772,0.001129,0.000996,0.000994,0.002122,0.001491,0.000667,0.000166,0.000160
306600,0.000608,0.000950,0.003076,0.006758,0.001127,0.000998,0.000993,0.002116,0.001422,0.000624,0.000150,0.000167
306700,0.000635,0.000955,0.003068,0.006752,0.001129,0.000997,0.001001,0.002113,0.001175,0.000683,0.000161,0.000172
306800,0.000610,0.000962,0.003074,0.006387,0.001132,0.000996,0.000994,0.002113,0.001227,0.000671,0.000161,0.000180
306900,0.000555,0.000919,0.003081,0.007076,0.001146,0.000994,0.000994,0.002129,0.001499,0.000615,0.000147,0.000167
307000,0.000602,0.000947,0.003078,0.006761,0.001129,0.000988,0.000995,0.002119,0.001242,0.000656,0.000151,0.000178
307100,0.000594,0.001020,0.003074,0.007287,0.001117,0.000997,0.000995,0.002145,0.001384,0.000603,0.000165,0.000162
307200,0.000592,0.000918,0.003074,0.006333,0.001106,0.000994,0.000995,0.002115,0.001094,0.000597,0.000146,0.000165
307300,0.000605,0.000942,0.003070,0.006394,0.001133,0.001001,0.000997,0.002143,0.001193,0.000676,0.000145,0.000158
307400,0.000663,0.001040,0.003076,0.007015,0.001131,0.000996,0.000997,0.002163,0.001098,0.000649,0.000142,0.000157
307500,0.000621,0.000975,0.003073,0.006603,0.001125,0.000996,0.000995,0.002157,0.001362,0.000606,0.000152,0.000167
307600,0.000600,0.000988,0.003081,0.006550,0.001131,0.000995,0.000996,0.002117,0.001208,0.000579,0.000154,0.000172
307700,0.000602,0.000895,0.003081,0.007014,0.001125,0.000997,0.000998,0.002119,0.001279,0.000641,0.000156,0.000168
307800,0.000596,0.001044,0.003072,0.007227,0.001135,0.000998,0.000994,0.002129,0.001393,0.000638,0.000158,0.000159
307900,0.000592,0.000958,0.003078,0.005729,0.001125,0.000993,0.000997,0.002131,0.001451,0.000650,0.000152,0.000164
308000,0.000583,0.000899,0.003074,0.007500,0.001132,0.000996,0.000996,0.002108,0.001259,0.000619,0.000165,0.000165
308100,0.000565,0.000960,0.003073,0.006192,0.001129,0.000996,0.000996,0.002145,0.001280,0.000658,0.000157,0.000166
308200,0.000589,0.000930,0.003081,0.006609,0.001130,0.000996,0.000994,0.002124,0.001202,0.000672,0.000152,0.000186
308300,0.000585,0.000990,0.003072,0.005958,0.001139,0.000995,0.000996,0.002134,0.001143,0.000720,0.000147,0.000182
308400,0.000599,0.001050,0.003073,0.006568,0.001141,0.000996,0.000996,0.002121,0.001228,0.000702,0.000157,0.000164
308500,0.000611,0.000964,0.003079,0.006504,0.001133,0.000994,0.000992,0.002085,0.001206,0.000647,0.000162,0.000164
308600,0.000590,0.000970,0.003073,0.006533,0.001137,0.000997,0.000996,0.002140,0.001119,0.000673,0.000162,0.000160
308700,0.000589,0.000958,0.003076,0.006228,0.001131,0.000996,0.000998,0.002155,0.001203,0.000570,0.000143,0.000168
308800,0.000587,0.001007,0.003092,0.006411,0.001131,0.000994,0.000996,0.002134,0.001257,0.000657,0.000161,0.000173
308900,0.000591,0.001025,0.003073,0.007703,0.001139,0.000996,0.000994,0.002131,0.001200,0.000590,0.000173,0.000157
309000,0.000574,0.000964,0.003072,0.006225,0.001136,0.000996,0.000996,0.002121,0.001277,0.000579,0.000178,0.000156
309100,0.000609,0.001016,0.003076,0.007519,0.001146,0.000994,0.000993,0.002130,0.001192,0.000635,0.000152,0.000159
309200,0.000598,0.000982,0.003071,0.006998,0.001139,0.000994,0.000994,0.002139,0.001286,0.000670,0.000155,0.000176
309300,0.000585,0.001033,0.003080,0.006783,0.001120,0.000999,0.000999,0.002125,0.001229,0.000678,0.000146,0.000168
309400,0.000609,0.000899,0.003074,0.006611,0.001135,0.000996,0.000997,0.002190,0.001229,0.000688,0.000161,0.000163
309500,0.000550,0.000989,0.003076,0.007492,0.001127,0.000994,0.000996,0.002130,0.001295,0.000625,0.000167,0.000157
309600,0.000583,0.001006,0.003076,0.007228,0.001129,0.000997,0.000993,0.002127,0.001242,0.000697,0.000155,0.000173
309700,0.000580,0.000984,0.003073,0.008020,0.001142,0.000999,0.000998,0.002163,0.001197,0.000674,0.000172,0.000163
309800,0.000584,0.000959,0.003075,0.006992,0.001127,0.000995,0.000996,0.002135,0.001183,0.000637,0.000163,0.000153
309900,0.000612,0.000981,0.003072,0.006972,0.001126,0.000998,0.000995,0.002144,0.001275,0.000638,0.000154,0.000174
310000,0.000600,0.000918,0.003077,0.006946,0.001139,0.000995,0.000995,0.002127,0.001035,0.000655,0.000169,0.000168
310100,inf,0.000991,0.003072,0.005874,0.001115,0.000995,0.000994,0.002104,0.001265,0.000624,0.000167,0.000165
310200,0.000573,0.000984,0.003078,0.007409,0.001132,0.000993,0.000994,0.002182,0.001455,0.000701,0.000154,0.000155
310300,0.000608,0.000982,0.003075,0.007288,0.001139,0.000995,0.000997,0.002163,0.001257,0.000719,0.000184,0.000157
310400,0.000586,0.001013,0.003078,0.008760,0.001123,0.000996,0.000996,0.002084,0.001258,0.000634,0.000149,0.000165
310500,0.000590,0.000999,0.003071,0.006616,0.001123,0.000994,0.000994,0.002141,0.001537,0.000647,0.000164,0.000161
310600,0.000604,0.001002,0.003075,0.006131,0.001141,0.000998,0.001006,0.002160,0.001083,0.000728,0.000160,0.000160
310700,0.000609,0.000899,0.003070,0.007150,0.001149,0.000997,0.000996,0.002119,0.001383,0.000690,0.000166,0.000160
310800,0.000575,0.000987,0.003077,0.006515,0.001125,0.000993,0.000994,0.002147,0.001055,0.000670,0.000161,0.000172
310900,0.000620,0.000952,0.003080,0.006780,0.001143,0.000992,0.000996,0.002097,0.001084,0.000698,0.000155,0.000171
311000,0.000572,0.001097,0.003079,0.007680,0.001133,0.000997,0.000994,0.002136,0.001374,0.000609,0.000163,0.000171
311100,0.000623,0.000928,0.003075,0.007025,0.001138,0.000993,0.000992,0.002094,0.001090,0.000690,0.000203,0.000178
311200,0.000595,0.000965,0.003077,0.007179,0.001143,0.000994,0.000999,0.002116,0.001387,0.000580,0.000163,0.000154
311300,0.000599,0.000896,0.003071,0.006048,0.001127,0.000997,0.000996,0.002128,0.001242,0.000656,0.000175,0.000165
311400,0.000626,0.001003,0.003076,0.006942,0.001130,0.000995,0.000993,0.002049,0.001271,0.000623,0.000151,0.000170
311500,0.000590,0.000989,0.003073,0.006813,0.001130,0.000995,0.000997,0.002120,0.001168,0.000700,0.000159,0.000157
311600,0.000620,0.000992,0.003072,0.006970,0.001127,0.000996,0.000997,0.002100,0.001200,0.000650,0.000162,0.000152
311700,0.000638,0.000992,0.003080,0.006906,inf,0.000996,0.001002,0.002134,0.001368,0.000677,0.000148,0.000169
311800,0.000612,0.000973,0.003073,0.007291,0.001131,0.000996,0.000993,0.002120,0.001129,0.000635,0.000162,0.000158
311900,0.000602,0.000942,0.003077,0.007114,0.001142,0.001002,0.000997,0.002119,0.001112,0.000609,0.000152,0.000165
312000,0.000578,0.000949,0.003074,0.007296,0.001125,0.000994,0.000996,0.002127,0.001092,0.000596,0.000158,0.000179
312100,0.000593,0.000938,0.003077,0.007154,0.001140,0.000995,0.000996,0.002151,0.001200,0.000613,0.000178,0.000151
312200,0.000595,0.001024,0.003074,0.006968,0.001147,0.000994,0.000995,0.002166,0.001355,0.000659,0.000155,0.000164
312300,0.000617,0.000943,0.003071,0.006221,0.001126,0.001000,0.000995,0.002114,0.001188,0.000671,0.000153,0.000146
312400,0.000607,0.000998,0.003075,0.005524,0.001135,0.000993,0.000994,0.002152,0.001204,0.000763,0.000166,0.000166
312500,0.000613,0.000936,0.003077,0.007465,0.001124,0.000992,0.000995,0.002125,0.001117,0.000669,0.000157,0.000151
312600,0.000556,0.001037,0.003078,0.007530,0.001135,0.000997,0.001000,0.002172,0.001159,0.000652,0.000153,0.000164
312700,0.000635,0.000950,0.003074,0.006945,0.001132,0.000999,0.000996,0.002130,0.001221,0.000625,0.000156,0.000159
312800,0.000591,0.000918,0.003077,0.008186,0.001127,0.000995,0.000994,0.002164,0.001307,0.000685,0.000166,0.000171
312900,0.000568,0.000990,0.003076,0.006925,0.001137,0.000993,0.000996,0.002104,0.001210,0.000641,0.000137,0.000170
313000,0.000609,0.000897,0.003074,0.006787,0.001129,0.000995,0.000997,0.002079,0.001124,0.000634,0.000170,0.000161
313100,0.000599,0.001090,0.003077,0.005890,0.001134,0.000994,0.000995,0.002142,0.001248,0.000624,0.000148,0.000160
313200,0.000572,0.000992,0.003073,0.007286,0.001136,0.001000,0.000997,0.002169,0.001158,0.000655,0.000165,0.000195
313300,0.000561,0.001020,0.003073,0.007710,0.001135,0.000995,0.000993,0.002184,0.001080,0.000642,0.000145,0.000165
313400,0.000600,0.000953,0.003084,0.005652,0.001131,0.000994,0.000991,0.002097,0.001137,0.000654,0.000153,0.000173
313500,0.000587,0.000963,0.003074,0.008025,0.001128,0.000995,0.000994,0.002127,0.001214,0.000720,0.000155,0.000172
313600,0.000599,0.000962,0.003072,0.006767,0.001137,0.000995,0.000994,0.002132,0.001110,0.000649,0.000159,0.000174
313700,0.000610,0.000923,0.003090,0.005439,0.001136,0.000997,0.000998,0.002135,0.001139,0.000675,0.000144,0.000164
313800,0.000567,0.001001,0.003075,0.007332,0.001145,0.000994,0.000998,0.002138,0.001154,0.000609,0.000153,0.000170
313900,0.000599,0.000936,0.003071,0.007624,0.001144,0.000997,0.000999,0.002182,0.001261,0.000674,0.000165,0.000170
314000,0.000557,0.001009,0.003077,0.006747,0.001134,0.000995,0.000996,0.002109,0.001136,0.000743,0.000154,0.000163
314100,0.000617,0.000915,0.003073,0.007177,0.001137,0.000999,0.000995,0.002126,0.001046,0.000636,0.000151,0.000165
314200,0.000610,0.001062,0.003082,0.005529,0.001133,0.000996,0.000998,0.002130,0.001126,0.000674,0.000158,0.000163
314300,0.000584,0.000979,0.003076,0.006601,0.001142,0.000996,0.000994,inf,0.001252,0.000636,0.000146,0.000165
314400,0.000630,0.000936,0.003078,0.006559,0.001134,0.000994,0.000994,0.002149,0.001331,0.000716,0.000158,0.000164
314500,0.000594,0.000983,0.003074,0.005302,0.001140,0.000996,0.000995,0.002112,0.001225,0.000646,0.000158,0.000165
314600,0.000596,0.000973,0.003073,0.006126,0.001138,0.000994,0.000995,0.002132,0.001394,0.000624,0.000182,0.000167
314700,0.000621,0.000974,0.003074,0.007564,0.001135,0.000994,0.000995,0.002151,0.001199,0.000698,0.000160,0.000160
314800,0.000586,0.000984,0.003073,0.006944,0.001131,0.000996,0.000994,0.002123,0.001399,0.000653,0.000149,0.000168
314900,0.000651,0.000936,0.003078,0.006587,0.001123,0.000997,0.000997,0.002126,0.001109,0.000630,0.000166,0.000159
315000,0.000587,0.001015,0.003073,0.006544,0.001132,0.000993,0.000994,0.002104,0.001007,0.000661,0.000150,0.000157
315100,0.000586,0.000948,0.003077,0.007474,0.001130,0.000992,0.000998,0.002131,0.001095,0.000635,0.000152,0.000159
315200,0.000581,0.000965,0.003071,0.006722,0.001142,0.000998,0.000998,0.002153,0.001195,0.000793,0.000153,0.000176
315300,0.000594,0.000962,0.003076,0.007001,0.001133,0.000997,0.000994,0.002110,0.001270,0.000659,0.000143,0.000150
315400,0.000596,0.001042,0.003079,0.006546,0.001137,0.000994,0.000996,0.002186,0.001178,0.000641,0.000169,0.000164
315500,0.000615,0.001011,0.003072,0.006464,0.001134,0.000995,0.000996,0.002117,0.001089,0.000710,0.000146,0.000160
315600,0.000584,0.000952,0.003068,0.006772,0.001136,0.001003,0.000998,0.002119,0.001113,0.000613,0.000153,0.000159
315700,0.000600,0.000973,0.003077,0.006780,0.001131,0.000994,0.000994,0.002128,0.001011,0.000577,0.000177,0.000156
315800,0.000598,0.001015,0.003078,0.007204,0.001142,0.000997,0.000997,0.002160,0.001231,0.000660,0.000141,0.000157
315900,0.000586,0.000948,0.003076,0.005512,0.001137,0.000996,0.000998,0.002124,0.001144,0.000746,0.000154,0.000161
316000,0.000597,0.001013,0.003076,0.006150,0.001129,0.000993,0.000994,0.002125,0.001113,0.000673,0.000161,0.000168
316100,0.000574,0.000917,0.003075,0.006982,0.001120,0.000996,0.000995,0.002118,0.001225,0.000649,0.000179,0.000161
316200,0.000567,0.000931,0.003073,0.007567,0.001133,0.000996,0.001000,0.002145,0.001322,0.000633,0.000147,0.000161
316300,0.000606,0.000977,0.003072,0.006520,0.001124,0.000995,0.000993,0.002096,0.001357,0.000592,0.000158,0.000164
316400,0.000603,0.000966,0.003076,0.006430,0.001123,0.000993,0.000995,0.002151,0.001436,0.000601,0.000159,0.000175
316500,0.000616,0.000984,0.003075,0.006581,0.001169,0.000998,0.001002,0.002138,0.001169,0.000675,0.000154,0.000168
316600,0.000605,0.000917,0.003066,0.007061,0.001133,0.000995,0.000996,0.002131,0.001512,0.000641,0.000168,0.000166
316700,0.000586,0.001004,0.003077,0.006337,0.001150,0.000992,0.000992,0.002122,0.001336,0.000678,0.000167,0.000158
316800,0.000594,0.000974,0.003076,0.006528,0.001147,0.000997,0.000995,inf,0.001136,0.000608,0.000155,0.000165
316900,0.000630,0.001022,0.003074,0.006943,0.001130,0.000994,0.000993,0.002120,0.001361,0.000700,0.000157,0.000165
317000,0.000601,0.000924,0.003075,0.006952,0.001123,0.000995,0.000999,0.002138,0.001194,0.000680,0.000147,0.000165
317100,0.000598,0.001062,0.003073,0.006772,0.001140,0.001000,0.000996,0.002116,0.001288,0.000647,0.000165,0.000160
317200,0.000598,0.000941,0.003073,0.006738,0.001124,inf,0.000998,0.002111,0.001161,0.000618,0.000150,0.000159
317300,0.000600,0.001010,0.003074,0.007070,0.001129,0.000995,0.000995,0.002126,0.001253,0.000655,0.000152,0.000165
317400,0.000588,0.000927,0.003077,0.007632,0.001122,0.000997,0.000995,0.002133,0.001178,0.000743,0.000154,0.000152
317500,0.000597,0.000956,0.003083,0.007600,0.001133,0.000995,0.000997,0.002139,0.001101,0.000653,0.000158,0.000165
317600,0.000628,0.001011,0.003077,0.006346,0.001129,0.000997,0.000997,0.002114,0.001383,0.000630,0.000154,0.000162
317700,0.000609,0.000973,0.003075,0.007275,0.001126,0.000995,0.000995,0.002081,0.001326,0.000708,0.000158,0.000168
317800,0.000583,0.000921,0.003077,0.006602,0.001133,0.000995,0.000998,0.002166,0.001069,0.000613,0.000152,0.000159
317900,0.000580,0.000952,0.003072,0.006439,0.001139,0.000993,0.000994,0.002108,0.001243,0.000690,0.000158,0.000157
318000,0.000599,0.000967,0.003077,0.006521,0.001128,0.000996,0.000994,0.002113,0.001230,0.000589,0.000145,0.000157
318100,0.000586,0.000929,0.003075,0.007256,0.001132,0.000995,0.000996,0.002123,0.001194,0.000751,0.000178,0.000159
318200,0.000624,0.001028,0.003072,0.006486,0.001129,0.000994,0.000996,0.002108,0.001369,0.000607,0.000158,0.000163
318300,0.000634,0.000952,0.003086,0.006897,0.001136,0.000995,0.000993,0.002128,0.001120,0.000702,0.000147,0.000156
318400,0.000578,0.000949,0.003073,0.006965,0.001135,0.000997,0.000996,0.002185,0.001073,0.000693,0.000161,0.000156
318500,0.000624,0.001062,0.003072,0.006571,0.001133,0.000992,0.000997,0.002142,0.001231,0.000618,0.000164,0.000187
318600,0.000592,0.000886,0.003078,0.007489,0.001134,0.000991,0.000996,0.002114,0.001328,0.000648,0.000157,0.000156
318700,0.000563,0.000951,0.003078,0.007362,0.001122,0.000995,0.000995,0.002094,0.001077,0.000625,0.000158,0.000168
318800,0.000602,0.000984,0.003072,0.006773,0.001130,0.000995,0.000996,0.002091,0.001602,0.000654,0.000168,0.000167
318900,0.000609,0.000949,0.003076,0.006583,0.001131,0.000992,0.000994,0.002144,0.001162,0.000577,0.000166,0.000162
319000,0.000630,0.000941,0.003072,0.007519,0.001137,0.000997,0.000995,0.002086,0.001075,0.000641,0.000164,0.000173
319100,0.000578,0.000950,0.003079,0.007076,0.001130,0.000999,0.000999,0.002119,0.001352,0.000671,0.000164,0.000152
319200,0.000626,0.000957,0.003076,0.006170,0.001120,0.000995,0.000994,0.002162,0.001182,0.000656,0.000163,0.000159
319300,0.000576,0.000991,0.003077,0.006750,0.001103,0.000994,0.000994,0.002130,0.001215,0.000649,0.000147,0.000154
319400,0.000589,0.000988,0.003079,0.006545,0.001130,0.000998,0.000997,0.002110,0.001332,0.000709,0.000159,0.000172
319500,0.000545,0.000886,0.003071,0.006775,0.001146,0.000995,0.000999,0.002115,0.001248,0.000583,0.000159,0.000170
319600,0.000550,0.000944,0.003074,0.006755,0.001135,0.000996,0.000995,0.002126,0.001193,0.000684,0.000166,0.000164
319700,0.000597,0.000865,0.003076,0.006773,0.001136,0.000996,0.000993,0.002096,0.001096,0.000625,0.000154,0.000157
319800,0.000587,0.001005,0.003076,0.006018,0.001133,0.000992,0.000998,0.002078,0.001106,0.000619,0.000162,0.000149
319900,0.000616,0.000957,0.003071,0.006773,0.001112,0.000994,0.000996,0.002137,0.001364,0.000718,0.000153,0.000168
320000,0.000610,0.000962,0.003078,0.007425,0.001139,0.000995,0.000993,0.002136,0.001188,0.000606,0.000187,0.000161
320100,0.000575,0.000973,0.003070,0.006223,0.001135,0.000994,0.000994,0.002125,0.001269,0.000673,0.000143,0.000171
320200,0.000615,0.000939,0.003080,0.005680,0.001125,0.000996,0.000994,0.002101,0.001238,0.000613,0.000150,0.000157
320300,0.000596,0.000961,0.003061,0.006203,0.001128,0.000997,0.000993,0.002163,0.001133,0.000600,0.000157,0.000160
320400,0.000591,0.000913,0.003075,0.006892,0.001137,0.000998,0.000995,0.002165,0.001190,0.000659,0.000153,0.000170
320500,0.000624,0.000955,0.003073,0.005911,0.001128,0.000996,0.000995,0.002140,0.001084,0.000643,0.000170,0.000161
320600,0.000615,0.000932,0.003075,0.005519,0.001131,0.000993,0.000995,0.002133,0.001174,0.000731,0.000159,0.000161
320700,0.000595,0.000970,0.003077,0.006943,0.001132,0.001002,0.000993,0.002139,0.001091,0.000736,0.000153,0.000158
320800,0.000568,0.000970,0.003079,0.006533,0.001135,0.000995,0.000994,0.002117,0.001251,0.000675,0.000149,0.000158
320900,0.000587,0.000956,0.003076,0.006755,0.001125,0.000993,0.000995,0.002130,0.001296,0.000621,0.000143,0.000165
321000,0.000581,0.000890,0.003077,0.006758,0.001133,0.000996,0.000998,0.002185,0.001343,0.000501,0.000151,0.000153
321100,0.000584,0.000967,0.003073,0.007284,0.001135,0.000995,0.000996,0.002099,0.001408,0.000614,0.000148,0.000164
321200,0.000621,0.001002,0.003075,0.006185,0.001140,0.000994,0.000994,0.002160,0.001280,0.000588,0.000155,0.000162
321300,0.000571,0.001020,0.003078,0.007353,0.001130,0.000998,0.000994,0.002123,0.001318,0.000702,0.000169,0.000177
321400,0.000589,0.000997,0.003068,0.006134,0.001144,0.000995,0.000995,0.002116,0.001169,0.000718,0.000151,0.000154
321500,0.000622,0.000933,0.003073,0.006767,0.001140,0.000997,0.000996,0.002071,0.001218,0.000631,0.000153,0.000161
321600,0.000636,0.000969,0.003075,0.006976,0.001121,0.000997,0.001000,0.002148,0.001146,0.000566,0.000168,0.000161
321700,0.000635,0.001030,0.003075,0.006627,0.001134,0.001001,0.000998,0.002126,0.001378,0.000655,0.000178,0.000170
321800,0.000580,0.000980,0.003071,0.006765,0.001134,0.000995,0.000996,0.002159,0.001107,0.000685,0.000155,0.000155
321900,0.000628,0.000960,0.003074,0.007035,0.001139,0.000994,0.000991,0.002142,0.001341,0.000604,0.000161,0.000175
322000,0.000570,0.000973,0.003079,0.006355,0.001136,0.000996,0.000994,0.002107,0.001233,0.000730,0.000154,0.000161
322100,0.000581,0.000980,0.003070,0.006344,0.001133,0.001001,0.000994,0.002129,0.001147,0.000739,0.000148,0.000166
322200,0.000575,0.000940,0.003077,0.006557,0.001137,0.000993,0.000995,0.002138,0.001170,0.000645,0.000149,0.000158
322300,0.000573,0.000994,0.003078,0.007405,0.001131,0.000993,0.000993,0.002117,0.001344,0.000579,0.000155,0.000177
322400,0.000653,0.001053,0.003086,0.006780,0.001136,0.000997,0.000997,0.002148,0.001180,0.000665,0.000164,0.000169
322500,0.000620,0.000979,0.003076,0.006750,0.001134,0.000996,0.000997,0.002119,0.001236,0.000601,0.000149,0.000168
322600,0.000590,0.001025,0.003058,0.007379,0.001132,0.000994,0.000993,0.002112,0.001238,0.000589,0.000142,0.000171
322700,0.000572,0.000912,0.003078,0.005530,0.001133,0.001004,0.000994,0.002122,0.001325,0.000612,0.000165,0.000163
322800,0.000579,0.000909,0.003072,0.007149,0.001126,0.000994,0.000995,0.002150,0.001133,0.000645,0.000152,0.000169
322900,0.000612,0.000986,0.003076,0.006778,0.001122,0.000994,0.000994,0.002114,0.001339,0.000717,0.000161,0.000164
323000,0.000606,0.001078,0.003066,0.005671,0.001106,0.001000,0.000998,0.002096,0.001110,0.000632,0.000171,0.000166
323100,0.000594,0.000971,0.003073,0.006754,0.001141,0.000995,0.000994,0.002111,0.001272,0.000686,0.000145,0.000169
323200,0.000606,0.000874,0.003085,0.007290,0.001122,0.000995,0.000993,0.002058,0.001201,0.000597,0.000166,0.000167
323300,0.000551,0.000896,0.003076,0.007874,0.001132,0.000993,0.000997,0.002154,0.000994,0.000577,0.000169,0.000150
323400,0.000578,0.001006,0.003075,0.006552,0.001141,0.000999,0.000997,0.002086,0.001098,0.000634,0.000172,0.000158
323500,0.000630,0.000985,0.003086,0.006332,0.001135,0.000999,0.001000,0.002129,0.001353,0.000639,0.000180,0.000163
323600,0.000610,0.000935,0.003074,0.007407,0.001144,0.000999,0.000998,0.002092,0.001169,0.000686,0.000157,0.000160
323700,0.000597,0.000932,0.003075,0.006919,0.001142,0.000998,0.000999,0.002101,0.001212,0.000655,0.000155,0.000161
323800,0.000573,0.000886,0.003070,0.007209,0.001121,0.000991,0.000997,0.002156,0.001333,0.000648,0.000167,0.000159
323900,0.000614,0.001063,0.003074,0.007397,0.001137,0.000993,0.000995,0.002048,0.001457,0.000542,0.000158,0.000169
324000,0.000596,0.000921,0.003080,0.006204,0.001146,0.000994,0.000996,0.002158,0.001129,0.000569,0.000164,0.000174
324100,0.000588,0.000890,0.003073,0.006256,0.001124,0.000996,0.000992,0.002110,0.001229,0.000606,0.000163,0.000154
324200,0.000620,0.000985,0.003078,0.006775,0.001115,0.000995,0.000994,0.002131,0.001078,0.000590,0.000161,0.000144
324300,0.000587,0.000911,0.003072,0.006774,0.001132,0.001000,0.000993,0.002134,0.001017,0.000581,0.000150,0.000154
324400,0.000583,0.000925,0.003074,0.006410,0.001144,0.000995,0.000996,0.002106,0.001629,0.000562,0.000155,0.000170
324500,0.000603,0.001009,0.003072,0.006783,0.001123,0.000995,0.000993,0.002130,0.001329,0.000691,0.000181,0.000175
324600,0.000596,0.000956,0.003073,0.007013,0.001132,0.000996,0.000995,0.002060,0.001326,0.000615,0.000164,0.000171
324700,0.000581,0.000963,0.003070,0.006984,0.001149,0.000996,0.000992,0.002109,0.001227,0.000649,0.000151,0.000154
324800,0.000585,0.000943,0.003075,0.006979,0.001137,0.000994,0.000993,0.002138,0.001247,0.000644,0.000159,0.000159
324900,0.000590,0.000972,0.003075,0.006531,0.001124,0.000995,0.000997,0.002179,0.001049,0.000672,0.000156,0.000157
325000,0.000569,0.000925,0.003075,0.006917,0.001133,0.000998,0.000998,0.002149,0.001450,0.000619,0.000152,0.000162
325100,0.000597,0.001034,0.003081,0.007494,0.001138,0.000995,0.000993,0.002145,0.001286,0.000609,0.000149,0.000167
325200,0.000582,0.000989,0.003073,0.006373,0.001145,0.000995,0.000995,0.002132,0.001242,0.000686,0.000176,0.000174
325300,0.000597,0.001008,0.003071,0.006299,0.001130,0.000994,0.000999,0.002117,0.001188,0.000801,0.000155,0.000158
325400,0.000606,0.001002,0.003072,0.007038,0.001133,0.000998,0.000997,0.002127,0.001166,0.000591,0.000150,0.000160
325500,0.000569,0.000935,0.003073,0.006987,0.001124,0.000993,0.000993,0.002137,0.001139,0.000691,0.000141,0.000168
325600,0.000600,0.000967,0.003077,0.006242,0.001128,0.000994,0.000996,0.002119,0.001198,0.000663,0.000166,0.000163
325700,0.000601,0.001001,0.003073,0.005810,0.001140,0.000995,0.000995,0.002126,0.001103,0.000686,0.000163,0.000150
325800,0.000588,0.000985,0.003075,0.007265,0.001129,0.000996,0.000996,0.002126,0.001045,0.000580,0.000146,0.000163
325900,0.000591,0.000972,0.003076,0.006398,0.001139,0.000995,0.000996,0.002142,0.001330,0.000708,0.000176,0.000164
326000,0.000575,0.000979,0.003073,0.006773,0.001136,0.000996,0.000996,inf,0.001211,0.000557,0.000158,0.000155
326100,0.000584,0.000995,0.003072,0.007705,0.001129,0.000995,0.000996,0.002122,0.001048,0.000604,0.000154,0.000156
326200,0.000603,0.000927,0.003074,0.007246,0.001127,0.000995,0.000995,0.002130,0.001198,0.000737,0.000163,0.000171
326300,0.000600,0.000989,0.003070,0.007029,0.001133,0.000996,0.000997,0.002103,0.001281,0.000640,0.000171,0.000165
326400,0.000597,0.000901,0.003076,0.006563,0.001129,0.000995,0.000997,0.002110,0.001606,inf,0.000145,0.000166
326500,0.000590,0.000912,0.003077,0.006294,0.001129,0.000993,0.000993,0.002131,0.001247,0.000615,0.000160,0.000166
326600,0.000599,0.000969,0.003081,0.006960,0.001131,0.000993,0.000996,0.002113,0.001207,0.000637,0.000150,0.000164
326700,0.000608,0.000968,0.003074,0.006375,0.001124,0.000995,0.000994,0.002150,0.001178,0.000644,0.000163,0.000161
326800,0.000556,0.000948,0.003075,0.007421,0.001135,0.000993,0.000995,0.002136,inf,0.000637,0.000159,0.000157
326900,0.000570,0.000926,0.003070,0.006796,0.001130,0.000999,0.001000,0.002133,0.001069,0.000770,0.000155,0.000169
327000,0.000597,0.000950,0.003076,0.007384,0.001135,0.000994,0.000993,0.002143,0.001151,0.000719,0.000153,0.000169
327100,0.000611,0.000961,0.003073,0.007658,0.001136,0.000995,0.000996,0.002197,0.001340,0.000624,0.000160,0.000161
327200,0.000610,0.000937,inf,0.006968,0.001141,0.000996,0.000993,0.002116,0.001218,0.000625,0.000157,0.000168
327300,0.000643,0.000977,0.003079,0.007478,0.001135,0.000996,0.000997,0.002133,0.001058,0.000655,0.000161,0.000180
327400,0.000577,0.000945,0.003070,0.006232,0.001140,0.000998,0.001001,0.002123,0.001219,0.000753,0.000158,0.000164
327500,0.000575,0.000979,0.003079,0.006024,0.001128,0.000995,0.000993,0.002141,0.001181,0.000719,0.000177,0.000167
327600,0.000601,0.000966,0.003074,0.006191,0.001133,0.000996,0.001000,0.002117,0.001140,0.000705,0.000167,0.000150
327700,0.000601,0.001044,0.003071,0.007372,0.001145,0.000997,0.000995,0.002138,0.001282,0.000519,0.000162,0.000153
327800,0.000595,0.000979,0.003076,0.007800,0.001122,0.000993,0.000995,0.002145,0.001206,0.000670,0.000147,0.000164
327900,0.000602,0.000992,0.003072,0.006770,0.001135,0.000997,0.001002,0.002175,0.001088,0.000580,0.000155,0.000161
328000,0.000605,0.000977,0.003078,0.006954,0.001132,0.000997,0.000996,0.002129,0.001150,0.000614,0.000149,0.000160
328100,0.000586,0.000940,0.003071,0.006746,0.001140,0.000993,0.000995,0.002128,0.001292,0.000671,0.000157,0.000172
328200,0.000607,0.000962,0.003076,0.006200,0.001123,0.000996,0.000996,0.002117,0.001301,0.000811,0.000164,0.000173
328300,0.000594,0.001012,0.003075,0.007006,0.001122,0.000996,0.000999,0.002140,0.001080,0.000653,0.000157,0.000162
328400,0.000597,0.000936,0.003083,0.008127,0.001130,0.000996,0.000996,0.002151,0.001078,0.000633,0.000163,0.000157
328500,0.000601,0.000920,0.003071,0.006758,0.001131,0.000995,0.000996,0.002139,0.001124,0.000591,0.000158,0.000155
328600,0.000608,0.000967,0.003073,0.006776,0.001125,0.000993,0.000995,0.002140,0.001084,0.000650,0.000160,0.000158
328700,0.000585,0.000942,0.003072,0.006938,0.001129,0.000993,0.000992,0.002086,0.001174,0.000622,0.000160,0.000144
328800,0.000586,0.000993,0.003072,0.008062,0.001126,0.000993,0.000995,0.002118,0.001940,0.000671,0.000207,0.000191
328900,0.000569,0.000976,0.003080,0.006573,0.001133,0.000997,0.000998,0.002171,0.001256,0.000704,0.000162,0.000174
329000,0.000595,0.001002,0.003075,0.005754,0.001143,0.000999,0.000995,0.002080,0.001150,0.000707,0.000162,0.000161
329100,0.000601,0.000959,0.003075,0.005788,0.001147,0.000993,0.000992,0.002118,0.001261,0.000623,0.000187,0.000174
329200,0.000654,0.001017,0.003074,0.007351,0.001133,0.000996,0.000995,0.002124,0.001138,0.000619,0.000161,0.000167
329300,0.000603,0.000978,0.003072,0.006953,0.001122,0.000993,0.001000,0.002118,0.001343,0.000692,0.000160,0.000172
329400,0.000626,0.000988,0.003075,0.007078,0.001124,0.000997,0.000994,0.002164,0.001271,0.000707,0.000159,0.000153
329500,0.000591,0.000913,0.003075,0.005804,0.001142,0.000998,0.000998,0.002128,0.001186,0.000665,0.000143,0.000164
329600,0.000579,0.000949,0.003074,0.007218,0.001126,0.000997,0.000994,0.002118,0.001145,0.000626,0.000145,0.000141
329700,0.000563,0.000952,0.003071,0.007016,0.001122,0.000994,0.000993,0.002096,0.001091,0.000702,0.000149,0.000156
329800,0.000591,0.000985,0.003081,0.006567,0.001130,0.000994,0.000995,0.002150,0.001354,0.000744,0.000153,0.000157
329900,0.000624,0.000966,0.003077,0.007247,0.001135,0.000998,0.000995,0.002103,0.001235,0.000556,0.000163,0.000159
330000,0.000571,0.000941,0.003081,0.006126,0.001135,0.000994,0.000994,0.002121,0.001117,0.000684,0.000150,0.000149
330100,0.000620,0.000947,0.003071,0.006042,0.001126,0.000993,0.000995,0.002120,0.001867,0.000759,0.000171,0.000148
330200,0.000566,0.000928,0.003075,0.006770,0.001147,0.000998,0.000998,0.002118,0.001093,0.000679,0.000169,0.000159
330300,0.000609,0.000906,0.003073,0.007205,0.001125,0.000997,0.000995,0.002130,0.001188,0.000674,0.000168,0.000165
330400,0.000578,0.000944,0.003072,0.006950,0.001137,0.000995,0.000997,0.002110,0.001091,0.000708,0.000147,0.000159
330500,0.000614,0.000992,0.003082,0.007010,0.001136,0.000995,0.000993,0.002093,0.001175,0.000582,0.000145,0.000158
330600,0.000572,0.000922,0.003074,0.006776,0.001127,0.000994,0.000998,0.002102,0.001227,0.000649,0.000204,0.000160
330700,0.000580,0.001015,0.003073,0.006778,0.001124,0.000994,0.000994,0.002109,0.001156,0.000605,0.000148,0.000156
330800,0.000582,0.000976,0.003077,0.006434,0.001126,0.000994,0.000996,0.002096,0.001297,0.000666,0.000158,0.000163
330900,0.000566,0.000939,0.003074,0.006971,0.001137,0.000996,0.000996,0.002140,0.001231,0.000624,0.000156,0.000166
331000,0.000566,0.000902,0.003075,0.005525,0.001133,0.000990,0.000994,0.002115,0.001121,0.000615,0.000151,0.000182
331100,0.000574,0.000968,0.003075,0.005784,0.001142,0.000996,0.000996,0.002150,0.001098,0.000603,0.000149,0.000152
331200,0.000579,0.001007,0.003067,0.006312,0.001141,0.000995,0.000994,0.002149,0.001151,0.000698,0.000156,0.000163
331300,0.000607,0.001000,0.003074,0.005919,0.001135,0.000997,0.001002,0.002141,0.001755,0.000729,0.000149,0.000154
331400,0.000601,0.001018,0.003076,0.007354,0.001122,0.000996,0.000991,0.002155,0.001430,0.000734,0.000188,0.000183
331500,0.000559,0.000946,0.003077,0.007700,0.001130,0.000999,0.000998,0.002166,0.001238,0.000569,0.000168,0.000163
331600,0.000600,0.000971,0.003074,0.007349,0.001130,0.000995,0.000993,0.002128,0.001171,0.000660,0.000149,0.000154
331700,0.000594,0.000964,0.003075,0.006763,0.001126,0.000992,0.000998,0.002105,inf,0.000633,0.000150,0.000155
331800,0.000600,0.000944,0.003072,0.006935,0.001121,0.000995,0.000994,0.002124,0.001314,0.000646,0.000140,0.000161
331900,0.000601,0.000954,0.003077,0.005970,0.001140,0.000994,0.000996,0.002094,0.001303,0.000708,0.000149,0.000153
332000,0.000581,0.000983,0.003074,0.007603,0.001125,0.000993,0.000994,0.002145,0.001586,0.000592,0.000171,0.000165
332100,0.000610,0.000913,0.003080,0.007321,0.001139,0.000995,0.000991,0.002121,0.001251,0.000622,0.000164,0.000167
332200,0.000629,0.000990,0.003080,0.006600,0.001132,0.000997,0.000995,0.002157,0.001199,0.000564,0.000177,0.000160
332300,0.000612,0.001010,0.003071,0.006590,0.001139,0.000996,0.000997,0.002134,0.001181,0.000613,0.000156,0.000156
332400,0.000596,0.000908,0.003079,0.006569,0.001126,0.000996,0.000994,0.002073,0.001374,0.000578,0.000155,0.000160
332500,0.000621,0.001034,0.003074,0.006171,0.001132,0.000995,0.000997,0.002142,0.001225,0.000612,0.000149,0.000161
332600,0.000602,0.000943,0.003073,0.007598,0.001109,0.000994,0.000994,0.002100,0.001414,0.000621,0.000144,0.000156
332700,0.000596,0.000882,0.003075,0.007110,0.001120,0.000994,0.000996,0.002126,0.001114,0.000640,0.000162,0.000161
332800,0.000575,0.000973,0.003076,0.006456,0.001134,0.000997,0.000999,0.002102,0.001270,0.000591,0.000145,0.000164
332900,0.000585,0.000974,0.003073,0.008055,0.001144,0.000994,0.000995,0.002157,0.001113,0.000603,0.000152,0.000158
333000,0.000589,0.001009,0.003072,0.005983,0.001129,0.000992,0.000993,0.002107,0.001172,0.000704,0.000165,0.000162
333100,0.000594,0.000968,0.003077,0.006749,0.001143,0.000994,0.000996,0.002136,0.001141,0.000646,0.000154,0.000165
333200,0.000592,0.001051,0.003074,0.006375,0.001121,0.000995,0.000993,0.002156,0.001357,0.000661,0.000156,0.000177
333300,0.000608,0.001040,0.003085,0.006973,0.001133,0.000998,0.000998,0.002116,0.001118,0.000554,0.000162,0.000173
333400,0.000631,0.001025,0.003073,0.007190,0.001124,0.000996,0.000999,0.002113,0.001334,0.000673,0.000160,0.000167
333500,0.000621,0.001025,0.003076,0.005406,0.001130,0.000998,0.000998,0.002099,0.001198,0.000636,0.000147,0.000148
333600,0.000588,0.000946,0.003074,0.006788,0.001134,0.000993,0.000993,0.002129,0.001119,0.000621,0.000154,0.000152
333700,inf,0.000942,0.003077,0.007407,0.001138,0.000994,inf,0.002110,0.001206,0.000738,0.000153,0.000153
333800,0.000589,0.000983,0.003079,0.006508,0.001135,0.000998,0.000994,0.002155,0.001228,0.000627,0.000155,0.000157
333900,0.000595,0.000995,0.003074,0.006533,0.001128,0.000991,0.000995,0.002109,0.001146,0.000646,0.000149,0.000152
334000,0.000590,0.000924,0.003078,0.006745,0.001132,0.000994,0.000994,0.002147,0.001285,0.000733,0.000154,0.000157
334100,0.000550,0.001051,0.003073,0.006583,0.001142,0.000997,0.000999,0.002148,0.001101,0.000595,0.000154,0.000165
334200,0.000615,0.001058,0.003071,0.008625,0.001129,0.000993,0.000995,0.002125,0.001258,0.000604,0.000157,0.000157
334300,0.000630,0.000986,0.003073,0.007229,0.001134,0.000991,0.000995,0.002078,0.001277,0.000624,0.000159,0.000154
334400,0.000619,0.000928,0.003073,0.006713,0.001134,0.000995,0.000991,0.002102,0.001075,0.000717,0.000156,0.000151
334500,0.000582,0.000939,0.003073,0.006987,0.001132,0.000995,0.000997,0.002135,0.001111,0.000640,0.000147,0.000165
334600,0.000583,0.000924,0.003070,0.006584,0.001124,0.000995,0.000994,0.002092,0.001078,0.000692,0.000159,0.000169
334700,0.000579,0.000940,0.003076,0.006765,0.001142,0.000997,0.000997,0.002160,0.001198,0.000595,0.000150,0.000158
334800,0.000578,0.000947,0.003073,0.007132,0.001129,0.001003,0.000996,0.002095,0.001244,0.000655,0.000170,0.000164
334900,0.000590,0.000972,0.003078,0.005521,0.001121,0.000998,0.000994,0.002145,0.001154,0.000701,0.000178,0.000167
335000,0.000603,0.000899,0.003069,0.007382,0.001122,0.000993,0.000995,0.002152,0.001285,0.000694,0.000151,0.000163
335100,0.000584,0.001010,0.003078,0.006145,0.001121,0.000992,0.000993,0.002122,0.001230,0.000649,0.000160,0.000157
335200,0.000621,0.000976,0.003075,0.006057,0.001110,0.000997,0.000998,0.002126,0.002892,0.000674,0.000160,0.000169
335300,0.000621,0.000928,0.003077,0.005988,0.001142,0.000993,0.000992,0.002127,0.001447,0.000657,0.000159,0.000178
335400,0.000598,0.001025,0.003082,0.006519,0.001134,0.000997,0.000995,0.002128,0.001119,0.000685,0.000158,0.000162
335500,0.000612,0.000977,0.003077,0.006594,0.001129,0.000998,0.000994,0.002121,0.001349,0.000571,0.000153,0.000158
335600,0.000573,0.001029,0.003073,0.007014,0.001134,0.000993,0.000995,0.002113,0.001355,0.000621,0.000165,0.000153
335700,0.000561,0.000936,0.003077,0.007189,0.001132,0.000994,0.000996,0.002191,0.001002,0.000689,0.000149,0.000165
335800,0.000608,0.001066,0.003078,0.006376,0.001134,0.000995,0.000992,0.002165,0.001162,0.000629,0.000166,0.000155
335900,0.000559,0.000925,0.003070,0.005816,0.001122,0.000997,0.000994,0.002128,0.001148,0.000640,0.000154,0.000156
336000,0.000608,0.000985,0.003076,0.008402,0.001138,0.000993,0.000994,0.002119,0.001283,0.000624,0.000162,0.000157
336100,0.000568,0.000998,0.003073,0.006018,0.001132,0.000997,0.000999,0.002162,0.001162,0.000647,0.000148,0.000151
336200,0.000575,0.000986,inf,0.007139,0.001133,0.000996,0.000994,0.002144,0.001232,0.000678,0.000179,0.000149
336300,0.000609,0.001033,0.003071,0.007161,0.001139,0.000995,0.000993,0.002133,0.001101,0.000581,0.000148,0.000164
336400,0.000584,0.000978,0.003079,0.007226,0.001122,0.000993,0.000997,0.002155,0.001179,0.000656,0.000159,0.000164
336500,0.000620,0.000938,0.003075,0.007532,0.001130,0.000996,0.000994,0.002135,0.001194,0.000578,0.000152,0.000172
336600,0.000583,0.000945,0.003074,0.006745,0.001129,0.000993,0.000991,0.002137,0.001023,0.000626,0.000159,0.000166
336700,0.000602,0.000993,0.003069,0.005773,0.001139,0.000998,0.000995,0.002153,0.001409,0.000601,0.000154,0.000158
336800,0.000538,0.000954,0.003074,0.007254,0.001157,0.000995,0.000997,0.002129,0.001279,0.000639,0.000166,0.000162
336900,0.000585,0.000972,0.003076,0.007552,0.001127,0.000994,0.000993,0.002106,0.001431,0.000655,0.000152,0.000172
337000,0.000616,0.000937,0.003077,0.006787,0.001127,0.000999,0.000996,0.002118,0.001401,0.000670,0.000162,0.000175
337100,0.000607,0.001010,0.003085,0.006756,0.001137,0.000995,0.000995,0.002118,0.001290,0.000672,0.000160,0.000174
337200,0.000626,0.000934,0.003070,0.007080,0.001137,0.000997,0.000996,0.002075,inf,0.000586,0.000150,0.000166
337300,0.000568,0.000947,0.003081,0.007366,0.001136,0.000992,0.000993,0.002133,0.001487,0.000625,0.000161,0.000168
337400,0.000563,0.000936,0.003074,0.006573,0.001125,0.000996,0.001002,0.002113,0.001154,0.000651,0.000142,0.000164
337500,0.000598,0.001049,0.003071,0.007392,0.001131,0.000989,0.000995,0.002098,0.001304,0.000623,0.000156,0.000156
337600,0.000607,0.000943,0.003076,0.007178,0.001129,0.000995,0.000995,0.002094,0.001311,0.000621,0.000152,0.000160
337700,0.000612,0.000928,0.003072,0.006077,0.001135,0.000995,0.000994,0.002084,0.001214,0.000664,0.000150,0.000149
337800,0.000581,0.000998,0.003078,0.006227,0.001129,0.000995,0.000995,0.002092,0.001514,0.000705,0.000167,0.000159
337900,0.000619,0.000911,0.003073,0.006290,0.001132,0.000996,0.000995,0.002147,0.001188,0.000624,0.000155,0.000162
338000,0.000579,0.000910,0.003078,0.006554,0.001135,0.000995,0.000996,0.002128,0.001182,0.000682,0.000148,0.000148
338100,0.000598,0.001006,0.003070,0.006731,0.001131,0.000995,0.000993,0.002118,0.001166,0.000610,0.000139,0.000165
338200,0.000596,0.000986,0.003081,0.006377,0.001133,0.000994,0.000994,0.002116,0.001114,0.000656,0.000154,0.000167
338300,0.000597,0.000980,0.003074,0.008157,0.001131,0.000994,0.000995,0.002125,0.001097,0.000748,0.000150,0.000163
338400,0.000576,0.000926,0.003076,0.007909,0.001132,0.000998,0.000995,0.002126,0.001239,0.000660,0.000159,0.000184
338500,0.000621,0.000941,0.003071,0.006995,0.001117,0.000992,0.000992,0.002164,0.001405,0.000693,0.000152,0.000157
338600,0.000600,0.001017,0.003076,0.006413,0.001130,0.000996,0.000993,0.002158,0.001317,0.000592,0.000150,0.000152
338700,0.000607,0.000994,0.003082,0.006775,0.001147,0.000997,0.000999,0.002104,0.001329,0.000657,0.000162,0.000161
338800,0.000599,0.000930,0.003074,0.006991,0.001123,0.000997,0.000995,0.002132,0.001240,0.000696,0.000154,0.000167
338900,0.000606,0.000933,0.003076,0.006920,0.001126,0.000995,0.000994,0.002126,0.001172,0.000705,0.000154,0.000161
339000,0.000613,0.000993,0.003073,0.006791,0.001135,0.000994,0.000995,0.002114,0.001108,0.000625,0.000148,0.000154
339100,0.000622,0.000984,0.003071,0.006766,0.001129,0.000999,0.000998,0.002118,0.001142,0.000615,0.000173,0.000152
339200,0.000601,0.000864,0.003075,0.007463,0.001143,0.000989,0.000995,0.002099,0.001213,0.000637,0.000141,0.000172
339300,0.000644,0.000994,0.003075,0.007376,0.001141,0.000994,0.000988,0.002099,0.001502,0.000603,0.000171,0.000165
339400,0.000578,0.000952,0.003073,0.006404,0.001131,0.000999,0.000998,0.002105,0.001287,0.000605,0.000153,0.000163
339500,0.000580,0.000991,0.003076,0.006013,0.001139,0.000993,0.000991,0.002129,0.001162,0.000639,0.000154,0.000157
339600,0.000565,0.000946,0.003078,0.007387,0.001123,0.000994,0.000997,0.002126,0.001337,0.000660,0.000158,0.000166
339700,0.000582,0.000944,0.003069,0.006760,0.001128,0.000996,0.000993,0.002125,0.001174,0.000671,0.000153,0.000170
339800,0.000602,0.000983,0.003072,0.006394,0.001120,0.000995,0.000996,0.002120,0.001164,0.000679,0.000141,0.000157
339900,0.000568,0.000898,0.003075,0.006539,0.001138,0.000992,0.000991,0.002124,0.001163,0.000477,0.000149,0.000160
340000,0.000596,0.000986,0.003071,0.006587,0.001139,0.000997,0.001001,0.002121,0.001382,0.000582,0.000159,0.000157
340100,0.000608,0.001065,0.003075,0.006971,0.001128,0.000998,0.000996,0.002132,0.001119,0.000592,0.000185,0.000171
340200,0.000600,0.000943,0.003073,0.006790,0.001135,0.000994,0.000991,0.002144,0.001166,0.000741,0.000148,0.000157
340300,0.000584,0.001011,0.003083,0.006298,inf,0.000993,0.000997,0.002098,0.001381,0.000645,0.000160,0.000165
340400,0.000603,0.000857,0.003076,0.006775,0.001125,0.000994,0.000998,0.002142,0.001453,0.000763,0.000154,0.000158
340500,0.000595,0.000949,0.003075,0.006287,0.001128,0.000991,0.000993,0.002123,0.001256,0.000654,0.000148,0.000161
340600,0.000572,0.000952,0.003077,0.006792,0.001130,0.000995,0.000994,0.002128,0.001155,0.000625,0.000152,0.000173
340700,0.000592,0.000975,0.003086,0.006772,0.001143,0.000994,0.000997,0.002103,0.002098,0.000672,0.000158,0.000162
340800,0.000581,0.000927,0.003068,0.007469,0.001131,0.000993,0.000991,0.002094,0.001247,0.000624,0.000159,0.000159
340900,0.000582,0.000949,0.003076,0.006981,0.001127,inf,0.000995,0.002120,0.001475,0.000595,0.000159,0.000164
341000,0.000561,0.001004,0.003069,0.006741,0.001136,0.000996,0.000997,0.002142,0.001239,0.000666,0.000151,0.000161
341100,0.000639,0.000996,0.003080,0.006924,0.001125,0.000999,0.000997,0.002119,0.001448,0.000649,0.000160,0.000162
341200,0.000575,0.001001,0.003073,0.005655,0.001148,0.000995,0.000997,0.002136,0.001112,0.000615,0.000154,0.000169
341300,0.000603,0.000920,0.003075,0.006937,0.001117,0.000995,0.000998,0.002093,0.001443,inf,0.000149,0.000157
341400,0.000585,0.000968,0.003074,0.007023,0.001129,0.000996,0.000995,0.002149,0.001363,0.000646,0.000143,0.000156
341500,0.000643,0.001025,inf,0.006579,0.001143,0.000992,0.000993,0.002105,0.001116,0.000670,0.000159,0.000157
341600,0.000569,0.000926,0.003075,0.007182,0.001125,0.000993,0.000993,0.002116,0.001046,0.000681,0.000150,0.000162
341700,0.000595,0.000970,0.003068,0.007227,0.001135,0.000994,0.000995,0.002083,0.001357,0.000701,0.000148,0.000152
341800,0.000581,0.000950,0.003075,0.007588,0.001110,0.000995,0.000994,0.002100,0.001195,0.000588,0.000155,0.000151
341900,0.000590,0.000978,0.003082,0.007441,0.001137,0.000991,0.000995,0.002119,0.001103,0.000577,0.000153,0.000150
342000,0.000569,0.001078,0.003078,0.005870,0.001133,0.000997,0.000997,0.002139,0.001186,0.000589,0.000152,0.000155
342100,0.000596,0.001004,0.003071,0.007157,0.001137,0.000995,0.000993,0.002126,0.001152,inf,0.000158,0.000159
342200,0.000605,0.000963,0.003076,0.007551,0.001126,0.000994,0.000994,0.002111,0.001147,0.000712,0.000160,0.000163
342300,0.000576,0.001066,0.003076,0.007321,0.001130,0.000988,0.000997,0.002048,0.001009,0.000595,0.000152,0.000165
342400,0.000597,0.000991,0.003071,0.006287,0.001129,0.000995,0.000993,0.002156,0.001218,0.000684,0.000154,0.000170
342500,0.000579,0.000971,0.003074,0.006138,0.001121,0.000993,0.000994,0.002128,0.001217,0.000671,0.000165,0.000162
342600,0.000602,0.001055,0.003073,0.008185,0.001129,0.001000,0.000998,0.002173,0.001085,0.000631,0.000151,0.000162
342700,0.000585,0.000923,0.003077,0.006027,0.001119,0.000994,0.000994,0.002112,0.001187,0.000687,0.000167,0.000153
342800,0.000590,0.000897,0.003074,0.006286,0.001119,0.000994,0.000994,0.002055,0.001062,0.000670,0.000154,0.000163
342900,0.000593,0.000975,0.003078,0.006552,0.001124,0.000995,0.000996,0.002160,0.001148,0.000600,0.000153,0.000150
343000,0.000593,0.000961,0.003072,0.005889,0.001139,0.000992,0.000993,0.002146,0.001300,0.000671,0.000158,0.000160
343100,0.000613,0.001009,0.003088,0.007111,0.001126,0.000997,0.000999,0.002106,0.001198,0.000713,0.000159,0.000163
343200,0.000619,0.001016,0.003071,0.007072,0.001127,0.000995,0.000996,0.002115,0.001203,0.000611,0.000158,0.000174
343300,0.000614,0.000967,0.003074,0.007049,0.001138,0.001000,0.001000,0.002137,0.001455,0.000686,0.000157,0.000165
343400,0.000567,0.000931,0.003073,0.006598,0.001138,0.000994,0.000995,0.002127,0.001192,0.000684,0.000180,0.000170
343500,0.000612,0.000944,0.003074,0.006418,0.001136,0.000994,0.000996,0.002141,0.001278,0.000673,0.000167,0.000155
343600,0.000576,0.000969,0.003080,0.006590,0.001138,0.000996,0.000996,0.002159,0.001129,0.000663,0.000165,0.000170
343700,0.000610,0.000953,0.003078,0.006951,0.001123,0.000994,0.000992,0.002126,0.001209,0.000602,0.000147,0.000156
343800,0.000610,0.000988,0.003075,0.007131,0.001118,0.000994,0.000994,0.002135,0.001123,0.000663,0.000157,0.000166
343900,0.000582,0.001087,0.003073,0.006937,0.001120,0.000997,0.000997,0.002114,0.001253,0.000593,0.000162,0.000157
344000,0.000604,0.001002,0.003074,0.007624,0.001138,0.000996,0.000995,0.002155,0.001399,0.000696,0.000168,0.000154
344100,0.000613,0.000981,0.003075,0.007190,0.001128,0.000993,0.000994,0.002118,0.001629,0.000635,0.000150,0.000155
344200,0.000641,0.000967,0.003074,0.005091,0.001128,0.000995,0.000996,0.002131,0.001117,0.000623,0.000150,0.000155
344300,0.000593,0.000970,0.003071,0.006604,0.001137,0.000997,0.000998,0.002157,0.001157,0.000650,0.000157,0.000179
344400,0.000606,0.000987,0.003074,0.007531,0.001135,0.000991,0.000994,0.002151,0.001152,0.000661,0.000146,0.000164
344500,0.000612,0.000931,0.003076,0.007098,0.001135,0.000993,0.000998,0.002107,0.001110,0.000636,0.000145,0.000167
344600,0.000595,0.000939,0.003075,0.007469,0.001137,0.000998,0.000994,0.002120,0.001027,0.000696,0.000154,0.000143
344700,0.000594,0.000984,0.003081,0.005992,0.001138,0.000994,0.000994,0.002108,0.001107,0.000648,0.000152,0.000159
344800,0.000624,0.000968,0.003071,0.006026,0.001138,0.000996,0.000999,0.002137,0.001218,0.000662,0.000146,0.000165
344900,0.000562,0.001058,0.003080,0.006927,0.001132,0.000996,0.000996,0.002136,0.001101,0.000598,0.000164,0.000167
345000,0.000571,0.000911,0.003075,0.007943,0.001140,0.000997,0.000995,0.002116,0.001229,0.000637,0.000162,0.000158
345100,0.000575,0.000918,0.003073,0.007464,0.001133,0.000993,0.000995,0.002127,0.001307,0.000671,0.000180,0.000152
345200,0.000598,0.000983,0.003079,0.006518,0.001129,0.000997,0.000996,0.002143,inf,0.000688,0.000156,0.000151
345300,0.000536,0.000902,0.003076,0.006376,0.001123,0.000995,0.000995,0.002152,0.001225,0.000602,0.000161,0.000160
345400,0.000565,0.000917,0.003073,0.007374,0.001125,0.000996,0.000995,0.002145,0.001249,0.000611,0.000173,0.000169
345500,0.000608,0.000950,0.003075,0.006514,0.001129,0.000996,0.000991,0.002113,0.001270,0.000701,0.000168,0.000176
345600,0.000584,0.000981,0.003076,0.007261,0.001133,0.000997,0.000995,0.002178,0.001243,0.000588,0.000157,0.000168
345700,0.000634,0.001028,0.003068,0.007274,0.001151,0.000994,0.000995,0.002118,0.001116,0.000732,0.000145,0.000154
345800,0.000611,0.000938,0.003075,0.007124,0.001148,0.000995,0.000992,0.002096,0.001146,0.000665,0.000153,0.000155
345900,0.000596,0.000937,0.003075,0.006418,0.001137,0.000997,0.000997,0.002122,0.001294,0.000595,0.000146,0.000161
346000,0.000603,0.000961,0.003070,0.006559,0.001146,0.000994,0.000997,0.002132,0.001070,0.000555,0.000165,0.000157
346100,0.000610,0.000962,0.003076,0.007184,0.001137,0.000993,0.000992,0.002133,0.001168,0.000610,0.000154,0.000153
346200,0.000593,0.000952,0.003076,0.006447,0.001136,0.000982,0.000996,0.002100,0.001056,0.000671,0.000155,0.000154
346300,0.000623,0.001080,0.003074,0.007256,0.001122,0.000994,0.000995,0.002140,0.001427,0.000715,0.000138,0.000158
346400,0.000577,0.000989,0.003071,0.006196,0.001132,0.000992,inf,0.002108,0.001193,0.000597,0.000155,0.000157
346500,0.000589,0.000998,0.003069,0.005956,0.001140,0.001000,0.000997,0.002125,0.001308,0.000676,0.000152,0.000156
346600,0.000578,0.000977,0.003074,0.005945,0.001126,0.000994,0.000994,0.002108,0.001235,0.000614,0.000167,0.000164
346700,0.000591,0.000905,0.003072,0.007619,0.001135,0.000993,0.000994,0.002121,0.001112,0.000618,0.000158,0.000168
346800,0.000578,0.000899,0.003084,0.005878,inf,0.000998,0.000998,0.002179,0.001078,0.000612,0.000152,0.000166
346900,0.000614,0.000964,0.003078,0.007137,0.001125,0.000996,0.000997,0.002149,0.001529,0.000626,0.000155,0.000166
347000,0.000637,0.000991,0.003071,0.007553,0.001132,0.000995,0.000997,0.002103,0.001294,0.000721,0.000158,0.000171
347100,0.000586,0.000985,0.003077,0.006375,0.001124,0.000997,0.000993,0.002115,0.001197,0.000718,0.000156,0.000160
347200,0.000582,0.000982,0.003075,0.007597,0.001134,inf,0.000997,0.002132,0.001150,0.000717,0.000155,0.000147
347300,0.000599,0.000918,0.003069,0.005888,0.001129,0.000996,0.000994,0.002088,0.001104,0.000709,0.000153,0.000186
347400,0.000543,0.000963,0.003077,0.006779,0.001131,0.000994,0.000994,0.002125,0.001217,0.000727,0.000144,0.000156
347500,0.000578,0.000957,0.003071,0.006416,0.001138,0.000996,0.000998,0.002112,0.001316,0.000720,0.000159,0.000150
347600,0.000545,0.000932,0.003078,0.006808,0.001124,0.000997,0.000996,0.002176,0.001147,0.000563,0.000154,0.000150
347700,0.000569,0.000972,0.003074,0.007161,0.001135,0.000991,0.000993,0.002120,0.001314,0.000564,0.000191,0.000169
347800,0.000599,0.000981,0.003075,0.005709,0.001128,0.000996,0.000997,0.002125,0.001384,inf,0.000167,0.000158
347900,0.000594,0.000942,0.003062,0.006551,0.001142,0.000995,0.000995,0.002091,0.001096,0.000701,0.000162,0.000161
348000,0.000604,0.000954,0.003087,0.006968,0.001130,0.000996,0.000993,0.002125,0.001023,0.000630,0.000159,0.000161
348100,0.000572,0.000936,0.003072,0.007180,0.001117,0.000995,0.000996,0.002143,0.001212,0.000609,0.000144,0.000154
348200,0.000589,0.000969,0.003069,0.005890,0.001130,0.000994,0.000994,0.002136,0.001185,0.000664,0.000142,0.000168
348300,0.000615,0.001005,0.003076,0.006579,0.001132,0.000992,0.000994,0.002111,0.001224,0.000690,0.000158,0.000168
348400,0.000567,0.000988,0.003080,0.005946,0.001133,0.000994,0.000995,0.002063,0.001081,0.000625,0.000158,0.000147
348500,0.000565,0.001012,0.003076,0.007520,0.001125,0.001001,0.000999,0.002141,0.001109,0.000599,0.000154,0.000151
348600,0.000585,0.001011,0.003073,0.007453,0.001140,0.000996,0.000997,0.002136,0.001309,0.000638,0.000146,0.000167
348700,0.000640,0.001067,0.003078,0.007356,0.001134,0.000996,0.000996,0.002151,0.001145,0.000662,0.000145,0.000152
348800,0.000621,0.000967,0.003074,0.006769,0.001142,0.000999,0.000992,0.002092,0.001170,0.000639,0.000153,0.000165
348900,0.000551,0.000946,0.003062,0.006321,0.001123,0.000993,0.000997,0.002104,0.001139,0.000686,0.000141,0.000150
349000,0.000593,0.000913,0.003074,0.006792,0.001125,0.000998,0.000996,0.002147,0.001416,0.000614,0.000160,0.000173
349100,0.000619,0.000945,0.003073,0.006960,0.001124,0.000995,0.000997,0.002168,0.001046,0.000588,0.000162,0.000163
349200,0.000608,0.001056,0.003075,0.006298,0.001148,0.000996,0.000997,0.002116,0.001124,0.000650,0.000148,0.000166
349300,0.000577,0.000969,0.003059,0.005982,0.001130,0.000995,0.000994,0.002113,0.001170,0.000625,0.000152,0.000156
349400,0.000619,0.000995,0.003083,0.007394,0.001154,0.000992,0.000995,0.002158,0.001306,0.000588,0.000162,0.000168
349500,0.000579,0.000970,0.003075,0.006424,0.001134,0.000996,0.000994,0.002107,0.001585,0.000627,0.000166,0.000160
349600,0.000599,0.000989,0.003081,0.007239,0.001128,0.000992,0.000995,0.002134,0.001150,0.000598,0.000158,0.000160
349700,0.000629,0.000958,0.003075,0.007658,0.001135,0.000993,0.000994,0.002136,0.001261,0.000692,0.000152,0.000166
349800,0.000606,0.001003,0.003068,0.006370,0.001134,0.000998,0.001000,0.002122,0.001085,0.000673,0.000152,0.000153
349900,0.000512,0.001017,0.003070,0.006255,0.001126,0.000995,0.000997,0.002140,0.001265,0.000599,0.000149,0.000153
350000,0.000604,0.000998,0.003076,0.005959,0.001138,0.000997,0.000993,0.002081,0.001249,0.000577,0.000148,0.000160
350100,0.000585,0.000904,0.003084,0.006316,0.001136,0.000994,0.000996,0.002164,0.001278,0.000552,0.000147,0.000149
350200,0.000581,0.000916,0.003076,0.006756,0.001115,0.000993,0.000997,0.002155,0.001186,0.000662,0.000151,0.000165
350300,0.000592,0.000903,0.003074,0.005945,0.001134,0.000991,0.000994,0.002083,0.001355,0.000693,0.000146,0.000169
350400,0.000595,0.000975,0.003077,0.007081,0.001137,0.000998,0.000996,0.002157,0.001086,0.000716,0.000162,0.000166
350500,0.000601,0.000932,0.003072,0.006129,0.001128,0.000994,0.000995,0.002119,0.001271,0.000640,0.000168,0.000148
350600,0.000598,0.001008,0.003074,0.006969,0.001137,0.000993,0.000991,0.002113,0.001197,0.000541,0.000145,0.000164
350700,0.000590,0.000932,0.003074,0.006753,0.001127,0.000997,0.000996,0.002122,0.001124,0.000624,0.000152,0.000164
350800,0.000600,0.000976,0.003075,0.006955,0.001130,0.000996,0.000996,0.002115,0.001200,0.000578,0.000155,0.000154
350900,0.000593,0.001043,0.003074,0.006613,0.001136,0.000997,0.001002,0.002075,0.001316,0.000668,0.000148,0.000154
351000,0.000620,0.000996,0.003076,0.006786,0.001121,0.000994,0.000992,0.002140,0.001572,0.000693,0.000162,0.000162
351100,0.000642,0.000955,0.003078,0.006368,0.001128,0.000998,0.000997,0.002147,0.001274,0.000666,0.000194,0.000153
351200,0.000591,0.000919,0.003071,0.007230,0.001153,0.000994,0.000996,0.002158,0.001409,0.000510,0.000154,0.000151
351300,0.000579,0.001043,0.003072,0.007113,0.001130,0.000993,0.000993,0.002138,0.001220,0.000559,0.000152,0.000172
351400,0.000609,0.000962,0.003072,0.006258,0.001130,0.000995,0.000997,0.002117,0.001185,0.000695,0.000146,0.000163
351500,0.000572,0.000962,0.003077,0.007260,0.001141,0.000999,0.000996,0.002125,0.001381,0.000637,0.000154,0.000162
351600,0.000597,0.000857,0.003077,0.006355,0.001129,0.000995,0.000995,0.002118,0.001178,0.000679,0.000170,0.000152
351700,0.000566,0.001034,0.003069,0.006376,0.001133,0.000992,0.000993,0.002147,0.001217,0.000693,0.000150,0.000161
351800,0.000580,0.000888,0.003081,0.006216,0.001131,0.001000,0.000997,0.002143,0.001279,0.000675,0.000170,0.000159
351900,inf,0.000943,0.003073,0.006772,0.001130,0.000996,0.000998,0.002139,0.001304,0.000608,0.000179,0.000156
352000,0.000585,0.000997,0.003078,0.005848,0.001128,0.000996,0.000995,0.002146,0.001118,0.000606,0.000156,0.000150
352100,0.000618,0.000904,0.003072,0.007595,0.001128,0.000994,0.000994,0.002123,0.001047,0.000638,0.000180,0.000169
352200,0.000565,0.000952,0.003066,0.007249,0.001132,0.000991,0.000997,0.002116,0.001226,0.000578,0.000156,0.000155
352300,0.000589,0.000955,0.003075,0.006334,0.001123,0.000994,0.000993,0.002131,0.001206,0.000594,0.000149,0.000162
352400,0.000582,0.000951,0.003073,0.006007,0.001140,0.000998,0.000997,0.002090,0.001306,0.000628,0.000149,0.000163
352500,0.000557,0.000880,0.003081,0.006946,0.001139,0.000993,0.000993,0.002182,0.001115,0.000652,0.000165,0.000151
352600,0.000599,0.000937,0.003073,0.006254,0.001136,0.000996,0.000994,0.002121,0.001218,0.000608,0.000146,0.000172
352700,0.000600,0.000940,0.003075,0.006734,0.001140,0.000993,0.000996,0.002105,0.001223,0.000759,0.000152,0.000166
352800,0.000549,0.000932,0.003072,0.006759,0.001129,0.000993,0.000994,0.002151,0.000988,0.000647,0.000145,0.000154
352900,0.000606,0.001000,0.003083,0.006546,0.001143,0.000996,0.000996,0.002103,0.001080,0.000643,0.000169,0.000165
353000,0.000569,0.000993,0.003070,0.007215,0.001141,0.000997,0.000994,0.002130,0.001179,0.000634,0.000159,0.000162
353100,0.000565,0.000985,0.003076,0.006099,0.001128,0.000998,0.000997,0.002084,0.001217,0.000729,0.000154,0.000157
353200,0.000639,0.000940,0.003071,0.006786,0.001124,0.000993,0.000995,0.002125,0.001341,0.000611,0.000163,0.000176
353300,0.000605,0.000918,0.003073,0.006786,0.001140,0.000992,0.000993,0.002105,0.001078,0.000590,0.000159,0.000155
353400,0.000583,0.000997,0.003079,0.007285,0.001146,0.000998,0.000999,0.002106,0.001144,0.000673,0.000153,0.000152
353500,0.000570,0.000948,0.003077,0.005781,0.001138,0.000994,0.000990,0.002153,0.001070,0.000765,0.000164,0.000154
353600,0.000626,0.000965,0.003076,0.006966,0.001128,0.000993,0.000994,0.002110,0.001064,0.000669,0.000159,0.000166
353700,0.000568,0.000946,0.003074,0.007796,0.001128,0.000995,0.000991,0.002134,0.001103,0.000662,0.000162,0.000156
353800,0.000567,0.001018,0.003074,0.006576,0.001135,0.000999,0.000996,0.002151,0.001081,0.000595,0.000147,0.000154
353900,0.000594,0.001024,0.003074,0.006191,0.001137,0.000995,0.000993,0.002128,0.001212,0.000707,0.000154,0.000179
354000,0.000580,0.000935,0.003072,0.008231,0.001133,0.000997,0.000993,0.002130,0.001186,0.000663,0.000140,0.000158
354100,0.000618,0.001007,0.003080,0.006175,0.001148,0.000995,0.000998,0.002132,0.001152,0.000684,0.000149,0.000152
354200,0.000592,0.001024,0.003067,0.006962,0.001124,0.000994,0.000993,0.002104,0.001091,0.000690,0.000147,0.000158
354300,0.000575,0.000961,0.003077,0.006919,0.001125,0.000996,0.000996,0.002116,0.001637,0.000689,0.000155,0.000161
354400,0.000572,0.000985,0.003070,0.006759,0.001124,0.000997,0.000998,0.002108,0.001290,0.000667,0.000152,0.000172
354500,0.000615,0.000957,0.003082,0.005529,0.001134,0.000995,0.000992,0.002118,0.001181,0.000650,0.000171,0.000168
354600,0.000596,0.000925,0.003069,0.006741,0.001125,0.000995,0.000996,0.002122,0.001331,0.000685,0.000152,0.000163
354700,0.000548,0.000995,0.003075,0.007438,0.001131,0.000998,0.000992,0.002103,0.001267,0.000697,0.000157,0.000168
354800,0.000584,0.000972,0.003074,0.006582,0.001116,0.000997,0.000995,0.002129,0.001047,0.000672,0.000162,0.000162
354900,0.000601,0.000959,0.003071,0.005922,0.001129,0.000991,0.000996,0.002084,0.001335,0.000605,0.000155,0.000153
355000,0.000599,0.000952,0.003079,0.006216,0.001137,0.000994,0.000999,0.002152,0.001420,0.000603,0.000169,0.000182
355100,0.000599,0.001004,0.003075,0.006699,0.001149,0.001018,0.000999,0.002140,0.001199,0.000639,0.000163,0.000168
355200,0.000635,0.001093,0.003096,0.005535,0.001138,0.000996,0.000994,0.002111,0.001169,0.000626,0.000170,0.000151
355300,0.000619,0.000973,0.003076,0.007665,0.001125,0.000993,0.000995,0.002080,0.001306,0.000680,0.000138,0.000164
355400,0.000583,0.000905,0.003071,0.006627,0.001140,0.001000,0.000998,0.002148,0.001277,0.000704,0.000174,0.000152
355500,0.000634,0.000940,0.003072,0.006924,0.001132,0.000994,0.000995,0.002144,0.001170,0.000627,0.000137,0.000160
355600,0.000584,0.000908,0.003074,0.006942,0.001129,0.000994,0.000993,0.002180,0.001034,0.000675,0.000149,0.000161
355700,0.000604,0.000949,0.003073,0.005282,0.001143,0.001000,0.000997,0.002126,0.001211,0.000666,0.000152,0.000158
355800,0.000615,0.000988,0.003074,0.006753,0.001125,0.000992,0.000996,0.002151,0.001436,0.000718,0.000159,0.000152
355900,0.000616,0.000961,0.003079,0.006117,0.001135,0.000996,0.000997,0.002074,0.001199,0.000597,0.000145,0.000155
356000,0.000597,0.000932,0.003074,0.008333,0.001134,0.000992,0.000993,0.002144,0.001307,0.000709,0.000139,0.000158
356100,0.000576,0.000955,0.003074,0.006408,0.001137,0.000996,0.000996,0.002116,0.001238,0.000719,0.000153,0.000178
356200,0.000597,0.000940,0.003072,0.005821,0.001125,0.000992,0.000993,0.002153,0.001099,0.000569,0.000146,0.000156
356300,0.000588,0.001011,0.003072,0.006418,0.001137,0.000995,0.000996,0.002124,0.001214,0.000672,0.000150,0.000159
356400,0.000588,0.000948,0.003076,0.006773,0.001146,0.000996,0.000995,0.002070,0.001374,0.000599,0.000168,0.000190
356500,0.000610,0.000984,0.003074,0.006186,0.001121,0.000994,0.000992,0.002116,0.001083,0.000701,0.000147,0.000157
356600,0.000568,0.000960,0.003071,0.006202,0.001128,0.000994,0.000993,0.002134,0.001098,0.000644,0.000170,0.000148
356700,0.000582,0.000906,0.003080,0.007259,0.001134,0.000995,0.000996,0.002049,0.001317,0.000717,0.000155,0.000154
356800,0.000612,0.000988,0.003077,0.007129,0.001126,0.001002,0.000996,0.002145,0.001158,0.000691,0.000140,0.000159
356900,0.000605,0.000894,0.003078,0.005951,0.001138,0.000994,0.000995,0.002090,0.001102,0.000624,0.000146,0.000151
357000,0.000622,0.000993,0.003073,0.007218,0.001142,0.000995,0.000999,0.002139,0.001110,0.000627,0.000147,0.000160
357100,0.000603,0.000911,0.003071,0.006763,0.001130,0.000993,0.000994,0.002135,0.001103,0.000695,0.000159,0.000169
357200,0.000602,0.000988,0.003070,0.006535,0.001130,0.000996,0.000994,0.002138,0.001120,0.000612,0.000151,0.000160
357300,0.000584,0.000926,0.003071,0.006281,0.001134,0.000998,0.001000,0.002152,0.001136,0.000644,0.000159,0.000167
357400,0.000592,0.001044,0.003077,0.005933,0.001150,0.000994,0.000997,0.002134,0.001118,0.000621,0.000156,0.000158
357500,0.000617,0.001020,0.003074,0.006456,0.001125,0.000997,0.000994,0.002124,0.001346,0.000615,0.000154,0.000170
357600,0.000617,0.000933,0.003074,0.005395,0.001136,0.000992,0.000997,0.002125,0.001212,0.000650,0.000155,0.000163
357700,0.000551,0.001027,0.003072,0.006126,0.001142,0.000995,0.000995,0.002105,0.001367,0.000650,0.000162,0.000173
357800,0.000583,0.001001,0.003087,0.006992,0.001131,0.000994,0.000995,0.002146,0.001321,0.000616,0.000159,0.000154
357900,0.000571,0.000942,0.003072,0.006779,0.001129,0.000995,0.000994,0.002119,0.001133,0.000640,0.000152,0.000158
358000,0.000560,0.000976,0.003072,0.005799,0.001136,0.000994,0.000994,0.002122,0.001104,0.000586,0.000154,0.000155
358100,0.000595,0.000954,0.003073,0.007526,0.001123,0.000991,0.000991,0.002107,0.001353,0.000576,0.000148,0.000169
358200,0.000605,0.000972,0.003072,0.006942,0.001123,0.000994,0.000993,0.002122,0.001097,0.000590,0.000152,0.000155
358300,0.000599,0.000959,0.003079,0.007470,0.001132,0.000999,0.000994,0.002110,0.001058,0.000673,0.000143,0.000161
358400,0.000593,0.000946,0.003072,0.006370,0.001130,0.000992,0.000993,0.002096,0.001133,0.000616,0.000167,0.000159
358500,0.000612,0.001024,0.003077,0.006585,0.001154,0.000995,0.000991,0.002133,0.001258,0.000715,0.000145,0.000148
358600,0.000584,0.000953,0.003077,0.006775,0.001134,0.000994,0.000995,0.002126,0.001286,0.000671,0.000147,0.000171
358700,0.000577,0.000990,0.003070,0.007092,0.001141,0.000996,0.000999,0.002124,0.001110,0.000616,0.000171,0.000146
358800,0.000602,0.000969,0.003076,0.007254,0.001140,0.000993,0.000992,0.002104,0.001282,0.000596,0.000177,0.000165
358900,0.000573,0.000975,0.003074,0.006666,0.001138,0.000993,0.000996,0.002111,0.001242,0.000665,0.000155,0.000161
359000,0.000585,0.000907,0.003076,0.006418,0.001136,0.000996,0.000994,0.002138,0.001099,0.000649,0.000151,0.000153
359100,0.000593,0.000976,0.003068,0.006765,0.001122,0.000994,0.000993,0.002157,0.001415,0.000671,0.000184,0.000154
359200,0.000615,0.000941,0.003082,0.006940,0.001109,0.000992,0.000994,0.002156,0.001141,0.000578,0.000150,0.000158
359300,0.000610,0.000988,0.003069,0.007022,0.001124,0.000995,0.000995,0.002141,0.001087,0.000625,0.000149,0.000158
359400,0.000601,0.000894,0.003078,0.006489,0.001127,0.000992,0.000993,0.002131,0.001218,0.000663,0.000144,0.000174
359500,0.000569,0.000941,0.003072,0.007186,0.001126,0.000994,0.000992,0.002095,0.001385,0.000654,0.000160,0.000184
359600,0.000557,0.000968,0.003072,0.007099,0.001139,0.000997,0.000998,0.002123,0.001227,0.000698,0.000165,0.000164
359700,0.000562,0.001023,0.003077,0.006486,0.001131,0.000996,0.000995,0.002112,0.001302,0.000626,0.000145,0.000170
359800,0.000625,0.001012,0.003070,0.006549,0.001129,0.000995,0.000994,0.002150,0.001316,0.000688,0.000158,0.000167
359900,0.000628,0.000939,0.003081,0.005865,0.001130,0.000986,0.000995,0.002131,0.001163,0.000657,0.000168,0.000163
360000,0.000563,0.001019,0.003076,0.006411,0.001143,0.000995,0.000994,0.002124,0.001208,0.000676,0.000149,0.000150
360100,0.000584,0.000951,0.003076,0.007189,0.001113,0.000993,0.000992,0.002158,0.001409,inf,0.000156,0.000162
360200,0.000566,0.000964,0.003074,0.007232,0.001127,0.000991,0.000992,0.002170,0.001087,0.000753,0.000139,0.000153
360300,0.000635,0.000859,0.003073,0.006389,0.001137,0.000996,0.000997,0.002118,0.001098,0.000671,0.000161,0.000162
360400,0.000580,0.000990,0.003074,0.007305,0.001139,0.000994,0.000994,0.002164,0.001159,0.000662,0.000167,0.000163
360500,0.000620,0.000893,0.003077,0.007169,0.001127,0.000997,0.000991,0.002138,0.001057,0.000601,0.000148,0.000170
360600,0.000609,0.000994,0.003067,0.006995,0.001128,0.000995,0.000996,0.002078,0.001130,0.000664,0.000164,0.000174
360700,0.000610,0.000972,0.003074,0.007287,0.001136,0.001000,0.000996,0.002123,0.001139,0.000654,0.000167,0.000159
360800,0.000625,0.000971,0.003077,0.006546,0.001128,0.000993,0.000994,0.002142,0.001256,0.000717,0.000148,0.000160
360900,0.000605,0.001097,0.003083,0.006913,0.001141,0.000997,0.000997,0.002113,0.001176,0.000649,0.000159,0.000168
361000,0.000592,0.000910,0.003069,0.006958,0.001130,0.000994,0.000999,0.002159,0.001035,0.000707,0.000148,0.000148
361100,0.000554,0.000980,0.003079,0.006153,0.001134,0.000996,0.000991,0.002134,0.001336,0.000626,0.000154,0.000157
361200,0.000583,0.000882,0.003071,0.006444,0.001139,0.000992,0.000994,0.002125,0.001135,0.000613,0.000137,0.000152
361300,0.000596,0.000947,0.003073,0.007497,0.001144,0.000994,0.000995,0.002074,0.001113,0.000602,0.000152,0.000154
361400,0.000609,0.001008,0.003073,0.006166,0.001133,0.000993,0.000994,0.002151,0.001197,0.000577,0.000152,0.000150
361500,0.000598,0.000952,0.003083,0.007703,0.001136,inf,0.000992,0.002124,0.001478,0.000653,0.000168,0.000168
361600,0.000570,0.000962,0.003077,0.006605,0.001131,0.000995,0.000996,0.002135,0.001246,0.000626,0.000152,0.000171
361700,0.000590,0.000933,0.003067,0.006566,0.001134,0.000994,0.000995,0.002127,0.001073,0.000594,0.000147,0.000152
361800,0.000563,0.000924,0.003074,0.005599,inf,0.000996,0.000995,0.002133,0.001093,0.000643,0.000141,0.000165
361900,0.000584,0.000990,0.003076,0.007071,0.001128,0.000993,0.000997,0.002145,0.001292,0.000636,0.000171,0.000153
362000,0.000577,0.000960,0.003069,0.006192,0.001132,0.000993,0.000996,0.002113,0.001346,0.000654,0.000164,0.000159
362100,0.000593,0.000936,0.003080,0.007944,0.001142,0.000993,0.000995,0.002153,0.001118,0.000578,0.000155,0.000159
362200,0.000591,0.000985,0.003074,0.006160,0.001133,0.000999,0.000995,0.002196,0.001093,0.000656,0.000155,0.000160
362300,0.000557,0.001036,0.003072,0.006202,0.001117,0.000995,0.000994,0.002107,0.001189,0.000640,0.000156,0.000163
362400,0.000602,0.000973,0.003075,0.007220,0.001137,0.000995,0.000992,0.002129,0.001063,0.000661,0.000156,0.000152
362500,0.000583,0.000882,0.003073,0.005615,0.001120,0.000992,0.000994,0.002131,0.001191,0.000642,0.000151,0.000156
362600,0.000623,0.000971,0.003074,0.006395,0.001129,0.000995,0.000993,0.002127,0.001248,0.000632,0.000224,0.000166
362700,0.000582,0.000933,0.003082,0.006800,0.001130,0.001002,0.001000,0.002106,0.001155,0.000643,0.000158,0.000155
362800,0.000644,0.000936,0.003071,0.006600,0.001128,0.000994,0.000995,0.002160,0.001330,0.000625,0.000163,0.000168
362900,0.000598,0.000993,0.003073,0.006582,0.001138,0.001000,0.000997,0.002095,0.001082,0.000676,0.000148,0.000164
363000,0.000560,0.000995,0.003074,0.007534,0.001126,0.000994,0.000993,0.002147,0.001204,0.000647,0.000155,0.000160
363100,0.000615,0.000968,0.003078,0.007072,0.001136,0.000995,0.000995,0.002104,0.001272,0.000682,0.000150,0.000147
363200,0.000588,0.001022,0.003081,0.006599,0.001136,0.000999,0.000997,0.002129,0.001313,0.000703,0.000182,0.000158
363300,0.000587,0.001005,0.003072,0.008412,0.001128,0.000995,0.000995,0.002121,0.001134,0.000705,0.000149,0.000156
363400,0.000615,0.000985,0.003074,0.007402,0.001115,0.000992,0.000993,0.002099,0.001137,0.000756,0.000181,0.000156
363500,0.000594,0.001024,0.003074,0.007195,0.001141,0.000997,0.000999,0.002127,0.001232,0.000648,0.000175,0.000167
363600,0.000574,0.001055,0.003072,0.007875,0.001121,0.000992,0.000993,0.002134,0.001101,0.000662,0.000153,0.000200
363700,0.000600,0.000951,0.003076,0.007062,0.001145,0.000993,0.000993,0.002139,0.001179,0.000670,0.000148,0.000162
363800,0.000568,0.000951,0.003073,0.006570,0.001129,0.000995,0.000996,0.002122,0.001424,0.000626,0.000153,0.000161
363900,0.000586,0.000950,0.003079,0.005835,0.001133,0.000998,0.000997,0.002127,0.001299,0.000559,0.000148,0.000160
364000,0.000596,0.000877,0.003071,0.006427,0.001121,0.000994,0.000994,0.002123,0.001093,0.000624,0.000154,0.000169
364100,0.000558,0.000978,0.003078,0.006786,0.001125,0.000995,0.000995,0.002130,0.001503,0.000652,0.000160,0.000164
364200,0.000525,0.000954,0.003070,0.006871,0.001132,0.000996,0.000997,0.002111,0.001416,0.000612,0.000142,0.000158
364300,0.000606,0.000988,0.003083,0.006763,0.001132,0.000997,0.000994,0.002184,0.001347,0.000521,0.000168,0.000164
364400,0.000617,0.000970,0.003070,0.006811,0.001134,0.000993,0.000994,0.002157,0.001146,0.000678,0.000142,0.000155
364500,0.000599,0.000988,0.003077,0.006925,0.001152,0.000995,0.000995,0.002089,0.001280,0.000672,0.000146,0.000154
364600,0.000603,0.000989,0.003073,0.006990,0.001134,0.000993,0.000999,0.002095,0.001092,0.000651,0.000158,0.000152
364700,0.000610,0.000998,0.003074,0.006734,0.001133,0.000995,0.000991,0.002132,0.001246,0.000709,0.000157,0.000169
364800,0.000615,0.000981,0.003084,0.006585,0.001140,0.000999,0.000999,0.002098,0.001128,0.000649,0.000161,0.000154
364900,0.000575,0.001083,0.003075,0.006619,0.001133,0.000996,0.000999,0.002124,0.001476,0.000638,0.000155,0.000159
365000,0.000582,0.000935,0.003073,0.007175,0.001130,0.000994,0.000993,0.002100,0.001398,0.000707,0.000145,0.000165
365100,0.000580,0.001034,0.003079,0.007493,0.001124,0.000991,0.000995,0.002137,0.001228,0.000621,0.000174,0.000168
365200,0.000580,0.000936,0.003070,0.005781,0.001138,0.000996,0.000998,inf,0.001101,0.000654,0.000146,0.000159
365300,0.000583,0.000988,0.003074,0.006608,0.001126,0.000994,0.000995,0.002108,0.001142,0.000717,0.000157,0.000160
365400,0.000610,0.000963,0.003063,0.007187,0.001121,0.000994,0.000993,0.002139,0.001157,0.000660,0.000153,0.000152
365500,0.000632,0.000999,0.003073,0.007032,0.001129,0.000998,0.000996,0.002124,0.001098,0.000709,0.000143,0.000156
365600,0.000622,0.000957,0.003078,0.007278,0.001130,0.000996,0.000997,0.002109,0.001171,0.000642,0.000143,0.000156
365700,0.000605,0.000909,0.003071,0.006800,0.001136,0.000995,0.000991,0.002109,0.001350,0.000665,0.000147,0.000170
365800,0.000579,0.000935,0.003081,0.006983,0.001140,0.000992,0.000996,0.002113,0.001296,0.000593,0.000164,0.000153
365900,0.000615,0.000913,0.003071,0.006770,0.001132,0.000994,0.000993,0.002144,0.001187,0.000749,0.000156,0.000155
366000,0.000607,0.000886,0.003072,0.008021,0.001133,0.000995,0.000995,0.002120,0.001216,0.000638,0.000155,0.000160
366100,0.000603,0.000907,0.003071,0.006348,0.001145,0.000995,0.000998,0.002093,0.001294,0.000634,0.000144,0.000176
366200,0.000585,0.001009,0.003073,0.006084,0.001130,0.000997,0.000995,0.002102,0.001368,0.000671,0.000164,0.000158
366300,0.000598,0.000992,0.003076,0.006755,0.001129,0.000995,0.001001,0.002130,0.001228,0.000601,0.000164,0.000166
366400,0.000570,0.000984,0.003076,0.007483,0.001122,0.000993,0.000993,0.002113,0.001270,0.000594,0.000148,0.000153
366500,0.000562,0.001003,0.003078,0.007148,0.001137,0.000996,0.000995,0.002168,0.001242,0.000623,0.000149,0.000156
366600,0.000617,0.001002,0.003066,0.007372,0.001131,0.001002,0.000995,0.002171,0.001205,0.000600,0.000146,0.000168
366700,0.000589,0.000931,0.003077,0.006556,0.001129,0.000993,0.000993,0.002138,0.001251,0.000485,0.000148,0.000158
366800,0.000580,0.001082,0.003073,0.007802,0.001137,inf,0.000996,0.002118,0.001181,0.000703,0.000168,0.000168
366900,0.000625,0.000989,0.003071,0.006595,0.001142,0.000997,0.000996,0.002063,0.001365,0.000639,0.000158,0.000152
367000,0.000601,0.000997,0.003073,0.007443,0.001125,0.000994,0.000993,0.002127,0.001073,0.000624,0.000148,0.000162
367100,0.000600,0.000990,0.003072,0.005755,0.001138,0.000997,0.000996,0.002133,0.001159,0.000634,0.000151,0.000150
367200,0.000615,0.001000,0.003080,0.006349,0.001135,0.000994,0.000996,0.002117,0.001229,0.000578,0.000158,0.000178
367300,0.000614,0.000989,0.003073,0.007738,0.001142,0.000995,0.000992,0.002118,0.001033,0.000660,0.000169,0.000153
367400,0.000567,0.000921,0.003073,0.006468,0.001118,0.000994,0.000995,0.002137,0.001115,0.000636,0.000155,0.000153
367500,0.000586,0.000951,0.003071,0.007732,0.001133,0.000997,0.000997,0.002164,0.001067,0.000697,0.000141,0.000155
367600,0.000592,0.000970,0.003084,0.006377,0.001132,0.000995,0.000992,0.002128,0.001153,0.000679,0.000153,0.000162
367700,0.000587,0.000982,0.003071,0.006958,0.001143,0.000994,0.000995,0.002101,0.001307,0.000610,0.000150,0.000160
367800,0.000572,0.000879,0.003071,0.006504,0.001140,0.000993,0.000994,0.002115,0.001271,0.000645,0.000178,0.000166
367900,0.000564,0.000962,0.003074,0.006768,0.001128,0.000992,0.000993,0.002168,0.001190,0.000619,0.000156,0.000155
368000,0.000589,0.001015,0.003077,0.007021,0.001129,0.000996,0.000994,0.002119,0.001100,0.000556,0.000165,0.000160
368100,0.000605,0.000984,0.003081,0.006941,0.001128,0.000996,0.000997,0.002125,0.001371,0.000572,0.000144,0.000155
368200,0.000586,0.000942,0.003072,0.006499,0.001128,0.000996,0.000995,0.002081,0.001265,0.000559,0.000140,0.000170
368300,0.000584,0.000966,0.003075,0.007171,0.001139,0.000994,0.000994,0.002127,0.001244,0.000600,0.000145,0.000159
368400,0.000569,0.000994,0.003070,0.007401,0.001130,0.000997,0.000996,0.002129,0.001170,0.000672,0.000159,0.000160
368500,0.000598,0.000996,0.003071,0.006474,0.001131,0.000996,0.000994,0.002089,0.001165,0.000533,0.000144,0.000150
368600,0.000650,0.000974,0.003074,0.006965,0.001142,0.000995,0.000996,0.002122,0.001531,0.000634,0.000142,0.000158
368700,0.000590,0.001082,0.003073,0.006770,0.001123,0.000998,0.000996,0.002125,0.001458,0.000554,0.000160,0.000163
368800,0.000591,0.000981,0.003080,0.006065,0.001118,0.000993,0.000995,0.002105,0.001445,0.000607,0.000149,0.000151
368900,0.000610,0.000916,0.003070,0.006988,0.001126,0.000994,0.000995,0.002083,0.001337,0.000651,0.000163,0.000175
369000,0.000590,0.000987,0.003078,0.006563,0.001123,0.000992,0.000994,0.002126,0.001155,0.000684,0.000158,0.000162
369100,0.000598,0.001002,0.003071,0.006555,0.001128,0.000995,0.000997,0.002156,0.001334,0.000640,0.000157,0.000170
369200,0.000608,0.000942,0.003084,0.007239,0.001126,0.000996,0.000995,0.002136,0.001591,inf,0.000157,0.000158
369300,0.000598,0.000933,0.003069,0.006547,0.001130,0.000994,0.000991,0.002128,0.001268,0.000672,0.000155,0.000165
369400,0.000605,0.000956,0.003079,0.006747,0.001121,0.001000,0.000998,0.002113,0.001119,0.000733,0.000156,0.000158
369500,0.000575,0.000941,0.003069,0.008296,0.001124,0.000996,0.000998,0.002131,0.001250,0.000630,0.000162,0.000162
369600,0.000544,0.000911,0.003075,0.006972,0.001141,0.000994,0.000993,0.002140,0.001462,0.000668,0.000149,0.000170
369700,0.000622,0.000950,0.003082,0.006777,0.001118,0.000995,0.000994,0.002097,0.001177,0.000640,0.000154,0.000159
369800,0.000617,0.000930,0.003077,0.007733,0.001125,0.000994,0.000994,0.002131,0.001215,0.000639,0.000143,0.000163
369900,0.000593,0.000985,0.003076,0.006370,0.001126,0.000996,0.000994,0.002117,0.001145,0.000761,0.000187,0.000146
370000,0.000574,0.000984,0.003072,0.007256,0.001129,0.000997,0.000997,0.002127,0.001125,0.000594,0.000166,0.000154
370100,0.000583,0.000924,0.003076,0.006914,0.001133,0.000993,0.000995,0.002178,0.001328,0.000633,0.000147,0.000162
370200,0.000579,0.000937,0.003075,0.006226,0.001127,0.000993,0.000993,0.002124,0.001143,0.000642,0.000164,0.000165
370300,0.000570,0.000923,0.003070,0.006607,inf,0.000996,0.000993,0.002143,0.001381,0.000627,0.000153,0.000161
370400,0.000606,0.000929,0.003071,0.008533,0.001127,0.000996,0.000998,0.002139,0.001384,0.000638,0.000167,0.000160
370500,0.000587,0.000957,0.003074,0.007181,0.001143,0.001009,0.001002,0.002117,0.001614,0.000629,0.000167,0.000153
370600,0.000565,0.000975,0.003076,0.006601,0.001130,0.000995,0.000994,0.002176,0.001180,0.000613,0.000158,0.000156
370700,0.000605,0.000897,0.003077,0.006743,0.001138,0.000996,0.000999,0.002123,0.001279,0.000616,0.000150,0.000161
370800,0.000599,0.000984,0.003071,0.006412,0.001131,0.000997,0.000996,0.002099,0.001207,0.000616,0.000143,0.000164
370900,0.000595,0.001004,0.003073,0.005801,0.001126,0.000994,0.000995,0.002112,0.001153,0.000636,0.000150,0.000166
371000,0.000570,0.000928,0.003070,0.007116,0.001132,0.000992,0.000994,0.002091,0.001290,0.000626,0.000158,0.000158
371100,0.000588,0.001051,0.003078,0.006494,0.001135,0.000994,0.000996,0.002148,0.001345,0.000659,0.000158,0.000150
371200,0.000604,0.000974,0.003074,0.007526,0.001134,0.000993,0.000995,0.002121,0.001463,0.000693,0.000162,0.000152
371300,0.000613,0.000976,0.003077,0.006499,0.001139,0.000996,0.000990,0.002123,0.001240,0.000692,0.000162,0.000161
371400,0.000607,0.000985,0.003077,0.006521,0.001150,0.000999,0.000998,0.002132,0.001407,0.000702,0.000148,0.000155
371500,0.000591,0.000979,0.003068,0.005704,0.001126,0.000997,0.000996,0.002076,0.001160,0.000627,0.000164,0.000153
371600,0.000565,0.000921,0.003078,0.006947,0.001132,0.000996,0.000993,0.002141,0.001261,0.000652,0.000157,0.000158
371700,0.000642,0.001006,0.003074,0.007192,0.001111,0.000996,0.000997,0.002142,0.001365,0.000633,0.000152,0.000160
371800,0.000586,0.001020,0.003069,0.007682,0.001137,0.000994,0.000994,0.002114,0.001138,0.000624,0.000148,0.000157
371900,0.000575,0.001028,0.003076,0.006247,0.001121,0.000995,0.000993,0.002122,0.001407,0.000662,0.000157,0.000181
372000,0.000611,0.000964,0.003072,0.006058,0.001134,0.000997,0.000998,0.002121,0.001170,0.000604,0.000150,0.000160
372100,0.000610,0.000976,0.003074,0.006968,0.001123,0.000994,0.000992,0.002135,0.001222,0.000653,0.000154,0.000160
372200,0.000625,0.001052,0.003076,0.007739,0.001134,0.000994,0.000992,0.002128,0.001233,0.000545,0.000139,0.000164
372300,0.000597,0.001018,0.003075,0.006216,0.001131,0.000994,0.000995,0.002140,0.001315,0.000680,0.000158,0.000154
372400,0.000602,0.001002,0.003074,0.007853,0.001132,0.000993,0.000995,0.002103,0.001116,0.000672,0.000158,0.000153
372500,0.000578,0.000973,0.003082,0.006503,0.001123,0.000996,0.000998,0.002146,0.001314,0.000681,0.000148,0.000168
372600,0.000581,0.000947,0.003070,0.006389,0.001134,0.000989,0.000995,0.002100,0.001179,0.000624,0.000151,0.000154
372700,0.000594,0.000967,0.003066,0.006656,0.001126,0.001001,0.000999,0.002139,0.001138,0.000616,0.000175,0.000149
372800,0.000590,0.000973,0.003074,0.006780,0.001137,0.000994,0.000992,0.002120,0.001097,0.000599,0.000154,0.000161
372900,0.000599,0.001005,0.003073,0.007284,0.001132,0.000993,0.000994,0.002101,0.001137,0.000606,0.000144,0.000144
373000,0.000572,0.000936,0.003078,0.007061,0.001131,0.000993,0.000995,0.002126,0.001094,0.000645,0.000147,0.000163
373100,0.000582,0.000951,0.003074,0.006635,0.001139,0.000996,0.000994,0.002121,0.001313,0.000732,0.000154,0.000153
373200,0.000595,0.000992,0.003076,0.006802,0.001130,0.000995,0.000993,0.002123,0.001224,0.000678,0.000153,0.000150
373300,0.000599,0.000916,0.003073,0.006894,0.001127,0.000993,0.000994,0.002129,0.001162,0.000665,0.000153,0.000156
373400,0.000590,0.000954,0.003070,0.006964,0.001141,0.000995,0.000994,0.002094,0.001301,0.000641,0.000154,0.000148
373500,0.000581,0.000900,0.003074,0.006325,0.001134,0.000996,0.000995,0.002117,0.001083,0.000543,0.000141,0.000149
373600,0.000605,0.000954,0.003074,0.007947,0.001124,0.000991,0.001000,0.002116,0.001483,0.000588,0.000155,0.000170
373700,0.000594,0.000942,0.003072,0.006790,0.001132,0.000998,0.000996,0.002106,0.001197,0.000582,0.000172,0.000147
373800,0.000605,0.000878,0.003072,0.006326,0.001129,0.000992,0.000994,0.002157,0.001210,0.000648,0.000163,0.000156
373900,0.000593,0.000971,0.003075,0.006255,0.001127,0.000994,0.000995,0.002137,0.001259,0.000634,0.000151,0.000160
374000,0.000573,0.000913,0.003072,0.006761,0.001124,0.000997,0.000997,0.002143,0.001302,0.000689,0.000158,0.000151
374100,0.000566,0.000973,0.003084,0.006769,0.001125,0.000995,0.000995,0.002107,0.001123,0.000586,0.000147,0.000150
374200,0.000585,0.001065,0.003067,0.007325,0.001131,0.000993,0.000995,0.002072,0.001129,0.000668,0.000158,0.000148
374300,0.000596,0.000938,0.003077,0.006217,0.001123,0.000996,0.000995,0.002139,0.001115,0.000709,0.000160,0.000163
374400,0.000616,0.000978,0.003073,0.008111,0.001137,0.001007,0.001000,0.002120,0.001283,0.000696,0.000159,0.000163
374500,0.000585,0.000927,0.003072,0.006751,0.001120,0.000994,0.000993,0.002154,0.001302,0.000682,0.000161,0.000154
374600,0.000563,0.000876,0.003079,0.006757,0.001131,0.000998,0.000996,0.002158,0.001263,0.000688,0.000151,0.000162
374700,0.000601,0.000951,0.003076,0.006257,0.001126,0.000996,0.000996,0.002110,0.001225,0.000657,0.000154,0.000154
374800,0.000585,0.001001,0.003077,0.007350,0.001114,0.000995,0.000997,0.002135,0.001136,0.000659,0.000146,0.000162
374900,0.000578,0.000940,0.003074,0.006771,0.001133,0.000995,0.000993,0.002145,0.001624,0.000670,0.000155,0.000163
375000,0.000607,0.000951,0.003071,0.007697,0.001140,0.001001,0.000995,0.002119,0.001232,0.000625,0.000163,0.000151
375100,0.000584,0.000993,0.003072,0.007414,0.001131,0.000991,0.000995,0.002147,0.001679,0.000616,0.000154,0.000159
375200,0.000576,0.000905,0.003081,0.006506,0.001123,0.000993,0.000993,0.002115,0.001165,0.000714,0.000160,0.000157
375300,0.000574,0.000938,0.003069,0.005618,0.001140,0.000997,0.000997,0.002155,0.001275,0.000698,0.000184,0.000169
375400,0.000571,0.000993,0.003072,0.006962,0.001142,0.000995,0.000994,0.002125,0.001083,0.000734,0.000157,0.000152
375500,0.000599,0.000982,0.003077,0.007332,0.001137,0.000995,0.000996,0.002114,0.001108,0.000714,0.000161,0.000158
375600,0.000620,0.000929,0.003075,0.006926,0.001135,0.000992,0.000996,0.002115,0.001168,0.000678,0.000160,0.000152
375700,0.000560,0.000911,0.003062,0.006402,0.001130,0.000995,0.000993,0.002103,0.001121,0.000606,0.000143,0.000160
375800,0.000618,0.001008,0.003074,0.005625,0.001130,0.000993,0.000996,0.002125,0.001217,0.000589,0.000163,0.000148
375900,0.000609,0.001001,0.003078,0.006735,0.001133,0.001000,0.000996,0.002123,0.001199,0.000611,0.000147,0.000155
376000,0.000606,0.000905,0.003068,0.005985,0.001124,0.000996,0.000997,0.002132,0.001218,0.000805,0.000157,0.000157
376100,0.000619,0.000966,0.003072,0.006027,0.001124,0.000992,0.000995,0.002142,0.001271,0.000683,0.000160,0.000163
376200,0.000658,0.000938,0.003077,0.007494,0.001134,0.000993,0.000995,0.002170,0.001397,0.000571,0.000160,0.000182
376300,0.000570,0.000933,0.003077,0.006790,0.001118,0.000995,0.000994,0.002120,0.001318,0.000669,0.000145,0.000143
376400,0.000613,0.000957,0.003077,0.006544,0.001145,0.000998,0.000996,0.002112,0.001072,0.000639,0.000145,0.000161
376500,0.000591,0.001052,0.003072,0.005968,0.001127,0.000994,0.000995,0.002136,0.001220,0.000557,0.000191,0.000161
376600,0.000591,0.000955,0.003077,0.006742,0.001130,0.000997,0.000995,0.002124,0.001269,0.000706,0.000149,0.000163
376700,0.000591,0.000971,0.003070,0.007770,0.001127,0.000994,0.000992,0.002154,0.001136,0.000647,0.000168,0.000167
376800,0.000580,0.000945,0.003078,0.006750,0.001125,0.000993,0.000998,0.002149,0.001179,0.000660,0.000154,0.000176
376900,0.000579,0.000965,0.003072,0.007262,0.001124,0.000998,0.000996,0.002107,0.001373,0.000676,0.000160,0.000159
377000,0.000597,0.001095,0.003072,0.006920,0.001114,0.000995,0.000993,0.002167,0.001118,0.000639,0.000152,0.000158
377100,0.000601,0.000941,0.003084,0.005519,0.001136,0.000995,0.000993,0.002121,0.001330,0.000625,0.000141,0.000161
377200,0.000589,0.000997,0.003076,0.006730,0.001124,0.000995,0.000995,0.002160,0.001405,0.000695,0.000145,0.000162
377300,0.000611,0.000943,0.003069,0.007024,0.001139,0.000996,0.000996,0.002102,0.001183,0.000711,0.000143,0.000151
377400,0.000568,0.000966,0.003085,0.006739,0.001129,0.000995,0.000993,0.002156,0.001473,0.000615,0.000169,0.000156
377500,0.000610,0.000976,0.003071,0.006597,0.001121,0.000992,0.000995,0.002103,0.001188,0.000655,0.000144,0.000156
377600,0.000588,0.001047,0.003074,0.005841,0.001137,0.000993,0.000994,0.002150,0.001222,0.000607,0.000151,0.000169
377700,0.000589,0.000976,0.003072,0.007082,0.001147,0.000994,0.000991,0.002138,0.002112,0.000549,0.000153,0.000156
377800,0.000587,0.000930,0.003074,0.006753,0.001113,0.000994,0.000995,0.002120,0.001400,0.000715,0.000145,0.000162
377900,0.000561,0.000971,0.003078,0.006163,0.001132,0.000999,0.000995,0.002104,0.001272,0.000659,0.000150,0.000157
378000,0.000583,0.001049,0.003074,0.007370,0.001141,0.000995,0.000994,0.002107,0.001106,0.000601,0.000148,0.000157
378100,0.000607,0.000994,0.003078,0.006080,0.001127,0.000996,0.000992,0.002111,0.001293,0.000528,0.000140,0.000156
378200,0.000567,0.000975,0.003073,0.006563,0.001143,0.000995,0.000995,0.002097,0.001297,0.000691,0.000152,0.000151
378300,0.000606,0.000958,0.003068,0.007021,0.001131,0.000998,0.000998,0.002184,0.001596,0.000703,0.000149,0.000174
378400,0.000633,0.000947,0.003074,0.006773,0.001133,0.000993,0.000993,0.002128,0.001171,0.000610,0.000157,0.000170
378500,0.000606,0.000971,0.003071,0.006548,0.001134,0.000994,0.000997,0.002169,0.001267,0.000695,0.000150,0.000167
378600,0.000610,0.000936,0.003075,0.006762,0.001138,0.000997,0.000996,0.002117,0.001253,0.000767,0.000143,0.000157
378700,0.000589,0.000958,0.003071,0.007075,0.001139,0.000994,0.000995,0.002157,0.001375,0.000604,0.000159,0.000159
378800,0.000584,0.000948,0.003079,0.006019,0.001129,0.000995,0.000993,0.002115,0.001175,0.000659,0.000146,0.000154
378900,0.000574,0.000993,0.003069,0.007305,0.001126,0.000998,0.000998,0.002162,0.001102,0.000684,0.000144,0.000162
379000,0.000612,0.000955,0.003068,0.006583,0.001138,0.000994,0.000992,0.002112,0.001299,0.000578,0.000135,0.000151
379100,0.000592,0.000864,0.003075,0.006763,0.001133,0.000995,0.000993,0.002097,0.001201,0.000689,0.000163,0.000153
379200,0.000576,0.001025,0.003073,0.006548,0.001132,0.000997,0.000997,0.002120,0.001182,0.000606,0.000148,0.000167
379300,0.000585,0.000873,0.003073,0.006778,0.001135,0.000996,0.000994,0.002096,0.001163,0.000644,0.000161,0.000154
379400,0.000553,0.000956,0.003072,0.006992,0.001133,0.000995,0.000992,0.002160,0.001323,0.000567,0.000154,0.000168
379500,0.000587,0.000957,0.003079,0.007375,0.001139,0.000994,0.000993,0.002127,0.001105,0.000606,0.000145,0.000181
379600,0.000592,0.000925,0.003076,0.007061,0.001127,0.000994,0.000995,0.002104,0.001128,0.000650,0.000148,0.000150
379700,0.000595,0.000994,0.003073,0.007169,0.001122,0.000992,0.000992,0.002122,0.001209,0.000671,0.000138,0.000155
379800,0.000619,0.000929,0.003077,0.006412,0.001121,0.000996,0.001004,0.002123,0.001198,0.000700,0.000141,0.000151
379900,0.000558,0.000937,0.003075,0.006740,0.001128,0.000995,0.000996,0.002140,0.001137,0.000609,0.000152,0.000157
380000,0.000577,0.000924,0.003072,0.006164,0.001128,0.000996,0.000992,0.002077,0.001103,0.000668,0.000151,0.000147
380100,0.000596,0.001028,0.003076,0.006760,0.001139,0.000994,0.000996,0.002124,0.001141,0.000556,0.000150,0.000148
380200,0.000600,0.000935,0.003064,0.006557,0.001131,0.000997,0.000996,0.002104,0.001266,0.000670,0.000163,0.000154
380300,0.000568,0.000998,0.003078,0.006476,0.001165,0.000996,0.000997,0.002134,0.001247,0.000626,0.000175,0.000160
380400,0.000572,0.001025,0.003071,0.006785,0.001130,0.000992,0.000994,0.002150,0.001240,0.000682,0.000167,0.000176
380500,0.000631,0.001000,0.003076,0.007210,0.001143,0.000997,0.000997,0.002159,0.001068,0.000578,0.000151,0.000153
380600,0.000615,0.000948,0.003072,0.005863,0.001142,0.000994,0.000995,0.002136,0.001194,0.000656,0.000164,0.000148
380700,0.000583,0.000970,0.003070,0.006807,0.001144,0.000994,0.000996,0.002155,0.001559,0.000793,0.000151,0.000158
380800,0.000616,0.000986,0.003076,0.006499,0.001131,0.000995,0.000993,0.002170,0.001289,0.000608,0.000157,0.000166
380900,0.000597,0.000977,0.003069,0.007097,0.001137,0.000995,0.000995,0.002150,0.001133,0.000682,0.000151,0.000155
381000,0.000618,0.000950,0.003073,0.006787,0.001115,0.000993,0.000993,0.002147,0.001201,0.000704,0.000151,0.000164
381100,0.000580,0.000965,0.003083,0.006395,0.001129,0.000994,0.000996,0.002117,0.001441,0.000699,0.000157,0.000162
381200,0.000633,0.000990,0.003074,0.006292,0.001152,0.000995,0.000997,0.002125,0.001480,0.000719,0.000148,0.000162
381300,0.000588,0.000956,0.003073,0.006819,0.001130,0.000994,0.000994,0.002175,0.001213,0.000606,0.000167,0.000155
381400,0.000594,0.001013,0.003076,0.007437,0.001134,0.000994,0.000994,0.002094,0.001130,0.000705,0.000162,0.000164
381500,0.000622,0.001044,0.003074,0.006325,0.001138,0.000994,0.000995,0.002118,0.001239,0.000638,0.000150,0.000153
381600,0.000623,0.000935,0.003068,0.006966,0.001116,0.000995,0.000995,0.002111,0.001277,0.000685,0.000147,0.000162
381700,0.000585,0.001024,0.003074,0.006177,0.001127,0.000993,0.000991,0.002101,0.001193,0.000633,0.000159,0.000141
381800,0.000597,0.000936,0.003073,0.007403,0.001144,0.000996,0.000995,0.002110,0.001366,0.000635,0.000157,0.000155
381900,0.000619,0.000901,0.003073,0.006540,0.001126,0.000995,0.000994,0.002135,0.001181,0.000622,0.000159,0.000166
382000,0.000585,0.000958,0.003083,0.005900,0.001140,0.000992,0.000990,0.002125,0.001448,0.000570,0.000158,0.000161
382100,0.000587,0.000910,0.003079,0.006762,0.001126,0.000993,0.000995,0.002167,0.001203,0.000561,0.000151,0.000149
382200,0.000637,0.000965,0.003071,0.007541,0.001127,0.000992,0.000993,0.002135,0.001017,0.000655,0.000145,0.000161
382300,0.000603,0.000990,0.003105,0.006461,0.001133,0.000999,0.001004,0.002119,0.001097,0.000681,0.000152,0.000156
382400,inf,0.001009,0.003072,0.007623,0.001132,0.000994,0.000996,0.002115,0.001090,0.000624,0.000146,0.000164
382500,0.000618,0.000967,0.003071,0.008175,0.001151,0.000999,0.000996,0.002152,0.001167,0.000693,0.000142,0.000151
382600,0.000607,0.001057,0.003072,0.007298,0.001130,0.000995,0.000994,0.002120,0.001087,0.000637,0.000148,0.000153
382700,0.000598,0.000965,0.003072,0.007622,0.001146,0.000994,0.000994,0.002143,0.001198,0.000612,0.000158,0.000158
382800,0.000575,0.000985,0.003079,0.007326,0.001135,0.000995,0.000996,0.002169,0.001172,0.000582,0.000171,0.000158
382900,0.000597,0.000912,0.003076,0.007376,0.001135,0.000995,0.000994,0.002112,0.001174,0.000748,0.000149,0.000155
383000,0.000601,0.000976,0.003074,0.006746,0.001127,0.000992,0.000993,0.002108,0.001222,0.000749,0.000138,0.000154
383100,0.000583,0.000965,0.003080,0.007097,0.001121,0.000993,0.000996,0.002128,0.001245,0.000601,0.000150,0.000152
383200,0.000590,0.000935,0.003071,0.005996,0.001130,0.000992,0.000996,0.002124,0.001354,0.000596,0.000153,0.000163
383300,0.000534,0.000913,0.003074,0.007012,0.001134,0.000997,0.000992,0.002098,0.001071,0.000632,0.000165,0.000159
383400,0.000600,0.000918,0.003075,0.007353,0.001133,0.000995,0.000994,0.002105,0.001170,0.000608,0.000152,0.000154
383500,0.000582,0.000969,0.003075,0.007167,0.001146,0.000997,0.000997,0.002108,0.001257,0.000689,0.000159,0.000181
383600,0.000594,0.000999,0.003067,0.006779,0.001140,0.000991,0.000993,0.002123,0.001251,0.000658,0.000153,0.000152
383700,0.000590,0.000917,0.003074,0.006965,0.001131,0.000994,0.000995,0.002129,0.001332,0.000591,0.000153,0.000169
383800,0.000594,0.000976,inf,0.006364,0.001133,0.000998,0.000997,0.002118,0.001097,0.000696,0.000155,0.000162
383900,0.000570,0.000909,0.003078,0.006777,0.001133,0.000995,0.000993,0.002161,0.001175,0.000669,0.000179,0.000155
384000,0.000583,0.001019,0.003069,0.006462,0.001131,0.000993,0.000997,0.002140,0.001134,0.000626,0.000170,0.000177
384100,0.000589,0.000900,0.003072,0.006261,0.001140,0.000995,0.000995,0.002143,0.001341,0.000679,0.000154,0.000162
384200,0.000627,0.000966,0.003072,0.007800,0.001126,0.000992,0.000995,0.002090,0.001258,0.000718,0.000150,0.000158
384300,0.000604,0.001021,0.003071,0.007726,0.001133,0.000994,0.000997,0.002141,0.001197,0.000603,0.000162,0.000158
384400,0.000595,0.000954,0.003077,0.006769,0.001124,0.000995,0.000995,0.002096,0.001341,0.000716,0.000148,0.000162
384500,0.000624,0.000905,0.003075,0.006520,0.001140,0.000995,0.000996,0.002146,0.001229,0.000671,0.000148,0.000161
384600,0.000611,0.000945,0.003074,0.007225,0.001116,0.000994,0.000992,0.002166,0.001259,0.000641,0.000162,0.000174
384700,0.000581,0.000924,0.003076,0.007601,0.001126,0.000993,0.000997,0.002119,0.001108,0.000685,0.000150,0.000150
384800,0.000598,0.000927,0.003073,0.007372,0.001132,0.000996,0.000997,0.002151,0.001122,0.000564,0.000144,0.000169
384900,0.000604,0.000930,0.003071,0.006252,0.001127,0.000995,0.000992,0.002165,0.001187,0.000650,0.000158,0.000154
385000,0.000604,0.000934,0.003076,0.006173,0.001138,0.000993,0.000994,0.002104,inf,0.000594,0.000137,0.000155
385100,0.000600,0.000959,0.003067,0.006777,0.001132,0.000997,0.000995,0.002137,0.001120,0.000657,0.000143,0.000151
385200,0.000558,0.000941,0.003073,0.007382,0.001140,0.000995,0.000994,0.002099,0.001323,0.000636,0.000159,0.000147
385300,0.000549,0.000946,0.003077,0.006968,0.001122,0.000994,0.000993,0.002133,0.001149,0.000565,0.000157,0.000155
385400,0.000594,0.000999,0.003076,0.005858,0.001124,0.000995,0.000995,0.002111,0.001116,0.000530,0.000160,0.000151
385500,0.000561,0.000983,0.003074,0.006992,0.001138,0.000995,0.000992,0.002085,0.001133,0.000706,0.000144,0.000148
385600,0.000587,0.000984,0.003080,0.007340,0.001126,0.000993,0.000996,0.002155,0.001215,0.000629,0.000165,0.000149
385700,0.000591,0.000947,0.003069,0.006240,0.001128,0.000996,0.000996,0.002139,0.001255,0.000611,0.000131,0.000162
385800,0.000594,0.000999,0.003077,0.005864,0.001130,0.000995,0.000995,0.002156,0.001174,0.000626,0.000152,0.000160
385900,0.000595,0.001002,0.003075,0.006352,0.001136,0.000994,0.000992,0.002139,0.001244,0.000634,0.000163,0.000158
386000,0.000578,0.001025,0.003068,0.006354,0.001125,0.000996,0.000994,0.002142,0.001348,0.000734,0.000155,0.000199
386100,0.000576,0.000949,0.003081,0.006374,0.001134,0.000995,0.000994,0.002152,0.001247,0.000643,0.000152,0.000153
386200,0.000593,0.000884,0.003067,0.006730,0.001138,0.000998,0.000996,0.002163,0.001385,0.000627,0.000147,0.000150
386300,0.000605,0.000986,0.003077,0.007124,0.001127,0.000996,0.000992,0.002138,0.001231,0.000602,0.000142,0.000151
386400,0.000592,0.000933,0.003075,0.006770,0.001130,0.000995,0.000996,0.002111,0.001188,0.000700,0.000150,0.000150
386500,0.000585,0.000934,0.003070,0.007057,0.001134,0.000994,0.000996,0.002148,0.001255,0.000653,0.000167,0.000158
386600,0.000594,0.000890,0.003074,0.006210,0.001127,0.000993,0.000993,0.002128,0.001362,0.000688,0.000146,0.000160
386700,0.000590,0.000949,0.003071,0.007353,0.001130,0.000999,0.000996,0.002107,0.001133,0.000700,0.000156,0.000153
386800,0.000580,0.000942,0.003076,0.007322,0.001142,0.000995,0.000994,0.002118,0.001164,0.000656,0.000152,0.000155
386900,0.000600,0.000962,0.003074,0.006932,0.001128,0.000997,0.000993,0.002121,0.001213,0.000643,0.000143,0.000153
387000,0.000599,0.000923,0.003076,0.006773,0.001132,0.000993,0.000995,0.002091,0.001188,0.000623,0.000151,0.000168
387100,0.000587,0.001015,0.003070,0.006556,0.001122,0.000996,0.000996,0.002146,0.001152,0.000626,0.000151,0.000162
387200,0.000570,0.000945,0.003085,0.006370,0.001130,0.000996,0.000994,0.002117,0.001395,0.000655,0.000153,0.000157
387300,0.000591,0.000981,0.003072,0.006545,0.001138,0.000994,0.000994,0.002110,0.001278,0.000616,0.000143,0.000173
387400,0.000596,0.000965,0.003073,0.006033,0.001138,0.000995,0.000992,0.002134,0.001217,0.000609,0.000158,0.000161
387500,0.000607,0.000931,0.003072,0.006170,0.001134,0.000992,0.000993,0.002155,0.001183,0.000575,0.000169,0.000156
387600,0.000592,0.000951,0.003074,0.006502,0.001130,0.000992,0.000993,0.002158,0.001190,0.000731,0.000150,0.000152
387700,0.000609,0.000913,0.003084,0.006280,0.001141,0.000996,0.000998,0.002120,0.001110,0.000625,0.000141,0.000164
387800,0.000605,0.000927,0.003074,0.006798,0.001124,0.000997,0.000996,0.002112,0.001153,0.000671,0.000156,0.000152
387900,0.000560,0.000889,0.003078,0.006503,0.001134,0.000995,0.000993,0.002158,0.001250,0.000671,0.000174,0.000152
388000,0.000583,0.000967,0.003074,0.007663,0.001117,0.000990,0.000993,0.002165,0.001206,0.000684,0.000159,0.000156
388100,0.000589,0.000994,0.003065,0.007602,0.001125,0.000997,0.000998,0.002130,0.001043,0.000584,0.000146,0.000171
388200,0.000596,0.000940,0.003074,0.006255,0.001130,0.000996,0.001000,0.002183,0.001474,0.000527,0.000146,0.000149
388300,0.000592,0.000967,0.003075,0.005940,0.001145,0.000996,0.000995,0.002126,0.001311,0.000634,0.000151,0.000188
388400,0.000627,0.000948,0.003074,0.006461,0.001136,0.000996,0.000993,0.002113,0.001180,0.000633,0.000149,0.000161
388500,0.000596,0.000939,0.003064,0.007008,0.001127,0.000995,0.000993,0.002133,0.001438,0.000622,0.000156,0.000167
388600,0.000616,0.001046,0.003077,0.006392,0.001121,0.000995,0.000997,0.002099,0.001192,0.000668,0.000153,0.000156
388700,0.000597,0.001032,0.003070,0.007004,0.001134,0.000995,0.000995,inf,0.001097,0.000690,0.000144,0.000162
388800,0.000582,0.001037,0.003077,0.007012,0.001130,0.000996,0.000994,0.002134,0.001126,0.000647,0.000160,0.000157
388900,0.000620,0.000996,0.003070,0.006989,0.001112,0.000994,0.000991,0.002099,0.001158,0.000670,0.000146,0.000157
389000,0.000579,0.000970,0.003074,0.007209,0.001149,0.000998,0.000995,0.002137,0.001190,0.000705,0.000163,0.000157
389100,0.000621,0.000967,0.003074,0.006568,0.001123,0.000997,0.000996,0.002160,0.001309,0.000661,0.000145,0.000161
389200,0.000610,0.000971,0.003072,0.006787,0.001125,0.000995,0.000992,0.002102,0.001299,0.000679,0.000161,0.000164
389300,0.000592,0.000987,0.003076,0.007204,0.001136,0.000992,0.000994,0.002117,0.001163,0.000674,0.000155,0.000164
389400,0.000627,0.000954,0.003077,0.007261,0.001132,0.000996,0.000995,0.002112,0.001155,0.000626,0.000145,0.000152
389500,0.000576,0.000959,0.003076,0.006253,0.001133,0.000992,0.000990,0.002112,0.001125,0.000644,0.000148,0.000152
389600,0.000613,0.000952,0.003075,0.006218,0.001133,0.000997,0.000997,0.002106,0.001248,0.000652,0.000136,0.000144
389700,0.000587,0.000976,0.003073,0.006912,0.001133,0.000991,0.000993,0.002151,0.001078,0.000656,0.000162,0.000155
389800,0.000606,0.000947,0.003073,0.006264,0.001140,0.000994,0.000994,0.002125,0.001259,0.000726,0.000185,0.000150
389900,0.000609,0.000978,0.003073,0.006471,0.001134,0.000995,0.000995,0.002112,0.001354,0.000648,0.000155,0.000147
390000,0.000552,0.000954,0.003070,0.006757,0.001116,0.000994,0.000997,0.002139,0.001137,0.000707,0.000148,0.000156
390100,0.000591,0.001013,0.003073,0.006425,0.001138,0.000999,0.000996,0.002127,0.001309,0.000769,0.000159,0.000145
390200,0.000628,0.001000,0.003079,0.006493,0.001125,0.000993,0.000995,0.002128,0.001391,0.000662,0.000178,0.000153
390300,0.000620,0.001009,0.003072,0.006776,0.001127,0.000996,0.000996,0.002114,0.001125,0.000637,0.000150,0.000164
390400,0.000591,0.000977,0.003073,0.007756,0.001140,0.000996,0.000992,0.002115,0.001218,0.000644,0.000157,0.000158
390500,0.000629,0.000997,0.003073,0.007748,0.001128,0.000993,0.000993,0.002172,0.001137,0.000625,0.000163,0.000174
390600,0.000632,0.000929,0.003075,0.006380,0.001129,0.000993,0.000992,0.002153,0.001095,0.000642,0.000157,0.000157
390700,0.000609,0.000928,0.003068,0.006963,0.001125,0.000999,0.000995,0.002156,0.001104,0.000535,0.000149,0.000148
390800,0.000636,0.001030,0.003073,0.007283,0.001130,0.000991,0.000992,0.002148,0.001132,0.000621,0.000142,0.000160
390900,0.000579,0.000988,0.003085,0.006744,0.001135,0.000992,0.000992,0.002157,0.001127,0.000662,0.000150,0.000151
391000,0.000589,0.000925,0.003075,0.006449,0.001135,0.001000,0.000998,0.002147,0.001188,0.000709,0.000159,0.000156
391100,0.000596,0.001003,0.003075,0.006329,0.001126,0.000994,0.000995,0.002137,0.001091,0.000647,0.000169,0.000156
391200,0.000616,0.000947,0.003074,0.005693,0.001134,0.000996,0.000996,0.002079,0.001179,0.000673,0.000159,0.000159
391300,0.000591,0.000906,0.003075,0.006592,0.001118,0.000993,0.000995,0.002083,0.001211,0.000600,0.000149,0.000161
391400,0.000589,0.001046,0.003065,0.005660,0.001137,0.000994,0.000993,0.002109,0.001334,0.000664,0.000151,0.000163
391500,0.000617,0.001024,0.003073,0.006987,0.001129,0.000994,0.000995,0.002031,0.001113,0.000623,0.000143,0.000148
391600,0.000604,0.000941,0.003072,0.007282,0.001145,0.000996,0.000999,0.002117,0.001725,0.000695,0.000159,0.000150
391700,0.000628,0.001031,0.003078,0.007548,0.001138,0.000993,0.000996,0.002133,0.001232,0.000671,0.000160,0.000163
391800,0.000616,0.000972,0.003073,0.007031,0.001136,0.000992,0.000994,0.002117,0.001255,0.000669,0.000149,0.000158
391900,0.000567,0.001014,0.003078,0.006389,0.001124,0.000993,0.000993,0.002148,0.001298,0.000749,0.000160,0.000163
392000,0.000636,0.000939,0.003070,0.007047,0.001127,0.000994,0.000994,0.002108,0.001210,0.000642,0.000164,0.000156
392100,0.000616,0.000936,0.003091,0.006977,0.001119,0.001010,0.001005,0.002132,0.001089,0.000636,0.000148,0.000152
392200,0.000623,0.001015,0.003070,0.005653,0.001136,0.000993,0.000996,0.002121,0.001274,0.000685,0.000149,0.000157
392300,0.000622,0.000973,0.003070,0.005626,0.001127,0.000997,0.000996,0.002123,0.001161,0.000773,0.000152,0.000147
392400,0.000589,0.001011,0.003072,0.006925,0.001130,0.000995,0.000995,0.002108,0.001134,0.000684,0.000144,0.000156
392500,0.000628,0.000913,0.003072,0.007426,0.001143,0.000996,0.000991,0.002158,0.001027,0.000610,0.000160,0.000150
392600,0.000607,0.001007,0.003080,0.006572,0.001131,0.000995,0.000995,0.002146,0.001358,0.000684,0.000147,0.000160
392700,0.000586,0.000966,0.003076,0.005677,0.001130,0.000996,0.000994,0.002145,0.001251,0.000623,0.000177,0.000154
392800,0.000603,0.000959,0.003079,0.005341,0.001130,0.000995,0.000994,0.002164,0.001579,0.000670,0.000171,0.000161
392900,0.000580,0.000971,0.003076,0.007164,0.001136,0.000995,0.000994,0.002163,0.001237,0.000531,0.000147,0.000163
393000,0.000612,0.000877,0.003071,0.007407,0.001137,0.000996,0.000994,0.002101,0.001117,0.000665,0.000135,0.000150
393100,0.000600,0.000958,0.003074,0.006795,0.001140,0.000992,0.000994,0.002134,0.001192,0.000685,0.000157,0.000161
393200,0.000614,0.000981,0.003070,0.007680,0.001130,0.000993,0.000993,0.002155,0.001239,0.000691,0.000146,0.000160
393300,0.000648,0.000951,0.003077,0.007434,0.001135,0.000995,0.000996,0.002119,0.001208,0.000556,0.000161,0.000156
393400,0.000559,0.000941,0.003071,0.006539,0.001139,0.000994,0.000992,0.002126,0.001032,0.000649,0.000152,0.000152
393500,0.000591,0.000975,0.003078,0.006785,0.001122,0.000997,0.000995,0.002144,0.001075,0.000619,0.000162,0.000165
393600,0.000624,0.000952,0.003069,0.006972,0.001136,0.000997,0.000996,0.002125,0.001168,0.000532,0.000162,0.000164
393700,0.000598,0.001029,0.003080,0.005624,0.001135,0.000994,0.000993,0.002127,0.001432,0.000626,0.000154,0.000155
393800,0.000617,0.000947,0.003073,0.007144,0.001126,0.000996,0.000994,0.002104,0.001422,0.000624,0.000160,0.000165
393900,0.000623,0.000978,0.003069,0.006598,0.001136,0.000992,0.000991,0.002126,0.001378,0.000614,0.000155,0.000174
394000,0.000605,0.000925,0.003076,0.005937,0.001128,0.000997,0.000995,0.002094,0.001415,0.000632,0.000146,0.000152
394100,0.000609,0.001027,0.003072,0.007600,0.001134,0.000993,0.000995,0.002158,0.001412,0.000612,0.000154,0.000163
394200,0.000632,0.000994,0.003080,0.006618,0.001129,0.000994,0.000997,0.002091,0.001123,0.000710,0.000155,0.000165
394300,0.000556,0.000954,0.003075,0.007579,0.001128,0.000995,0.000994,0.002129,0.001217,0.000695,0.000149,0.000159
394400,0.000590,0.000956,0.003076,0.006561,0.001121,0.000993,0.000994,0.002142,0.001459,0.000683,0.000145,0.000162
394500,0.000573,0.000991,0.003074,0.005948,0.001141,0.000994,0.000993,0.002141,0.001260,0.000719,0.000158,0.000154
394600,0.000603,0.000942,0.003073,0.005931,0.001133,0.000996,0.000995,0.002109,0.001156,0.000671,0.000167,0.000150
394700,0.000591,0.000958,0.003069,0.006974,0.001117,0.000994,0.000994,0.002133,0.001223,0.000632,0.000147,0.000151
394800,0.000579,0.000979,0.003078,0.006961,0.001117,0.000993,0.000993,0.002099,0.001151,0.000806,0.000146,0.000156
394900,0.000589,0.000930,0.003067,0.006754,0.001135,0.000995,0.000996,0.002108,0.001406,0.000572,0.000143,0.000171
395000,0.000605,0.000951,0.003075,0.007368,0.001148,0.000995,0.000996,0.002122,0.001256,0.000689,0.000155,0.000159
395100,0.000599,0.000987,0.003078,0.006960,0.001133,0.000992,0.000992,0.002075,0.001191,0.000614,0.000151,0.000156
395200,0.000577,0.000923,0.003076,0.006512,0.001141,0.000991,0.000993,0.002108,0.001080,0.000678,0.000168,0.000159
395300,0.000583,0.000951,0.003075,0.007175,0.001130,0.000995,0.000997,0.002159,0.001104,0.000670,0.000153,0.000160
395400,0.000604,0.001017,0.003071,0.007215,0.001124,0.000992,0.000994,0.002136,0.001183,0.000696,0.000130,0.000159
395500,0.000602,0.000967,0.003073,0.006961,0.001134,0.000997,0.000998,0.002162,0.001110,0.000635,0.000139,0.000154
395600,0.000584,0.000972,0.003073,0.007737,0.001134,0.000996,0.000994,0.002137,0.001170,0.000661,0.000143,0.000149
395700,0.000582,0.001028,0.003076,0.007825,0.001136,0.000992,0.000994,0.002175,0.001165,0.000648,0.000140,0.000166
395800,0.000705,0.000971,0.003074,0.006480,0.001127,0.000994,0.000998,0.002175,0.001216,0.000784,0.000141,0.000150
395900,0.000574,0.000981,0.003079,0.006757,0.001130,0.000994,0.000994,0.002123,0.001193,0.000677,0.000151,0.000146
396000,0.000591,0.000981,0.003072,0.007193,0.001127,0.000995,0.001004,0.002127,0.001257,0.000598,0.000147,0.000166
396100,0.000594,0.000984,0.003077,0.006592,0.001128,0.000995,0.000994,0.002118,0.001429,0.000613,0.000152,0.000170
396200,0.000618,0.000983,0.003074,0.006784,0.001134,0.000995,0.000998,0.002155,0.001188,0.000657,0.000153,0.000163
396300,0.000619,0.001070,0.003070,0.006779,0.001128,0.000996,0.000991,0.002121,0.001087,0.000653,0.000151,0.000139
396400,0.000596,0.000983,0.003075,0.007281,0.001135,0.000993,0.000997,0.002143,0.001191,0.000763,0.000142,0.000156
396500,0.000646,0.000969,0.003064,0.006526,0.001123,0.000995,0.000993,0.002104,0.001165,0.000580,0.000147,0.000150
396600,0.000568,0.000899,0.003077,0.006938,0.001130,0.000994,0.000995,0.002165,0.001321,0.000625,0.000165,0.000152
396700,0.000591,0.000970,0.003075,0.006490,0.001127,0.000993,0.000994,0.002141,0.001123,0.000578,0.000154,0.000149
396800,0.000590,0.000953,0.003075,0.007317,0.001135,0.000996,0.000992,0.002099,0.001211,0.000668,0.000156,0.000169
396900,0.000612,0.001020,0.003072,0.006280,0.001127,0.000997,0.000996,0.002143,0.001290,0.000633,0.000162,0.000153
397000,0.000595,0.000949,0.003084,0.007640,0.001121,0.000993,0.000994,0.002287,0.001153,0.000686,0.000134,0.000149
397100,0.000583,0.000946,0.003071,0.007315,0.001136,0.000993,0.000990,0.002136,0.001447,0.000624,0.000187,0.000170
397200,0.000592,0.001018,0.003077,0.007020,0.001132,0.000994,0.000995,0.002098,0.001292,0.000647,0.000156,0.000160
397300,0.000557,0.000954,0.003071,0.006542,0.001134,0.000992,0.000993,0.002132,0.001067,0.000656,0.000146,0.000152
397400,0.000581,0.000939,0.003073,0.007601,0.001125,0.000993,0.000991,0.002123,0.001205,0.000640,0.000154,0.000162
397500,0.000606,0.000978,0.003081,0.006571,0.001124,0.000997,0.000997,0.002138,0.001114,0.000626,0.000157,0.000156
397600,0.000598,0.001036,0.003073,0.006325,0.001142,0.000992,0.000995,0.002159,0.001261,0.000578,0.000161,0.000160
397700,0.000629,0.000955,0.003077,0.006951,0.001131,inf,0.000993,0.002101,0.001354,0.000689,0.000145,0.000148
397800,0.000562,0.000986,0.003076,0.006342,0.001130,0.000999,0.000994,0.002130,0.001061,0.000566,0.000140,0.000156
397900,0.000619,0.000945,0.003066,0.006577,0.001131,0.000996,0.000998,0.002150,0.001190,0.000637,0.000155,0.000151
398000,0.000572,0.000975,0.003074,0.006518,0.001135,0.000993,0.000996,0.002121,0.001268,0.000640,0.000146,0.000152
398100,0.000571,0.000911,0.003072,0.007080,0.001139,0.000998,0.000992,0.002119,0.001435,0.000692,0.000152,0.000161
398200,0.000596,0.000961,0.003077,0.006763,0.001141,0.000996,0.000996,0.002162,0.001177,0.000628,0.000178,0.000163
398300,0.000634,0.000942,0.003074,0.008139,0.001121,0.000992,0.000994,0.002133,0.001041,0.000605,0.000163,0.000153
398400,0.000599,0.000939,0.003079,0.006575,0.001125,0.000991,0.000994,0.002124,0.001158,0.000600,0.000148,0.000164
398500,0.000570,0.000928,0.003071,0.006379,0.001135,0.000997,0.000993,0.002141,0.001216,0.000631,0.000148,0.000149
398600,0.000578,0.001002,0.003078,0.007001,0.001142,0.000993,0.000994,0.002139,0.001264,0.000701,0.000155,0.000146
398700,0.000634,0.000956,0.003070,0.007277,0.001110,0.000993,0.000992,0.002105,0.001128,0.000625,0.000142,0.000145
398800,0.000552,0.001006,0.003072,0.006986,0.001129,0.000996,0.000998,0.002161,0.001343,0.000638,0.000136,0.000150
398900,0.000573,0.001016,0.003074,0.008138,0.001131,0.000997,0.000996,0.002122,0.001221,0.000768,0.000148,0.000159
399000,0.000589,0.000973,0.003074,0.006388,0.001150,0.000991,0.000994,0.002122,0.001474,0.000599,0.000162,0.000161
399100,0.000603,0.000962,0.003077,0.006440,0.001124,0.000995,0.000994,0.002135,inf,0.000764,0.000153,0.000158
399200,0.000604,0.000939,0.003077,0.006598,0.001147,0.000996,0.000995,0.002086,0.001286,0.000608,0.000150,0.000152
399300,0.000701,0.000893,0.003076,0.006518,0.001130,0.000993,0.000992,0.002106,0.001056,0.000746,0.000144,0.000151
399400,0.000604,0.000977,0.003076,0.006758,0.001132,0.000992,0.000996,0.002161,0.001250,0.000700,0.000148,0.000159
399500,0.000617,0.000938,0.003074,0.006963,0.001132,0.000995,0.000995,0.002211,0.001148,0.000652,0.000155,0.000157
399600,0.000596,0.000990,0.003071,0.006550,0.001125,0.000993,0.000992,0.002149,0.001132,0.000611,0.000152,0.000158
399700,0.000590,0.000917,0.003074,0.006748,0.001130,0.000995,0.000995,0.002123,0.001383,0.000625,0.000151,0.000161
399800,0.000602,0.000933,0.003074,0.006752,0.001134,0.000995,0.000999,0.002097,0.001119,0.000564,0.000187,0.000160
399900,0.000604,0.000955,0.003074,0.006765,0.001140,0.000997,0.000997,0.002106,0.001393,0.000663,0.000152,0.000160
400000,0.000593,0.000918,0.003072,0.007255,0.001140,0.000993,0.000993,0.002097,0.001152,0.000614,0.000153,0.000179
400100,0.000614,0.000883,0.003077,0.006543,0.001129,0.000996,0.000997,0.002136,0.001433,0.000742,0.000153,0.000145
400200,0.000615,0.000958,0.003074,0.006807,0.001135,0.000993,0.000996,0.002103,0.001039,0.000600,0.000157,0.000152
400300,0.000604,0.000969,0.003071,0.006188,0.001119,0.000995,0.000993,0.002136,0.001203,0.000617,0.000166,0.000156
400400,0.000613,0.001056,0.003070,0.006776,0.001121,0.000994,0.000993,0.002108,0.001205,0.000585,0.000157,0.000176
400500,0.000587,0.000997,0.003081,0.007474,0.001119,0.000997,0.000994,0.002082,0.001098,0.000738,0.000144,0.000160
400600,0.000580,0.000920,0.003073,0.006571,0.001128,0.000994,0.000994,0.002131,0.001157,0.000575,0.000147,0.000151
400700,0.000608,0.000892,0.003076,0.006174,0.001134,0.000996,0.000992,0.002137,0.001414,0.000689,0.000182,0.000164
400800,0.000581,0.000920,0.003077,0.007242,0.001129,0.000996,0.000997,0.002134,0.001190,0.000672,0.000147,0.000157
400900,0.000575,0.000945,0.003073,0.006940,0.001127,0.000996,0.000995,0.002111,0.001201,0.000511,0.000147,0.000157
401000,0.000576,0.000935,0.003075,0.007703,0.001123,0.000991,0.000994,0.002141,0.001116,0.000650,0.000145,0.000153
401100,0.000600,0.000954,0.003073,0.007318,0.001136,0.000993,0.000994,0.002155,0.001094,0.000658,0.000158,0.000144
401200,0.000580,0.000960,0.003069,0.006621,0.001136,0.000995,0.000995,0.002104,0.001077,0.000643,0.000167,0.000155
401300,0.000585,0.000964,0.003079,0.007705,0.001124,0.000994,0.000992,0.002117,0.001160,0.000639,0.000152,0.000149
401400,0.000595,0.000850,0.003073,0.006797,0.001129,0.000997,0.000997,0.002105,0.001466,0.000717,0.000150,0.000156
401500,0.000592,0.001007,0.003070,0.007072,0.001126,0.000993,0.000996,0.002124,0.001349,0.000659,0.000167,0.000157
401600,0.000582,0.001011,0.003082,0.006520,0.001133,0.000992,0.000993,0.002108,0.001227,0.000678,0.000156,0.000160
401700,0.000611,0.001013,0.003074,0.007131,0.001128,0.000994,0.000990,0.002111,0.001372,0.000626,0.000138,0.000164
401800,0.000625,0.000920,0.003073,0.006518,0.001140,0.000996,0.000994,0.002145,0.001096,0.000588,0.000160,0.000147
401900,0.000572,0.000877,0.003086,0.007183,0.001130,0.000997,0.000998,0.002134,0.001663,0.000580,0.000154,0.000187
402000,0.000575,0.000993,0.003071,0.006551,0.001147,0.000997,0.000995,0.002124,0.001289,0.000612,0.000161,0.000164
402100,0.000519,0.000943,0.003071,0.006527,0.001129,0.000997,0.000997,0.002101,0.001254,0.000679,0.000149,0.000166
402200,0.000561,0.000934,0.003074,0.007352,0.001117,0.000995,0.000994,0.002130,0.001177,0.000572,0.000160,0.000171
402300,0.000598,0.000977,0.003078,0.007738,0.001136,0.000995,0.000994,0.002108,0.001421,0.000687,0.000157,0.000158
402400,0.000597,0.000991,0.003078,0.007094,0.001118,0.000998,0.000998,0.002136,0.001630,0.000780,0.000162,0.000170
402500,0.000638,0.000925,0.003075,0.007108,0.001133,0.000994,0.000992,0.002129,0.001232,0.000647,0.000163,0.000168
402600,0.000638,0.001040,0.003074,0.007264,0.001132,0.000992,0.000994,0.002131,0.001196,0.000609,0.000162,0.000152
402700,0.000588,0.000954,0.003076,0.006787,0.001140,0.000995,0.000995,0.002096,0.001159,0.000690,0.000140,0.000168
402800,0.000581,0.000987,0.003070,0.006560,0.001124,0.000994,0.000993,0.002116,0.001438,0.000694,0.000146,0.000161
402900,0.000611,0.000958,0.003074,0.007526,0.001129,0.000992,0.000993,0.002123,0.001241,0.000671,0.000156,0.000159
403000,0.000575,0.000909,0.003073,0.006217,0.001120,0.000992,0.000992,0.002084,0.001174,0.000527,0.000143,0.000155
403100,0.000575,0.000897,0.003068,0.007113,0.001133,0.000995,0.000994,0.002118,0.001202,0.000672,0.000143,0.000154
403200,0.000584,0.000962,0.003072,0.006402,0.001124,0.000991,inf,0.002132,0.001157,0.000594,0.000147,0.000150
403300,0.000616,0.001006,0.003076,0.006365,0.001132,0.000996,0.000996,0.002089,0.001261,0.000708,0.000145,0.000160
403400,0.000619,0.000967,0.003073,0.006776,0.001138,0.000997,0.000998,0.002131,0.001008,0.000606,0.000149,0.000160
403500,0.000568,0.000956,0.003070,0.006531,0.001129,0.000994,0.000995,0.002084,0.001139,0.000652,0.000162,0.000155
403600,0.000622,0.001011,0.003075,0.006511,0.001149,0.000994,0.000994,0.002111,0.001209,0.000708,0.000135,0.000159
403700,0.000605,0.000959,0.003078,0.005888,0.001131,0.000993,0.000993,0.002115,0.001204,0.000622,0.000149,0.000159
403800,0.000583,0.000983,0.003074,0.007298,0.001138,0.000996,0.000994,0.002099,0.001294,0.000649,0.000164,0.000166
403900,0.000603,0.001002,0.003073,0.006367,0.001124,0.000993,0.000994,0.002174,0.001142,0.000638,0.000144,0.000162
404000,0.000590,0.000982,0.003081,0.006910,0.001141,0.000991,0.000997,0.002141,0.001222,0.000635,0.000142,0.000155
404100,0.000576,0.000941,0.003077,0.005517,0.001116,0.000996,0.000998,0.002126,0.001188,0.000650,0.000161,0.000151
404200,0.000633,0.000966,0.003075,0.007768,0.001126,0.000995,0.000991,0.002109,0.001693,0.000615,0.000197,0.000158
404300,0.000586,0.001000,0.003073,0.006987,0.001117,0.000992,0.000993,0.002123,0.001340,0.000658,0.000161,0.000166
404400,0.000563,0.000928,0.003083,0.005647,0.001129,0.000995,0.000997,0.002116,0.001172,0.000648,0.000151,0.000163
404500,0.000620,0.000921,0.003068,0.006487,0.001123,0.000993,0.000994,0.002121,0.001190,0.000510,0.000157,0.000162
404600,0.000622,0.000945,0.003077,0.005836,0.001136,0.000993,0.000993,0.002109,0.001100,0.000567,0.000155,0.000152
404700,0.000607,0.000982,0.003074,0.006945,0.001117,0.000995,0.001000,0.002127,0.001113,0.000692,0.000147,0.000152
404800,0.000586,0.000894,0.003072,0.007855,0.001147,0.000997,0.000995,0.002141,0.001117,0.000601,0.000152,0.000156
404900,0.000605,0.000942,0.003075,0.006620,0.001126,0.000992,0.000994,0.002114,0.001190,0.000605,0.000165,0.000158
405000,0.000576,0.000922,0.003077,0.007701,0.001126,0.000994,0.000991,0.002124,0.001131,0.000613,0.000145,0.000156
405100,0.000567,0.000916,0.003074,0.007129,0.001132,0.000991,0.000996,0.002128,0.001269,0.000609,0.000145,0.000162
405200,0.000599,0.000971,0.003071,0.007233,0.001133,0.000993,0.000992,0.002120,0.001212,0.000578,0.000148,0.000156
405300,0.000594,0.001103,0.003071,0.007120,0.001124,0.000995,0.000998,0.002133,0.001102,0.000567,0.000150,0.000157
405400,0.000605,0.000991,0.003072,0.006217,0.001123,0.000995,0.000995,0.002103,0.001115,0.000581,0.000165,0.000140
405500,0.000590,0.000970,0.003075,0.006723,0.001133,0.000993,0.000994,0.002091,0.001068,0.000661,0.000158,0.000150
405600,0.000616,0.000933,0.003075,0.006419,0.001134,0.000996,0.000997,0.002144,0.001331,inf,0.000165,0.000152
405700,0.000567,0.000932,0.003079,0.006782,0.001120,0.000994,0.000994,0.002144,0.001131,0.000609,0.000152,0.000153
405800,0.000604,0.000854,0.003073,0.006743,0.001125,0.000996,0.000995,0.002137,0.001058,0.000606,0.000153,0.000155
405900,0.000558,0.000947,0.003076,0.007856,0.001137,0.000994,0.000996,0.002112,0.001067,0.000717,0.000150,0.000166
406000,0.000594,0.000973,0.003072,0.006131,0.001143,0.000996,0.000999,0.002101,0.001166,0.000678,0.000145,0.000147
406100,0.000604,0.000936,0.003070,0.006510,inf,0.000994,0.000992,0.002117,0.001204,0.000711,0.000137,0.000152
406200,0.000590,0.001002,0.003075,0.007371,0.001134,0.000993,0.000996,0.002124,0.001179,0.000595,0.000164,0.000162
406300,0.000604,0.000933,0.003072,0.006594,0.001143,0.000994,0.000992,0.002170,0.001083,0.000670,0.000146,0.000145
406400,0.000564,0.000999,0.003078,0.007300,0.001139,0.000993,0.000994,0.002128,0.001480,0.000592,0.000152,0.000154
406500,0.000606,0.000924,0.003069,0.006123,0.001124,0.000994,0.000994,0.002118,0.001154,0.000649,0.000145,0.000151
406600,0.000591,0.000913,0.003075,0.005956,0.001125,0.000994,0.000992,0.002146,0.001454,0.000672,0.000162,0.000154
406700,0.000565,0.000961,0.003073,0.006935,0.001137,0.000996,0.000997,0.002110,0.001429,0.000661,0.000142,0.000166
406800,0.000578,0.000921,0.003087,0.007193,0.001138,0.000994,0.000996,0.002129,0.001275,0.000624,0.000157,0.000168
406900,0.000586,0.000922,0.003071,0.007603,0.001129,0.000996,0.000993,0.002122,0.001439,0.000657,0.000158,0.000163
407000,0.000602,0.000963,0.003067,0.006573,0.001124,0.000994,0.000996,0.002105,0.001162,0.000717,0.000153,0.000158
407100,0.000585,0.000939,0.003076,0.006989,0.001112,0.000990,0.000989,0.002116,0.001302,0.000655,0.000161,0.000156
407200,0.000595,0.000962,0.003078,0.006752,0.001123,0.000995,0.000995,0.002085,0.001229,0.000645,0.000158,0.000157
407300,0.000583,0.000972,0.003078,0.007118,0.001126,0.000993,0.000995,0.002103,0.001244,0.000674,0.000158,0.000148
407400,0.000621,0.000975,0.003074,0.006605,0.001121,0.000995,0.000992,inf,0.001200,0.000628,0.000182,0.000149
407500,0.000585,0.000919,0.003075,0.005832,0.001127,0.000993,0.000993,0.002120,0.001155,0.000662,0.000153,0.000153
407600,0.000609,0.000958,0.003073,0.006514,0.001139,0.000992,0.000994,0.002095,0.001296,0.000738,0.000155,0.000147
407700,0.000584,0.000908,0.003071,0.006940,0.001126,0.000995,0.000997,0.002089,0.001116,0.000629,0.000155,0.000154
407800,0.000655,0.000931,0.003074,0.007284,0.001133,0.001001,0.000994,0.002125,0.001514,0.000699,0.000183,0.000165
407900,0.000600,0.000997,0.003077,0.007169,0.001135,0.000995,0.000991,0.002137,0.001167,0.000624,0.000159,0.000165
408000,inf,0.000955,0.003073,0.006785,0.001133,0.000996,0.000995,0.002132,0.001106,0.000644,0.000154,0.000162
408100,0.000586,0.000994,0.003071,0.007571,0.001125,0.000994,0.000990,0.002157,0.001531,0.000717,0.000162,0.000156
408200,0.000609,0.000912,0.003079,0.006166,0.001116,0.000994,0.000994,0.002136,0.001135,0.000612,0.000149,0.000146
408300,0.000617,0.001001,0.003070,0.006389,0.001131,0.000994,0.000996,0.002104,0.001290,0.000653,0.000142,0.000150
408400,0.000589,0.000960,0.003077,0.006126,0.001131,0.000993,0.000993,0.002121,0.001223,0.000652,0.000149,0.000156
408500,0.000590,0.001037,0.003067,0.006056,0.001117,0.000993,0.000993,0.002085,0.001185,0.000586,0.000156,0.000156
408600,0.000607,0.000944,0.003074,0.006811,0.001134,0.000997,0.001000,0.002143,0.001265,0.000597,0.000163,0.000175
408700,0.000575,0.000957,0.003070,0.006530,0.001126,0.000997,0.000995,0.002153,0.001132,0.000607,0.000148,0.000157
408800,0.000581,0.000986,0.003074,0.005523,0.001114,0.000995,inf,0.002129,0.001241,0.000637,0.000174,0.000168
408900,0.000605,0.000987,0.003076,0.006599,0.001130,0.000987,0.000995,0.002127,0.001045,0.000657,0.000178,0.000146
409000,0.000571,0.000941,0.003076,0.006348,0.001130,0.000994,0.000994,0.002133,0.001077,0.000612,0.000144,0.000147
409100,0.000614,0.000961,inf,0.005092,0.001132,0.000990,0.000993,0.002108,0.001248,0.000493,0.000155,0.000160
409200,0.000592,0.001076,0.003077,0.008325,0.001129,0.000994,0.000993,0.002133,0.001280,0.000657,0.000167,0.000153
409300,0.000566,0.000921,0.003073,0.006209,0.001135,0.000996,0.000993,0.002094,0.001082,0.000624,0.000160,0.000155
409400,0.000602,0.000973,0.003073,0.006568,0.001131,0.000993,0.000992,0.002107,0.001128,0.000575,0.000149,0.000165
409500,0.000562,0.000951,0.003075,0.007029,0.001138,0.000994,0.000996,0.002144,0.001281,0.000618,0.000143,0.000154
409600,0.000580,0.000930,0.003064,0.007145,0.001121,0.000995,0.000996,0.002122,0.001486,0.000741,0.000150,0.000153
409700,0.000562,0.000995,0.003073,0.007513,0.001137,0.000995,0.000991,0.002104,0.001150,0.000674,0.000177,0.000157
409800,0.000604,0.001006,0.003079,0.006750,0.001146,0.000993,0.000995,0.002136,0.001444,0.000674,0.000179,0.000153
409900,0.000573,0.000917,inf,0.006299,0.001137,0.000998,0.000998,0.002099,0.001223,0.000753,0.000156,0.000159
410000,0.000615,0.000901,0.003073,0.006727,0.001130,0.000994,0.000996,0.002146,0.001232,0.000726,0.000147,0.000163
410100,0.000590,0.001024,0.003070,0.007615,0.001126,0.000994,0.000995,0.002087,0.001334,0.000674,0.000151,0.000157
410200,0.000611,0.000951,0.003076,0.007841,0.001120,0.000992,0.000993,0.002098,0.001094,0.000670,0.000148,0.000155
410300,0.000620,0.000981,0.003072,0.007356,0.001122,0.000993,0.000994,0.002094,0.001456,0.000652,0.000148,0.000154
410400,0.000597,0.001008,0.003074,0.007659,0.001137,0.000994,0.000993,0.002171,0.001346,0.000657,0.000151,0.000164
410500,0.000560,0.000968,0.003079,0.006220,0.001116,0.000995,0.000994,0.002101,0.001265,0.000662,0.000153,0.000154
410600,0.000586,0.000917,0.003078,0.006976,0.001133,0.000995,0.000995,0.002171,0.001067,0.000646,0.000154,0.000162
410700,0.000570,0.000966,0.003072,0.006132,0.001130,0.000996,0.000995,0.002117,0.001111,0.000694,0.000155,0.000148
410800,0.000562,0.000923,0.003077,0.007520,0.001128,0.000993,0.000993,0.002106,0.001057,0.000832,0.000150,0.000155
410900,0.000625,0.000905,0.003070,0.006293,0.001138,0.000995,0.000996,0.002134,0.001126,0.000635,0.000149,0.000161
411000,0.000548,0.000954,0.003070,0.007291,0.001143,0.000991,0.000993,0.002120,0.001125,0.000667,0.000148,0.000146
411100,0.000604,0.000995,0.003076,0.005868,0.001132,0.000992,0.000992,0.002075,0.001273,0.000639,0.000169,0.000167
411200,0.000576,0.000971,0.003070,0.006366,0.001127,0.000998,0.000997,0.002087,0.001033,0.000629,0.000150,0.000156
411300,0.000605,0.000913,0.003078,0.007518,0.001128,0.000990,0.000994,0.002132,0.001522,0.000695,0.000145,0.000160
411400,0.000597,0.000972,0.003073,0.007382,0.001119,0.000992,0.000993,0.002108,0.001271,0.000637,0.000166,0.000165
411500,0.000596,0.000946,0.003071,0.007471,0.001126,0.000995,0.000994,0.002122,0.001097,0.000739,0.000152,0.000173
411600,0.000582,0.001008,0.003072,0.007224,0.001134,0.000993,0.000995,0.002139,0.001140,0.000633,0.000165,0.000150
411700,0.000606,0.000948,0.003084,0.006764,0.001129,0.000998,0.000998,0.002128,0.001093,0.000665,0.000147,0.000200
411800,0.000584,0.000927,0.003071,0.006429,0.001139,0.000993,0.000995,0.002158,0.001169,0.000654,0.000158,0.000157
411900,0.000569,0.000959,0.003072,0.005664,0.001156,0.000997,0.000998,0.002120,0.001189,0.000589,0.000148,0.000190
412000,0.000642,0.000992,0.003073,0.007278,0.001141,0.000994,0.000995,0.002125,0.001311,0.000670,0.000171,0.000155
412100,0.000582,0.001042,0.003074,0.006941,0.001117,0.000992,0.000994,0.002156,0.001215,0.000685,0.000137,0.000165
412200,0.000543,0.000962,0.003079,0.006776,0.001142,0.000995,0.000996,0.002134,0.001297,0.000680,0.000161,0.000159
412300,0.000598,0.000982,0.003073,0.006582,0.001121,0.000996,0.000993,0.002104,0.001186,0.000578,0.000178,0.000152
412400,0.000599,0.000920,0.003076,0.006504,0.001121,0.000992,0.000993,0.002122,0.001288,0.000636,0.000157,0.000158
412500,0.000568,0.000948,0.003075,0.007285,0.001130,0.000993,0.000996,0.002122,0.001573,0.000690,0.000148,0.000154
412600,0.000591,0.000992,0.003059,0.006479,0.001142,0.000995,0.000995,0.002120,0.001361,0.000786,0.000158,0.000156
412700,0.000582,0.000956,0.003075,0.007025,0.001119,0.000992,0.000991,0.002123,0.001285,0.000634,0.000183,0.000156
412800,0.000640,0.000974,0.003069,0.006958,0.001134,0.001002,0.000994,inf,0.001021,0.000651,0.000193,0.000158
412900,0.000618,0.000943,0.003078,0.006349,0.001144,0.000994,0.000996,0.002123,0.001370,0.000650,0.000146,0.000162
413000,0.000589,0.000874,0.003069,0.007442,0.001141,0.000993,0.000992,0.002116,0.001132,0.000633,0.000147,0.000147
413100,0.000615,0.001045,0.003076,0.006472,0.001133,0.000995,0.000994,0.002153,0.001087,0.000678,0.000151,0.000145
413200,0.000577,0.000908,0.003070,0.006136,0.001129,0.000998,0.000995,0.002162,0.001341,0.000674,0.000149,0.000142
413300,0.000590,0.000987,0.003078,0.005935,0.001112,0.000994,0.000994,0.002161,0.001239,0.000610,0.000150,0.000156
413400,0.000594,0.001045,0.003073,0.006383,0.001129,0.000993,0.000993,0.002111,0.001435,0.000657,0.000142,0.000160
413500,0.000599,0.000909,0.003070,0.006798,0.001136,0.000994,0.000995,0.002142,0.001172,0.000612,0.000197,0.000165
413600,0.000574,0.000943,0.003074,0.006157,0.001141,0.000991,0.000996,0.002128,0.001300,0.000627,0.000135,0.000153
413700,0.000603,0.001007,0.003072,0.006920,0.001117,0.000993,0.000994,0.002130,0.001132,0.000590,0.000142,0.000145
413800,0.000593,0.000954,0.003084,0.006204,0.001126,0.000994,0.000995,0.002126,0.001319,0.000675,0.000149,0.000156
413900,0.000576,0.000975,0.003077,0.006961,0.001133,0.000996,0.000996,0.002131,0.001215,0.000687,0.000165,0.000149
414000,0.000578,0.001012,0.003071,0.005312,0.001132,0.000994,inf,0.002145,0.001134,0.000687,0.000150,0.000156
414100,0.000594,0.000903,0.003075,0.006767,0.001126,0.000994,0.000991,0.002138,0.001268,0.000642,0.000147,0.000148
414200,0.000579,0.000944,0.003084,0.006227,0.001129,0.000998,0.000997,0.002152,0.001212,0.000650,0.000148,0.000162
414300,0.000553,0.000952,0.003071,0.006122,0.001147,0.000993,0.000993,0.002138,0.001102,0.000592,0.000161,0.000155
414400,0.000615,0.000984,0.003080,0.007161,0.001123,0.000992,0.000992,0.002095,0.001280,0.000647,0.000153,0.000151
414500,0.000586,0.000912,0.003072,0.006276,0.001126,0.000998,0.001008,0.002213,0.001386,0.000627,0.000146,0.000147
414600,0.000597,0.000977,0.003078,0.007462,0.001142,0.000993,0.000998,0.002134,0.001125,0.000633,0.000140,0.000142
414700,0.000646,0.000955,0.003071,0.007354,0.001139,0.000993,0.000992,0.002144,0.001208,0.000565,0.000149,0.000154
414800,0.000621,0.000911,0.003080,0.006257,0.001113,0.000994,0.000992,0.002086,0.001234,0.000637,0.000143,0.000152
414900,0.000607,0.001008,0.003073,0.007374,0.001126,0.000995,0.000993,0.002084,0.001263,0.000589,0.000149,0.000141
415000,0.000604,0.000949,0.003073,0.006926,0.001125,0.000993,0.000991,0.002113,0.001073,0.000669,0.000139,0.000154
415100,0.000600,0.000963,0.003069,0.006591,0.001132,0.000994,0.000998,0.002098,0.001163,0.000672,0.000149,0.000156
415200,0.000628,0.000890,0.003075,0.006784,0.001135,0.000996,0.000994,0.002126,0.001225,0.000708,0.000152,0.000156
415300,0.000613,0.000977,0.003073,0.006761,0.001142,0.000994,0.000991,0.002146,0.001342,0.000647,0.000153,0.000160
415400,0.000599,0.000948,0.003077,0.006551,0.001126,0.000998,0.000992,0.002135,0.001142,0.000672,0.000150,0.000154
415500,0.000625,0.001030,0.003080,0.007730,0.001128,0.000994,0.000996,0.002144,0.001129,0.000714,0.000190,0.000175
415600,0.000582,0.000919,0.003073,0.006437,0.001136,0.000997,0.000994,0.002092,0.001306,0.000609,0.000158,0.000163
415700,0.000570,0.001057,0.003077,0.006002,0.001129,0.000994,0.000992,0.002111,0.001335,0.000639,0.000153,0.000162
415800,0.000581,0.000971,0.003076,0.007228,0.001130,0.000996,0.000996,0.002165,0.001181,0.000705,0.000161,0.000167
415900,0.000607,0.000969,0.003073,0.007635,0.001130,0.000995,0.000994,0.002113,0.001172,0.000698,0.000155,0.000185
416000,0.000598,0.000968,0.003074,0.006720,0.001129,0.000995,0.000994,0.002118,0.001360,0.000620,0.000163,0.000161
416100,0.000585,0.001059,0.003070,0.005955,0.001133,0.000995,0.000998,0.002153,0.001176,0.000534,0.000147,0.000153
416200,0.000596,0.000950,0.003072,0.006762,0.001132,0.000995,0.000995,0.002146,0.001130,0.000625,0.000158,0.000157
416300,0.000600,0.000960,0.003079,0.006755,0.001127,0.000992,0.000992,0.002129,0.001228,0.000658,0.000147,0.000152
416400,0.000604,0.000945,0.003075,0.007223,0.001115,0.000992,0.000995,0.002111,0.001153,0.000634,0.000143,0.000181
416500,0.000654,0.001031,0.003070,0.006102,0.001126,0.000997,0.000995,0.002148,0.001246,0.000532,0.000164,0.000149
416600,0.000599,0.000947,0.003090,0.006258,0.001127,0.000992,0.000994,0.002149,0.001262,0.000681,0.000145,0.000167
416700,0.000569,0.000918,0.003072,0.006766,0.001140,0.000993,0.000993,0.002115,0.001151,0.000684,0.000156,0.000158
416800,0.000628,0.000922,0.003071,0.006753,0.001135,0.000994,0.000994,0.002098,0.001157,0.000623,0.000157,0.000154
416900,0.000588,0.000971,0.003073,0.006205,0.001126,0.000993,0.000993,0.002145,0.001232,0.000658,0.000147,0.000161
417000,0.000603,0.000932,0.003074,0.007438,0.001126,0.000992,0.000993,0.002116,0.001202,0.000623,0.000160,0.000163
417100,0.000600,0.000996,0.003082,0.007170,0.001136,0.000998,0.000997,0.002129,0.001063,0.000617,0.000146,0.000155
417200,0.000598,0.001009,0.003073,0.007323,0.001129,0.000995,0.000997,0.002118,0.001257,0.000592,0.000147,0.000152
417300,0.000583,0.000970,0.003075,0.006286,0.001125,0.000993,0.000993,0.002101,0.001270,0.000721,0.000151,0.000161
417400,0.000586,0.000979,0.003074,0.006770,0.001118,0.000997,0.000996,0.002107,inf,0.000662,0.000147,0.000160
417500,0.000589,0.000935,0.003061,0.007334,0.001136,0.000997,0.001001,0.002125,0.001220,0.000699,0.000148,0.000164
417600,0.000627,0.000900,0.003074,0.006964,0.001137,0.000990,0.000990,0.002181,0.001091,0.000612,0.000149,0.000145
417700,0.000594,0.000954,0.003066,0.006987,0.001109,0.000993,0.000993,0.002119,0.001060,0.000641,0.000143,0.000158
417800,0.000611,0.000991,0.003078,0.005649,0.001125,0.000996,0.000998,0.002176,0.001217,0.000691,0.000140,0.000151
417900,0.000545,0.000996,0.003074,0.006324,0.001129,0.000995,0.000989,0.002116,0.001141,0.000680,0.000179,0.000152
418000,0.000584,0.000993,0.003077,0.006595,0.001130,0.000992,0.000993,0.002136,0.001136,0.000691,0.000150,0.000157
418100,0.000607,0.000971,0.003067,0.005783,0.001135,0.000996,0.000992,0.002143,0.001072,0.000657,0.000149,0.000164
418200,0.000590,0.000951,0.003080,0.006748,0.001125,0.000992,0.000994,0.002149,0.001397,0.000764,0.000155,0.000169
418300,0.000617,0.001033,0.003075,0.007178,0.001122,0.000994,0.000991,0.002119,0.001144,0.000552,0.000154,0.000158
418400,0.000571,0.001007,0.003069,0.006763,0.001132,0.000998,0.000996,0.002138,0.001247,0.000590,0.000151,0.000151
418500,0.000625,0.000987,0.003072,0.006573,0.001128,0.000996,0.000997,0.002110,0.001302,0.000683,0.000143,0.000172
418600,0.000584,0.000946,0.003076,0.006564,0.001132,0.000993,0.000990,0.002138,0.001020,0.000626,0.000145,0.000158
418700,0.000584,0.001012,0.003079,0.006994,0.001129,0.000991,0.000994,0.002107,0.001089,0.000688,0.000152,0.000150
418800,0.000574,0.000994,0.003073,0.007465,0.001128,0.000995,0.000994,0.002104,0.001479,0.000656,0.000176,0.000154
418900,0.000561,0.000925,0.003075,0.006233,0.001132,0.000990,0.000989,0.002170,0.001196,0.000617,0.000161,0.000165
419000,0.000570,0.000948,0.003074,0.006377,0.001130,0.000995,0.000993,0.002144,0.001374,0.000635,0.000151,0.000159
419100,0.000586,0.001038,0.003072,0.007066,0.001126,0.000994,0.000995,0.002089,0.001244,0.000653,0.000160,0.000152
419200,0.000597,0.000989,0.003074,0.006774,0.001132,0.000992,0.000990,0.002146,0.001101,0.000622,0.000150,0.000158
419300,0.000607,0.000907,0.003069,0.005430,0.001128,0.000996,0.000992,0.002136,0.001168,0.000557,0.000157,0.000158
419400,0.000621,0.000980,0.003072,0.006602,0.001126,0.000994,0.000994,0.002099,0.001293,0.000737,0.000155,0.000164
419500,0.000641,0.001021,0.003071,0.006959,0.001134,0.001001,0.001002,0.002122,0.001681,0.000634,0.000167,0.000157
419600,0.000584,0.000966,0.003076,0.006417,0.001136,0.000993,0.000994,0.002096,0.001173,0.000661,0.000159,0.000162
419700,0.000568,0.000959,0.003078,0.007333,0.001146,0.000998,0.000996,0.002086,0.001449,0.000650,0.000151,0.000167
419800,0.000577,0.000927,0.003069,0.005719,0.001124,0.000995,0.000994,0.002150,0.001044,0.000673,0.000148,0.000156
419900,0.000573,0.000958,0.003074,0.007301,0.001120,0.000992,0.000992,0.002103,0.001079,0.000705,0.000142,0.000153
420000,0.000578,0.001010,0.003077,0.006742,0.001129,0.000994,0.000994,0.002118,0.001269,0.000550,0.000160,0.000156
420100,0.000600,0.000993,0.003066,0.006981,0.001127,0.000998,0.000994,0.002126,0.001260,0.000643,0.000148,0.000153
420200,0.000626,0.000939,0.003076,0.007185,0.001114,0.000991,0.000994,0.002121,0.001168,0.000652,0.000151,0.000152
420300,0.000648,0.000922,0.003071,0.005693,0.001138,0.000997,0.000994,0.002096,0.001160,0.000640,0.000157,0.000154
420400,0.000611,0.000957,0.003079,0.006590,0.001132,0.000995,0.000997,0.002150,0.001077,0.000720,0.000144,0.000146
420500,0.000568,0.000992,0.003075,0.007375,0.001134,0.000996,0.000993,inf,0.001167,0.000589,0.000139,0.000180
420600,0.000614,0.000959,0.003076,0.006935,0.001126,0.000993,0.000994,0.002092,0.001209,0.000687,0.000158,0.000157
420700,0.000599,0.000937,0.003071,0.006317,0.001123,0.000995,0.000994,0.002104,0.001225,0.000619,0.000152,0.000153
420800,0.000615,0.000979,0.003072,0.008016,0.001120,0.000990,0.000992,0.002107,0.001203,0.000652,0.000142,0.000148
420900,0.000614,0.001003,0.003077,0.006536,0.001123,0.000996,0.000996,0.002156,0.001132,0.000753,0.000138,0.000149
421000,0.000617,0.000996,0.003073,0.006934,0.001129,0.000995,0.000993,0.002101,0.001362,0.000613,0.000146,0.000144
421100,0.000611,0.000950,0.003073,0.007498,0.001153,0.000993,0.000989,0.002124,0.001205,0.000730,0.000173,0.000155
421200,0.000599,0.000935,0.003087,0.006204,0.001123,0.000993,0.000994,0.002147,0.001251,0.000678,0.000155,0.000155
421300,0.000628,0.000933,0.003077,0.006169,0.001127,0.000993,0.000992,0.002136,0.001147,0.000670,0.000146,0.000153
421400,0.000614,0.000931,0.003072,0.005618,0.001129,0.000994,0.000997,0.002137,0.001230,0.000657,0.000165,0.000163
421500,0.000603,0.000888,0.003081,0.006109,0.001125,0.000998,0.001012,0.002115,0.001233,0.000615,0.000145,0.000148
421600,0.000599,0.000920,0.003071,0.006765,0.001121,0.000991,0.000993,0.002098,0.001294,0.000600,0.000194,0.000159
421700,0.000598,0.000968,0.003072,0.006983,0.001133,0.000997,0.000998,0.002084,0.001359,0.000704,0.000142,0.000158
421800,0.000605,0.000946,0.003076,0.007890,0.001141,0.000995,0.000993,0.002134,0.001328,0.000700,0.000149,0.000154
421900,0.000621,0.000965,0.003071,0.007699,0.001130,0.000995,0.000994,0.002096,0.001094,0.000717,0.000144,0.000157
422000,0.000577,0.000909,0.003077,0.006778,0.001127,0.000995,0.001000,0.002123,0.001169,0.000558,0.000154,0.000153
422100,0.000599,0.000985,0.003072,0.007914,0.001145,0.000993,0.000995,0.002142,0.001153,0.000637,0.000135,0.000159
422200,0.000602,0.000930,0.003076,0.007852,0.001130,0.000992,0.000988,0.002110,0.001157,0.000670,0.000137,0.000160
422300,0.000568,0.000902,0.003075,0.007037,0.001144,0.000995,0.000992,0.002127,0.001346,0.000659,0.000136,0.000163
422400,0.000558,0.000949,0.003068,0.006756,0.001144,0.000995,0.000998,0.002137,0.001121,0.000671,0.000148,0.000157
422500,0.000581,0.000919,0.003073,0.007344,0.001131,0.000993,0.000994,0.002124,0.001115,0.000656,0.000150,0.000157
422600,0.000600,0.000963,0.003073,0.007145,0.001131,0.000991,0.000990,0.002129,0.001215,0.000574,0.000143,0.000163
422700,0.000576,0.000911,0.003068,0.006086,0.001133,0.000994,0.000996,0.002102,0.001041,0.000718,0.000142,0.000163
422800,0.000605,0.000926,0.003074,0.006368,0.001124,0.000993,0.000992,0.002133,0.001365,0.000612,0.000147,0.000160
422900,0.000574,0.000900,0.003076,0.006542,0.001118,0.000994,0.000994,0.002118,0.001082,0.000647,0.000151,0.000156
423000,0.000599,0.000978,0.003062,0.007407,0.001140,0.000996,0.000996,0.002085,0.001195,0.000639,0.000150,0.000151
423100,0.000589,0.000927,0.003079,0.005845,0.001129,0.000993,0.000994,0.002159,0.001255,0.000690,0.000153,0.000161
423200,0.000577,0.000989,0.003070,0.006995,0.001128,0.000995,0.000995,0.002121,0.001276,0.000556,0.000151,0.000160
423300,0.000598,0.000934,0.003073,0.007742,0.001131,0.000994,0.000995,0.002152,0.001096,0.000644,0.000165,0.000150
423400,0.000627,0.000973,0.003076,0.005521,0.001133,0.000993,0.000994,0.002130,0.001198,0.000673,0.000154,0.000156
423500,0.000592,0.001004,0.003069,0.006608,0.001128,0.000994,0.000996,0.002096,0.001198,0.000632,0.000152,0.000176
423600,0.000631,0.001007,0.003082,0.006128,0.001124,0.000995,0.000996,0.002109,0.001060,0.000625,0.000149,0.000155
423700,0.000603,0.001023,0.003073,0.005530,0.001137,0.000996,0.000997,0.002157,0.001089,0.000731,0.000166,0.000150
423800,0.000570,0.000887,0.003075,0.006572,0.001129,0.000995,0.000994,0.002080,0.001230,0.000695,0.000159,0.000155
423900,0.000606,0.001003,0.003072,0.006776,0.001117,0.000994,0.000996,0.002151,0.001131,0.000604,0.000136,0.000152
424000,0.000580,0.000959,0.003071,0.007413,0.001130,0.000996,0.000995,0.002128,0.001302,0.000663,0.000159,0.000163
424100,0.000582,0.000977,0.003072,0.006522,0.001120,0.000995,0.000993,0.002129,0.001157,0.000625,0.000144,0.000147
424200,0.000597,0.000979,0.003081,0.006739,0.001110,0.000993,0.000995,0.002125,0.001159,0.000656,0.000166,0.000162
424300,0.000561,0.000994,0.003069,0.007237,0.001138,0.000999,0.000996,0.002119,0.001334,0.000748,0.000163,0.000162
424400,0.000587,0.001051,0.003072,0.007344,0.001124,0.000993,0.000994,0.002146,0.001134,0.000632,0.000152,0.000140
424500,0.000592,0.000949,0.003076,0.007874,0.001117,0.000989,0.000993,0.002118,0.001079,0.000765,0.000145,0.000152
424600,0.000592,0.001049,0.003074,0.006274,0.001139,0.000993,0.000991,0.002148,0.001306,0.000623,0.000156,0.000157
424700,0.000586,0.000973,0.003072,0.007015,0.001112,0.000996,0.000991,0.002112,0.001186,0.000647,0.000151,0.000161
424800,0.000599,0.000981,0.003074,0.005963,0.001131,0.000992,0.000996,0.002125,0.001134,0.000639,0.000152,0.000152
424900,0.000570,0.000902,0.003069,0.007585,0.001131,0.000995,0.000995,0.002132,0.001265,0.000600,0.000170,0.000157
425000,0.000604,0.001043,0.003075,0.006998,0.001132,0.000995,0.000998,0.002165,0.001273,0.000690,0.000139,0.000155
425100,0.000613,0.000968,0.003074,0.006986,0.001136,0.000992,0.000990,0.002103,0.001261,0.000661,0.000144,0.000153
425200,0.000599,0.001028,0.003076,0.006221,0.001128,0.000994,0.000995,0.002145,0.001391,0.000597,0.000181,0.000156
425300,0.000602,0.001013,0.003078,0.007226,0.001123,0.000994,0.000992,0.002115,0.001140,0.000643,0.000148,0.000144
425400,0.000593,0.000910,0.003072,0.006964,0.001138,0.000998,0.000997,0.002125,0.001225,0.000685,0.000155,0.000146
425500,0.000569,0.000957,0.003075,0.005866,0.001130,0.000993,0.000994,0.002086,0.001432,0.000670,0.000144,0.000153
425600,0.000553,0.000909,0.003071,0.007267,0.001136,0.000996,0.000999,0.002098,0.001058,0.000645,0.000147,0.000150
425700,0.000595,0.000961,0.003070,0.007026,0.001131,0.000992,0.000993,0.002101,0.001207,0.000623,0.000162,0.000142
425800,0.000569,0.000910,0.003077,0.006305,0.001126,0.000992,0.000993,0.002144,0.001324,0.000594,0.000154,0.000141
425900,0.000593,0.000977,0.003067,0.005919,0.001130,0.000997,0.000997,0.002115,0.001225,0.000652,0.000155,0.000169
426000,0.000596,0.000903,0.003070,0.006347,0.001138,0.000994,0.000995,0.002137,0.001192,0.000593,0.000146,0.000148
426100,0.000592,0.000911,0.003079,0.006568,0.001114,0.000993,0.000992,0.002095,0.001534,0.000671,0.000157,0.000172
426200,0.000600,0.000947,0.003071,0.006608,0.001137,0.000994,0.000996,0.002109,0.001331,0.000669,0.000150,0.000167
426300,0.000595,0.000980,0.003073,0.006295,0.001125,0.000996,0.000995,0.002137,0.001350,0.000653,0.000142,0.000158
426400,0.000646,0.000954,0.003083,0.006473,0.001114,0.000994,0.000994,0.002138,0.001230,0.000614,0.000176,0.000150
426500,0.000578,0.000907,0.003071,0.006612,0.001150,0.000995,0.000989,0.002127,0.001280,0.000640,0.000148,0.000152
426600,0.000626,0.000941,0.003069,0.006505,0.001121,0.000993,0.000995,0.002090,0.001196,0.000623,0.000146,0.000163
426700,0.000574,0.000964,0.003074,0.006965,0.001130,0.000990,0.000989,0.002173,0.001047,0.000668,0.000187,0.000150
426800,0.000645,0.001040,0.003072,0.006608,0.001137,0.000990,0.000995,0.002114,0.001183,0.000681,0.000154,0.000161
426900,0.000619,0.000974,0.003079,0.006289,0.001125,0.000994,0.000997,0.002145,0.001349,0.000733,0.000165,0.000152
427000,0.000603,0.000927,0.003072,0.007223,0.001132,0.000998,0.000996,0.002099,0.001142,0.000639,0.000155,0.000150
427100,0.000615,0.001030,0.003078,0.007068,0.001128,0.000994,0.000993,0.002101,0.001341,0.000647,0.000155,0.000153
427200,0.000575,0.000970,0.003074,0.007018,0.001124,0.000993,0.000996,0.002099,0.001279,0.000717,0.000156,0.000160
427300,0.000571,0.000931,0.003070,0.007415,0.001122,0.000997,0.000996,0.002121,0.001425,0.000656,0.000139,0.000155
427400,0.000622,0.001019,0.003073,0.006783,0.001130,0.000995,0.000994,0.002109,0.001216,0.000573,0.000163,0.000152
427500,0.000536,0.001019,0.003076,0.006124,0.001136,0.000993,0.000997,0.002156,0.001130,0.000631,0.000160,0.000163
427600,0.000593,0.000928,0.003072,0.006533,0.001137,0.001001,0.000996,0.002119,0.001199,0.000695,0.000149,0.000157
427700,0.000604,0.001013,0.003080,0.007154,0.001125,0.000993,0.000989,0.002117,inf,0.000688,0.000172,0.000150
427800,0.000571,0.000997,0.003076,0.006545,0.001121,0.000993,0.000993,0.002106,0.001120,0.000598,0.000150,0.000160
