global_batch,control_batch,arrow_task_batch,qa_task_batch,mem_canvas_batch,blue_line_direction_batch,gold_direction_batch,gold_proximity_batch,please_turn_batch,relposition_qa_batch,direction_names_batch,primary_solver_batch
1,0.000554,inf,inf,inf,inf,inf,inf,inf,inf,inf,inf
2,0.000554,inf,inf,0.006838,inf,inf,inf,inf,inf,inf,inf
3,0.000554,inf,inf,0.006838,inf,inf,inf,inf,inf,inf,0.000255
4,0.000554,0.001281,inf,0.006838,inf,inf,inf,inf,inf,inf,0.000255
5,0.000581,0.001281,inf,0.006838,inf,inf,inf,inf,inf,inf,0.000255
6,0.000581,0.001281,inf,0.006838,inf,0.001032,inf,inf,inf,inf,0.000255
7,0.000581,0.001297,inf,0.006838,inf,0.001032,inf,inf,inf,inf,0.000255
8,0.000581,0.001297,inf,0.006838,inf,0.001032,inf,inf,inf,inf,0.000253
9,0.000581,0.001297,inf,0.006838,inf,0.001024,inf,inf,inf,inf,0.000253
10,0.000581,0.001297,inf,0.005590,inf,0.001024,inf,inf,inf,inf,0.000253
100,0.000581,0.001225,0.003100,0.006673,0.001149,0.001020,0.001016,0.002174,0.001375,0.000829,0.000250
200,0.000630,0.001162,0.003093,0.007155,0.001162,0.001014,0.001016,0.002186,0.001170,0.000781,0.000237
300,0.000605,0.001081,0.003094,0.006989,0.001162,0.001015,0.001016,0.002161,0.001060,0.000715,0.000215
400,0.000562,0.001042,0.003090,0.006531,0.001161,0.001010,0.001013,0.002133,0.001056,0.000726,0.000196
500,0.000584,0.000979,0.003094,0.007539,0.001149,0.001014,0.001015,0.002176,0.001037,0.000718,0.000182
600,0.000580,0.001039,0.003095,0.006821,0.001168,0.001008,0.001010,0.002194,0.001046,0.000734,0.000178
700,0.000621,0.001069,0.003093,0.007227,0.001150,0.001012,0.001010,0.002159,0.001042,0.000609,0.000171
800,0.000591,0.001110,0.003081,0.007160,0.001156,0.001009,0.001007,0.002166,0.001052,0.000616,0.000173
900,0.000572,0.001057,0.003087,0.006485,0.001152,0.001011,0.001008,0.002148,0.001060,0.000666,0.000166
1000,0.000600,0.001111,0.003088,0.006818,0.001145,0.001013,0.001013,0.002151,0.001037,0.000603,0.000163
1100,0.000585,0.001018,0.003085,0.006255,0.001164,0.001007,0.001008,0.002158,0.001076,0.000655,0.000165
1200,0.000596,0.001003,0.003091,0.007523,0.001159,0.001014,0.001014,0.002184,0.001040,0.000580,0.000162
1300,0.000577,0.001077,0.003092,0.006478,0.001154,0.001013,0.001012,0.002174,0.001032,0.000736,0.000162
1400,0.000593,0.001073,0.003088,0.006113,0.001155,0.001011,0.001013,0.002141,0.001040,0.000647,0.000159
1500,0.000588,0.001067,0.003088,0.006823,0.001155,0.001011,0.001009,0.002177,0.001040,0.000661,0.000161
1600,0.000585,0.001086,0.003091,0.007114,0.001159,0.001010,0.001011,0.002178,0.001055,0.000641,0.000160
1700,0.000596,0.001116,0.003095,0.006796,0.001163,0.001010,0.001010,0.002169,0.001039,0.000713,0.000158
1800,0.000597,0.001002,0.003089,0.006819,0.001148,0.001012,0.001011,0.002174,0.001038,0.000675,0.000157
1900,0.000607,0.000977,0.003090,0.007495,0.001161,0.001012,0.001010,0.002176,0.001031,0.000657,0.000156
2000,0.000599,0.001010,0.003090,0.007089,0.001146,0.001017,0.001011,0.002143,0.001030,0.000682,0.000157
2100,0.000599,0.000941,0.003089,0.007015,0.001158,0.001010,0.001010,0.002158,0.001024,0.000583,0.000156
2200,0.000603,0.000944,0.003095,0.007010,0.001160,0.001013,0.001015,0.002157,0.001015,0.000652,0.000155
2300,0.000575,0.001036,0.003088,0.006982,0.001158,0.001011,0.001011,0.002156,0.001020,0.000723,0.000152
2400,0.000600,0.001047,0.003098,0.006692,0.001152,0.001008,0.001008,0.002135,0.001017,0.000652,0.000158
2500,0.000588,0.001006,0.003091,0.006813,0.001146,0.001005,0.001009,0.002154,0.001021,0.000671,0.000157
2600,0.000609,0.001054,0.003085,0.006507,0.001156,0.001009,0.001010,0.002127,0.001019,0.000687,0.000152
2700,0.000611,0.001045,0.003087,0.006621,0.001156,0.001011,0.001012,0.002159,0.001017,0.000586,0.000152
2800,0.000587,0.000969,0.003091,0.006934,0.001158,0.001007,0.001009,0.002173,0.001022,0.000662,0.000152
2900,0.000600,0.001008,0.003091,0.007686,0.001157,0.001010,0.001011,0.002204,0.001022,0.000663,0.000151
3000,0.000611,0.000984,0.003091,0.005736,0.001159,0.001015,0.001014,0.002153,0.001013,0.000744,0.000150
3100,0.000574,0.001054,0.003095,0.007542,0.001156,0.001008,0.001006,0.002133,0.001010,0.000664,0.000154
3200,0.000606,0.000984,0.003088,0.007124,0.001157,0.001011,0.001009,0.002105,0.001011,0.000714,0.000153
3300,0.000616,0.000995,0.003088,0.007129,0.001152,0.001005,0.001007,0.002151,0.001014,0.000656,0.000152
3400,0.000560,0.000991,0.003086,0.007117,0.001157,0.001012,0.001014,0.002159,0.001014,0.000612,0.000153
3500,0.000585,0.001054,0.003086,0.006142,0.001156,0.001011,0.001012,0.002189,0.001013,0.000636,0.000153
3600,0.000619,0.001001,0.003094,0.007498,0.001148,0.001010,0.001010,0.002177,0.001027,0.000603,0.000160
3700,0.000610,0.000965,0.003088,0.008084,0.001151,0.001009,0.001012,0.002159,0.001013,0.000728,0.000152
3800,0.000579,0.001034,0.003095,0.007460,0.001157,0.001010,0.001009,0.002163,0.001013,0.000640,0.000157
3900,0.000565,0.000984,0.003090,0.006789,0.001158,0.001011,0.001009,0.002148,0.001012,0.000706,0.000151
4000,0.000552,0.001027,0.003092,0.006095,0.001143,0.001010,0.001008,0.002172,0.001015,0.000708,0.000152
4100,0.000600,0.000929,0.003087,0.007096,0.001156,0.001006,0.001007,0.002183,0.001013,0.000696,0.000149
4200,0.000583,0.000963,0.003093,0.006786,0.001148,0.001015,0.001015,0.002135,0.001012,0.000704,0.000148
4300,0.000582,0.001014,0.003088,0.007315,0.001152,0.001010,0.001011,0.002166,0.001016,0.000616,0.000155
4400,0.000594,0.000963,0.003088,0.007564,0.001155,0.001009,0.001010,0.002167,0.001014,0.000672,0.000147
4500,0.000607,0.001038,0.003084,0.007132,0.001154,0.001012,0.001012,0.002127,0.001017,0.000648,0.000150
4600,0.000582,0.000983,0.003089,0.006627,0.001133,0.001008,0.001008,0.002164,0.001021,0.000711,0.000152
4700,0.000584,0.001011,0.003088,0.007093,0.001151,0.001012,0.001011,0.002159,0.001009,0.000673,0.000150
4800,0.000581,0.001042,0.003093,0.007317,0.001151,0.001007,0.001009,0.002180,0.001012,0.000665,0.000152
4900,0.000574,0.000997,0.003088,0.006639,0.001159,0.001010,0.001009,0.002140,0.001008,0.000594,0.000151
5000,0.000589,0.001105,0.003098,0.006490,0.001158,0.001006,0.001012,0.002158,0.001012,0.000714,0.000154
5100,0.000638,0.001025,0.003084,0.006018,0.001156,0.001008,0.001010,0.002112,0.001011,0.000627,0.000151
5200,0.000591,0.001040,0.003091,0.007603,0.001158,0.001011,0.001012,0.002163,0.001014,0.000662,0.000150
5300,0.000600,0.000996,0.003089,0.005982,0.001158,0.001007,0.001005,0.002152,0.001011,0.000655,0.000151
5400,0.000605,0.000949,0.003090,0.006936,0.001161,0.001012,0.001012,0.002174,0.001012,0.000679,0.000151
5500,0.000563,0.001065,0.003092,0.005547,0.001150,0.001007,0.001006,0.002173,0.001009,0.000660,0.000154
5600,0.000622,0.001029,0.003090,0.007078,0.001142,0.001011,0.001009,0.002146,0.001013,0.000673,0.000148
5700,0.000577,0.000970,0.003089,0.007366,0.001155,0.001008,0.001009,0.002159,0.001016,0.000622,0.000152
5800,0.000616,0.000984,0.003086,0.006264,0.001145,0.001006,0.001009,0.002127,0.001010,0.000595,0.000155
5900,0.000606,0.001056,0.003087,0.007639,0.001154,0.001011,0.001010,0.002141,0.001011,0.000695,0.000152
6000,0.000589,0.000978,0.003086,0.006800,0.001159,0.001011,0.001009,0.002169,0.001007,0.000658,0.000147
6100,0.000594,0.001023,0.003092,0.006961,0.001150,0.001005,0.001010,0.002154,0.001012,0.000681,0.000150
6200,0.000595,0.001011,0.003088,0.007495,0.001154,0.001008,0.001008,0.002175,0.001008,0.000606,0.000146
6300,0.000582,0.001106,0.003087,0.007505,0.001157,0.001006,0.001008,0.002140,0.001015,0.000656,0.000147
6400,0.000577,0.001027,0.003088,0.006760,0.001150,0.001009,0.001010,0.002133,0.001018,0.000660,0.000145
6500,0.000592,0.001009,0.003087,0.006253,0.001142,0.001006,0.001004,0.002155,0.001005,0.000627,0.000152
6600,0.000599,0.001039,0.003093,0.007243,0.001158,0.001010,0.001007,0.002185,0.001010,0.000648,0.000145
6700,0.000568,0.000980,0.003090,0.006798,0.001162,0.001011,0.001011,0.002171,0.001007,0.000623,0.000152
6800,0.000596,0.001031,0.003089,0.006216,0.001163,0.001008,0.001007,0.002153,0.001009,0.000622,0.000151
6900,0.000564,0.001077,0.003087,0.007209,0.001161,0.001011,0.001012,0.002178,0.001011,0.000590,0.000149
7000,0.000633,0.001061,0.003086,0.006981,0.001146,0.001003,0.001004,0.002145,0.001006,0.000661,0.000144
7100,0.000577,0.001062,0.003090,0.006277,0.001155,0.001009,0.001009,0.002156,0.001009,0.000681,0.000147
7200,0.000594,0.001043,0.003086,0.006161,0.001147,0.001007,0.001008,0.002159,0.001007,0.000701,0.000147
7300,0.000583,0.001050,0.003094,0.006491,0.001142,0.001009,0.001007,0.002140,0.001008,0.000677,0.000148
7400,0.000583,0.001030,0.003088,0.006958,0.001146,0.001008,0.001006,0.002132,0.001006,0.000663,0.000146
7500,0.000588,0.001086,0.003090,0.006493,0.001160,0.001012,0.001015,0.002106,0.001015,0.000664,0.000146
7600,0.000598,0.001025,0.003087,0.007195,0.001156,0.001010,0.001010,0.002151,0.001009,0.000675,0.000148
7700,0.000580,0.000984,0.003087,0.006377,0.001155,0.001009,0.001008,0.002135,0.001009,0.000663,0.000145
7800,0.000607,0.001051,0.003087,0.007520,0.001146,0.001009,0.001007,0.002163,0.001017,0.000695,0.000147
7900,0.000616,0.001002,0.003088,0.006298,0.001152,0.001010,0.001008,0.002169,0.001010,0.000647,0.000147
8000,0.000579,0.000970,0.003089,0.006794,0.001151,0.001007,0.001009,0.002149,0.001018,0.000685,0.000149
8100,0.000603,0.001008,0.003087,0.007494,0.001147,0.001009,0.001011,0.002177,0.001012,0.000660,0.000149
8200,0.000607,0.000981,0.003084,0.006801,0.001151,0.001005,0.001006,0.002144,0.001015,0.000651,0.000148
8300,0.000602,0.001034,0.003088,0.006804,0.001156,0.001007,0.001008,0.002178,0.001005,0.000671,0.000148
8400,0.000551,0.000929,0.003084,0.007762,0.001157,0.001010,0.001009,0.002129,0.001015,0.000669,0.000145
8500,0.000552,0.000999,0.003089,0.007060,0.001149,0.001008,0.001009,0.002136,0.000999,0.000673,0.000145
8600,0.000580,0.001027,0.003087,0.006284,0.001155,0.001009,0.001011,0.002165,0.001010,0.000643,0.000146
8700,0.000575,0.001053,0.003092,0.006808,0.001147,0.001007,0.001009,0.002193,0.001011,0.000687,0.000146
8800,0.000602,0.000993,0.003085,0.007197,0.001156,0.001011,0.001009,0.002153,0.001007,0.000676,0.000144
8900,0.000585,0.000976,0.003088,0.007463,0.001151,0.001007,0.001009,0.002156,0.001015,0.000568,0.000142
9000,0.000603,0.001013,0.003089,0.006969,0.001146,0.001006,0.001007,0.002146,0.001014,0.000630,0.000141
9100,0.000578,0.001030,0.003096,0.005646,0.001145,0.001012,0.001009,0.002153,0.001010,0.000708,0.000147
9200,0.000590,0.001050,0.003085,0.007474,0.001148,0.001008,0.001009,0.002141,0.001016,0.000692,0.000143
9300,0.000577,0.000964,0.003089,0.006522,0.001150,0.001010,0.001009,0.002152,0.001011,0.000651,0.000152
9400,0.000577,0.000954,0.003086,0.007338,0.001151,0.001010,0.001011,0.002137,0.001015,0.000687,0.000146
9500,0.000605,0.000980,0.003090,0.006635,0.001153,0.001010,0.001005,0.002166,0.001009,0.000707,0.000148
9600,0.000616,0.000975,0.003078,0.007093,0.001155,0.001012,0.001010,0.002175,0.001006,0.000640,0.000148
9700,0.000590,0.000994,0.003086,0.006347,0.001160,0.001008,0.001007,0.002158,0.001008,0.000606,0.000145
9800,0.000598,0.001035,0.003093,0.006640,0.001140,0.001005,0.001006,0.002123,0.001008,0.000612,0.000149
9900,0.000609,0.000933,0.003087,0.006570,0.001149,0.001007,0.001007,0.002130,0.001014,0.000608,0.000147
10000,0.000559,0.001011,0.003081,0.006779,0.001154,0.001010,0.001007,0.002171,0.001013,0.000578,0.000147
10100,0.000577,0.001008,0.003086,0.007040,0.001141,0.001006,0.001009,0.002147,0.001009,0.000706,0.000144
10200,0.000604,0.000957,0.003083,0.007221,0.001138,0.001008,0.001008,0.002138,0.001008,0.000670,0.000148
10300,0.000599,0.000959,0.003092,0.006422,0.001150,0.001012,0.001007,0.002164,0.001005,0.000638,0.000144
10400,0.000588,0.001037,0.003095,0.007202,0.001159,0.001012,0.001014,0.002169,0.001002,0.000663,0.000147
10500,0.000563,0.000990,0.003087,0.007507,0.001162,0.001008,0.001006,0.002137,0.001011,0.000628,0.000148
10600,0.000583,0.000919,0.003089,0.005995,0.001150,0.001010,0.001008,0.002165,0.001004,0.000684,0.000148
10700,0.000567,0.000960,0.003085,0.006805,0.001149,0.001005,0.001001,0.002156,0.001005,0.000581,0.000147
10800,0.000583,0.001014,0.003083,0.007161,0.001156,0.001011,0.001006,0.002156,0.001009,0.000655,0.000146
10900,0.000596,0.001024,0.003089,0.007214,0.001165,0.001010,0.001008,0.002152,0.001013,0.000704,0.000144
11000,0.000580,0.001094,0.003086,0.006420,0.001139,0.001006,0.001010,0.002155,0.001021,0.000713,0.000145
11100,0.000586,0.001019,0.003089,0.006951,0.001154,0.001010,0.001009,0.002147,0.001011,0.000715,0.000146
11200,0.000577,0.001038,0.003091,0.006634,0.001152,0.001009,0.001009,0.002153,0.001008,0.000724,0.000145
11300,0.000589,0.000985,0.003087,0.006765,0.001151,0.001005,0.001008,0.002172,0.001003,0.000663,0.000144
11400,0.000596,0.000973,0.003087,0.006901,0.001151,0.001007,0.001005,0.002174,0.001006,0.000645,0.000148
11500,0.000645,0.000958,0.003089,0.005924,0.001145,0.001005,0.001003,0.002148,0.001016,0.000663,0.000147
11600,0.000590,0.001053,0.003089,0.006941,0.001143,0.001010,0.001008,0.002157,0.001007,0.000647,0.000149
11700,0.000607,0.000992,0.003086,0.007135,0.001157,0.001008,0.001007,0.002165,0.001008,0.000627,0.000147
11800,0.000609,0.000988,0.003086,0.006500,0.001157,0.001010,0.001010,0.002113,0.001008,0.000664,0.000146
11900,0.000584,0.001043,0.003086,0.007817,0.001144,0.001011,0.001011,0.002143,0.001009,0.000594,0.000147
12000,0.000585,0.001080,0.003087,0.006197,0.001149,0.001006,0.001006,0.002151,0.001014,0.000642,0.000149
12100,0.000584,0.000940,0.003088,0.006381,0.001155,0.001005,0.001010,0.002172,0.001005,0.000672,0.000145
12200,0.000606,0.001020,0.003084,0.006613,0.001160,0.001005,0.001007,0.002148,0.001007,0.000700,0.000146
12300,0.000597,0.001009,0.003090,0.008098,0.001150,0.001005,0.001008,0.002149,0.001007,0.000663,0.000145
12400,0.000582,0.001041,0.003092,0.008014,0.001150,0.001003,0.001007,0.002155,0.001006,0.000674,0.000143
12500,0.000573,0.001003,0.003084,0.007262,0.001144,0.001006,0.001010,0.002148,0.001005,0.000681,0.000141
12600,0.000593,0.000962,0.003085,0.005630,0.001151,0.001012,0.001011,0.002129,0.001008,0.000648,0.000141
12700,0.000615,0.000965,0.003087,0.006186,0.001150,0.001009,0.001007,0.002132,0.001012,0.000732,0.000143
12800,0.000620,0.001009,0.003091,0.006800,0.001147,0.001007,0.001010,0.002194,0.001010,0.000677,0.000145
12900,0.000592,0.000997,0.003087,0.006199,0.001150,0.001005,0.001003,0.002166,0.001013,0.000670,0.000147
13000,0.000591,0.001042,0.003090,0.005712,0.001157,0.001008,0.001007,0.002147,0.001004,0.000653,0.000146
13100,0.000569,0.001009,0.003099,0.006803,0.001140,0.001006,0.001006,0.002140,0.001010,0.000673,0.000153
13200,0.000584,0.001004,0.003082,0.006806,0.001152,0.001006,0.001007,0.002146,0.001009,0.000667,0.000145
13300,0.000599,0.000983,0.003084,0.007269,0.001149,0.001009,0.001012,0.002141,0.001006,0.000719,0.000145
13400,0.000570,0.000994,0.003084,0.007190,0.001149,0.001006,0.001013,0.002119,0.001007,0.000686,0.000144
13500,0.000591,0.001047,0.003093,0.006773,0.001162,0.001009,0.001007,0.002136,0.001005,0.000660,0.000138
13600,0.000603,0.000956,0.003085,0.006623,0.001147,0.001008,0.001007,0.002159,0.001006,0.000639,0.000145
13700,0.000603,0.001044,0.003084,0.006367,0.001155,0.001007,0.001005,0.002148,0.001009,0.000691,0.000146
13800,0.000579,0.001010,0.003092,0.006517,0.001153,0.001012,0.001007,0.002138,0.001013,0.000656,0.000147
13900,0.000557,0.000977,0.003090,0.006407,0.001147,0.001003,0.001004,0.002150,0.001004,0.000681,0.000146
14000,0.000582,0.001035,0.003090,0.006480,0.001148,0.001006,0.001006,0.002163,0.001006,0.000708,0.000145
14100,0.000588,0.001006,0.003084,0.006523,0.001149,0.001012,0.001009,0.002171,0.001004,0.000667,0.000142
14200,0.000578,0.000991,0.003088,0.007308,0.001160,0.001009,0.001008,0.002159,0.001008,0.000630,0.000152
14300,0.000607,0.001028,0.003083,0.007289,0.001157,0.001010,0.001010,0.002145,0.001006,0.000673,0.000144
14400,0.000577,0.000979,0.003084,0.007119,0.001149,0.001006,0.001007,0.002155,0.001004,0.000612,0.000143
14500,0.000590,0.001044,0.003086,0.006627,0.001141,0.001008,0.001012,0.002144,0.001004,0.000600,0.000143
14600,0.000585,0.000984,0.003083,0.007074,0.001140,0.001009,0.001007,0.002120,0.001001,0.000654,0.000142
14700,0.000577,0.001122,0.003087,0.007476,0.001138,0.001005,0.001005,0.002184,0.001012,0.000634,0.000141
14800,0.000565,0.001009,0.003085,0.006279,0.001141,0.001003,0.001004,0.002123,0.001008,0.000651,0.000145
14900,0.000592,0.000998,0.003086,0.007114,0.001152,0.001012,0.001009,0.002172,0.001011,0.000637,0.000143
15000,0.000594,0.000989,0.003085,0.006349,0.001159,0.001011,0.001009,0.002150,0.001007,0.000654,0.000145
15100,0.000600,0.001008,0.003087,0.007304,0.001147,0.001008,0.001007,0.002125,0.001007,0.000648,0.000141
15200,0.000616,0.001015,0.003087,0.006245,0.001139,0.001006,0.001009,0.002123,0.001012,0.000667,0.000144
15300,0.000594,0.000989,0.003096,0.007135,0.001147,0.001008,0.001011,0.002157,0.001008,0.000642,0.000141
15400,0.000580,0.000964,0.003087,0.008725,0.001147,0.001005,0.001008,0.002164,0.001011,0.000707,0.000141
15500,0.000601,0.000988,0.003085,0.006789,0.001149,0.001008,0.001008,0.002152,0.001002,0.000750,0.000142
15600,0.000609,0.000983,0.003081,0.005980,0.001157,0.001005,0.001006,0.002128,0.001002,0.000671,0.000138
15700,0.000595,0.000998,0.003084,0.007284,0.001147,0.001004,0.001004,0.002140,0.001008,0.000591,0.000145
15800,0.000576,0.000960,0.003084,0.006817,0.001157,0.001008,0.001008,0.002133,0.001009,0.000632,0.000142
15900,0.000597,0.000974,0.003089,0.006970,0.001159,0.001003,0.001004,0.002157,0.001002,0.000717,0.000145
16000,0.000575,0.001034,0.003086,0.006142,0.001144,0.001008,0.001010,0.002144,0.001006,0.000642,0.000150
16100,0.000579,0.001012,0.003092,0.006954,0.001156,0.001008,0.001005,0.002146,0.001008,0.000667,0.000148
16200,0.000591,0.001022,0.003084,0.006361,0.001147,0.001004,0.001006,0.002160,0.001010,0.000620,0.000141
16300,0.000598,0.000978,0.003085,0.007094,0.001150,0.001009,0.001011,0.002137,0.001015,0.000670,0.000146
16400,0.000580,0.001027,0.003085,0.006912,0.001145,0.001005,0.001004,0.002157,0.001007,0.000713,0.000141
16500,0.000546,0.001068,0.003091,0.006621,0.001159,0.001008,0.001007,0.002159,0.001011,0.000705,0.000139
16600,0.000548,0.001025,0.003085,0.008401,0.001161,0.001008,0.001006,0.002167,0.001009,0.000636,0.000143
16700,0.000560,0.000989,0.003085,0.006321,0.001163,0.001007,0.001008,0.002183,0.001008,0.000646,0.000141
16800,0.000587,0.000973,0.003083,0.006288,0.001156,0.001008,0.001008,0.002184,0.001004,0.000609,0.000145
16900,0.000600,0.000992,0.003083,0.007878,0.001153,0.001008,0.001007,0.002158,0.001009,0.000676,0.000142
17000,0.000569,0.000960,0.003087,0.006156,0.001154,0.001009,0.001010,0.002155,0.001007,0.000711,0.000145
17100,0.000612,0.000940,0.003083,0.007287,0.001155,0.001004,0.001009,0.002147,0.001004,0.000738,0.000142
17200,0.000566,0.000955,0.003092,0.007059,0.001149,0.001005,0.001006,0.002149,0.001007,0.000604,0.000143
17300,0.000593,0.000934,0.003086,0.006672,0.001142,0.001005,0.001003,0.002109,0.001010,0.000627,0.000149
17400,0.000601,0.001027,0.003084,0.006647,0.001161,0.001006,0.001007,0.002163,0.001007,0.000669,0.000141
17500,0.000591,0.001085,0.003085,0.006306,0.001160,0.001008,0.001012,0.002162,0.001009,0.000700,0.000141
17600,0.000602,0.001004,0.003087,0.006521,0.001151,0.001006,0.001005,0.002130,0.001003,0.000646,0.000140
17700,0.000588,0.001059,0.003091,0.006799,0.001149,0.001006,0.001008,0.002164,0.001004,0.000582,0.000139
17800,0.000619,0.001012,0.003087,0.007328,0.001146,0.001008,0.001007,0.002147,0.001003,0.000654,0.000145
17900,0.000574,0.000965,0.003091,0.007257,0.001146,0.001005,0.001009,0.002147,0.001008,0.000646,0.000145
18000,0.000596,0.001019,0.003084,0.007698,0.001150,0.001006,0.001010,0.002148,0.001006,0.000706,0.000141
18100,0.000583,0.000997,0.003088,0.006935,0.001156,0.001001,0.001004,0.002154,0.001005,0.000694,0.000143
18200,0.000584,0.001022,0.003083,0.006963,0.001164,0.001007,0.001008,0.002131,0.001006,0.000658,0.000141
18300,0.000574,0.000978,0.003082,0.006306,0.001133,0.001006,0.001010,0.002137,0.001009,0.000657,0.000142
18400,0.000594,0.000994,0.003089,0.006363,0.001153,0.001005,0.001003,0.002165,0.001014,0.000661,0.000139
18500,0.000595,0.001011,0.003082,0.006072,0.001155,0.001008,0.001007,0.002148,0.001008,0.000677,0.000146
18600,0.000580,0.001074,0.003096,0.006403,0.001164,0.001005,0.001010,0.002158,0.001010,0.000640,0.000163
18700,0.000625,0.000947,0.003083,0.006377,0.001156,0.001007,0.001007,0.002134,0.001007,0.000654,0.000152
18800,0.000574,0.000979,0.003085,0.007588,0.001137,0.001003,0.001004,0.002156,0.001005,0.000645,0.000147
18900,0.000572,0.000967,0.003085,0.006806,0.001139,0.001007,0.001004,0.002164,0.001006,0.000655,0.000149
19000,0.000589,0.001023,0.003088,0.006791,0.001141,0.001008,0.001009,0.002172,0.001009,0.000659,0.000140
19100,0.000592,0.001096,0.003085,0.006235,0.001148,0.001006,0.001008,0.002138,0.001008,0.000611,0.000146
19200,0.000570,0.001015,0.003085,0.007046,0.001146,0.001005,0.001005,0.002133,0.001015,0.000722,0.000144
19300,0.000577,0.000940,0.003084,0.007185,0.001157,0.001008,0.001006,0.002150,0.001002,0.000656,0.000140
19400,0.000604,0.001053,0.003085,0.006946,0.001146,0.001007,0.001005,0.002156,0.001009,0.000609,0.000144
19500,0.000596,0.000951,0.003092,0.006783,0.001158,0.001008,0.001008,0.002165,0.001005,0.000658,0.000148
19600,0.000585,0.000925,0.003085,0.006663,0.001146,0.001005,0.001006,0.002139,0.001009,0.000644,0.000141
19700,0.000568,0.001002,0.003088,0.007139,0.001146,0.001005,0.001010,0.002162,0.001002,0.000687,0.000145
19800,0.000616,0.001038,0.003091,0.006213,0.001145,0.001006,0.001003,0.002152,0.001005,0.000572,0.000142
19900,0.000597,0.001031,0.003083,0.005778,0.001142,0.001006,0.001007,0.002147,0.001005,0.000701,0.000143
20000,0.000593,0.000964,0.003084,0.006950,0.001160,0.001009,0.001009,0.002166,0.001009,0.000625,0.000142
20100,0.000570,0.001011,0.003083,0.006764,0.001154,0.001005,0.001006,0.002155,0.001004,0.000720,0.000148
20200,0.000600,0.001110,0.003091,0.006678,0.001154,0.001008,0.001009,0.002131,0.001004,0.000676,0.000146
20300,0.000561,0.000953,0.003088,0.006793,0.001147,0.001004,0.001005,0.002158,0.000999,0.000598,0.000144
20400,0.000619,0.001001,0.003087,0.007082,0.001151,0.001008,0.001004,0.002120,0.001009,0.000612,0.000142
20500,0.000569,0.000973,0.003085,0.006493,0.001148,0.001007,0.001006,0.002146,0.001006,0.000637,0.000149
20600,0.000553,0.001089,0.003088,0.006938,0.001146,0.001005,0.001006,0.002154,0.001010,0.000621,0.000142
20700,0.000598,0.000993,0.003082,0.006819,0.001151,0.001007,0.001007,0.002150,0.001006,0.000730,0.000142
20800,0.000605,0.001004,0.003086,0.006079,0.001147,0.001009,0.001010,0.002144,0.001006,0.000676,0.000139
20900,0.000591,0.001005,0.003088,0.007130,0.001145,0.001007,0.001004,0.002147,0.001010,0.000700,0.000142
21000,0.000589,0.000991,0.003087,0.007291,0.001140,0.001006,0.001010,0.002117,0.001006,0.000647,0.000145
21100,0.000597,0.001028,0.003082,0.006447,0.001157,0.001004,0.001003,0.002158,0.001008,0.000643,0.000144
21200,0.000578,0.001015,0.003089,0.006070,0.001154,0.001005,0.001008,0.002186,0.001012,0.000693,0.000144
21300,0.000602,0.001069,0.003086,0.006972,0.001144,0.001002,0.001003,0.002136,0.001004,0.000658,0.000145
21400,0.000558,0.000960,0.003090,0.007179,0.001150,0.001008,0.001003,0.002197,0.001007,0.000601,0.000145
21500,0.000590,0.001077,0.003085,0.006395,0.001141,0.001010,0.001006,0.002120,0.001007,0.000685,0.000141
21600,0.000582,0.001024,0.003089,0.007327,0.001153,0.001006,0.001008,0.002143,0.001004,0.000652,0.000144
21700,0.000594,0.000972,0.003082,0.007199,0.001149,0.001007,0.001009,0.002144,0.001006,0.000630,0.000138
21800,0.000584,0.001052,0.003083,0.007258,0.001138,0.001006,0.001004,0.002147,0.001006,0.000630,0.000143
21900,0.000586,0.001008,0.003086,0.007470,0.001154,0.001011,0.001008,0.002162,0.001003,0.000675,0.000145
22000,0.000581,0.001023,0.003084,0.006483,0.001146,0.001005,0.001007,0.002157,0.001004,0.000648,0.000143
22100,0.000579,0.000973,0.003089,0.007266,0.001154,0.001004,0.001004,0.002179,0.001011,0.000585,0.000141
22200,0.000600,0.000991,0.003086,0.006501,0.001149,0.001003,0.001003,0.002139,0.001004,0.000721,0.000141
22300,0.000615,0.000960,0.003090,0.006454,0.001162,0.001008,0.001009,0.002171,0.001011,0.000671,0.000142
22400,0.000615,0.000999,0.003086,0.005766,0.001154,0.001010,0.001009,0.002147,0.001006,0.000622,0.000141
22500,0.000584,0.000980,0.003084,0.006486,0.001164,0.001008,0.001006,0.002128,0.001006,0.000590,0.000140
22600,0.000560,0.000947,0.003085,0.007406,0.001154,0.001008,0.001005,0.002134,0.001015,0.000647,0.000144
22700,0.000594,0.001064,0.003088,0.006582,0.001175,0.001008,0.001006,0.002136,0.001009,0.000731,0.000142
22800,0.000597,0.000959,0.003085,0.006813,0.001153,0.001006,0.001006,0.002151,0.001008,0.000664,0.000140
22900,0.000595,0.000998,0.003086,0.007356,0.001144,0.001007,0.001008,0.002132,0.001013,0.000704,0.000144
23000,0.000591,0.000976,0.003082,0.006801,0.001154,0.001003,0.001008,0.002111,0.001006,0.000670,0.000138
23100,0.000592,0.001049,0.003083,0.006637,0.001150,0.001005,0.001003,0.002138,0.001007,0.000589,0.000138
23200,0.000587,0.000976,0.003085,0.006415,0.001151,0.001007,0.001008,0.002091,0.001003,0.000713,0.000145
23300,0.000582,0.001010,0.003087,0.006438,0.001142,0.001006,0.001005,0.002127,0.001006,0.000694,0.000142
23400,0.000594,0.000999,0.003085,0.006624,0.001157,0.001010,0.001010,0.002168,0.001007,0.000625,0.000141
23500,0.000607,0.001073,0.003088,0.005917,0.001138,0.001005,0.001005,0.002153,0.001007,0.000669,0.000142
23600,0.000600,0.001037,0.003082,0.006950,0.001156,0.001004,0.001003,0.002169,0.001003,0.000642,0.000145
23700,0.000588,0.000972,0.003083,0.006738,0.001159,0.001007,0.001008,0.002171,0.001004,0.000639,0.000140
23800,0.000618,0.001029,0.003090,0.007182,0.001135,0.001004,0.001003,0.002170,0.001011,0.000645,0.000140
23900,0.000597,0.000961,0.003090,0.006438,0.001147,0.001007,0.001006,0.002147,0.001006,0.000746,0.000145
24000,0.000590,0.001025,0.003084,0.006786,0.001145,0.001003,0.001007,0.002131,0.001007,0.000719,0.000141
24100,0.000585,0.000977,0.003085,0.007523,0.001149,0.001007,0.001006,0.002136,0.001002,0.000704,0.000144
24200,0.000587,0.000991,0.003085,0.006982,0.001149,0.001006,0.001009,0.002141,0.001006,0.000553,0.000143
24300,0.000577,0.000953,0.003083,0.006692,0.001140,0.001004,0.001006,0.002186,0.001004,0.000682,0.000143
24400,0.000599,0.001051,0.003085,0.007370,0.001146,0.001006,0.001009,0.002128,0.001004,0.000683,0.000139
24500,0.000581,0.000966,0.003086,0.007375,0.001138,0.001003,0.001006,0.002148,0.001005,0.000653,0.000141
24600,0.000556,0.000995,0.003090,0.006573,0.001151,0.001004,0.001003,0.002199,0.001006,0.000692,0.000143
24700,0.000568,0.000974,0.003073,0.006797,0.001156,0.001005,0.001004,0.002133,0.001008,0.000590,0.000142
24800,0.000562,0.000987,0.003084,0.007190,0.001147,0.001006,0.001005,0.002153,0.001010,0.000664,0.000144
24900,0.000560,0.001051,0.003084,0.006368,0.001157,0.001006,0.001007,0.002163,0.001006,0.000677,0.000140
25000,0.000603,0.001053,0.003087,0.006543,0.001154,0.001006,0.001003,0.002160,0.001006,0.000682,0.000143
25100,0.000601,0.001012,0.003087,0.006756,0.001146,0.001008,0.001006,0.002132,0.001008,0.000696,0.000140
25200,0.000604,0.000971,0.003087,0.007323,0.001149,0.001006,0.001007,0.002157,0.001005,0.000672,0.000149
25300,0.000590,0.000978,0.003091,0.007039,0.001173,0.001006,0.001006,0.002161,0.001009,0.000692,0.000141
25400,0.000583,0.000978,0.003085,0.006579,0.001157,0.001006,0.001006,0.002131,0.001011,0.000636,0.000143
25500,0.000609,0.001017,0.003084,0.006656,0.001143,0.001000,0.001004,0.002151,0.001008,0.000635,0.000138
25600,0.000586,0.001002,0.003080,0.006512,0.001151,0.001006,0.001007,0.002136,0.001006,0.000696,0.000143
25700,0.000610,0.001016,0.003086,0.006978,0.001155,0.001005,0.001007,0.002149,0.001008,0.000646,0.000140
25800,0.000611,0.001008,0.003088,0.007480,0.001144,0.001003,0.001005,0.002167,0.001007,0.000636,0.000142
25900,0.000578,0.000976,0.003083,0.006050,0.001151,0.001009,0.001006,0.002149,0.001009,0.000739,0.000142
26000,0.000617,0.000993,0.003089,0.006294,0.001146,0.001006,0.001004,0.002144,0.001006,0.000666,0.000144
26100,0.000586,0.001011,0.003084,0.007664,0.001152,0.001007,0.001008,0.002156,0.001002,0.000674,0.000147
26200,0.000570,0.001026,0.003086,0.006475,0.001154,0.001001,0.001007,0.002119,0.001006,0.000628,0.000147
26300,0.000572,0.000987,0.003084,0.006777,0.001148,0.001006,0.001002,0.002152,0.001005,0.000632,0.000138
26400,0.000605,0.000995,0.003092,0.007039,0.001155,0.001008,0.001008,0.002143,0.001004,0.000678,0.000141
26500,0.000585,0.001061,0.003086,0.006179,0.001146,0.001007,0.001007,0.002140,0.001005,0.000692,0.000137
26600,0.000589,0.001007,0.003084,0.007490,0.001149,0.001007,0.001008,0.002153,0.001008,0.000669,0.000143
26700,0.000592,0.000923,0.003082,0.007248,0.001147,0.001010,0.001005,0.002176,0.001006,0.000722,0.000139
26800,0.000613,0.001042,0.003088,0.007153,0.001151,0.001007,0.001006,0.002138,0.001006,0.000654,0.000142
26900,0.000582,0.001025,0.003086,0.006428,0.001134,0.001007,0.001008,0.002135,0.001007,0.000654,0.000141
27000,0.000618,0.001077,0.003082,0.006470,0.001141,0.001002,0.001004,0.002136,0.001007,0.000634,0.000145
27100,0.000606,0.001003,0.003089,0.006550,0.001152,0.001005,0.001009,0.002140,0.001001,0.000688,0.000144
27200,0.000593,0.000984,0.003088,0.006661,0.001145,0.001007,0.001005,0.002166,0.001001,0.000603,0.000141
27300,0.000571,0.000986,0.003082,0.006634,0.001141,0.001008,0.001007,0.002175,0.001006,0.000728,0.000146
27400,0.000595,0.000951,0.003086,0.006275,0.001155,0.001007,0.001008,0.002141,0.001005,0.000602,0.000145
27500,0.000588,0.001032,0.003086,0.007400,0.001151,0.001005,0.001005,0.002177,0.001011,0.000672,0.000143
27600,0.000602,0.001024,0.003088,0.007004,0.001150,0.001006,0.001003,0.002174,0.001008,0.000623,0.000140
27700,0.000546,0.001064,0.003088,0.005824,0.001149,0.001004,0.001003,0.002151,0.001005,0.000658,0.000141
27800,0.000601,0.000976,0.003088,0.007105,0.001150,0.001006,0.001004,0.002167,0.001003,0.000675,0.000143
27900,0.000561,0.001060,0.003083,0.006641,0.001160,0.001007,0.001006,0.002150,0.001005,0.000572,0.000137
28000,0.000589,0.000999,0.003084,0.006959,0.001139,0.001005,0.001006,0.002166,0.001010,0.000627,0.000143
28100,0.000566,0.000968,0.003085,0.006635,0.001151,0.001009,0.001008,0.002156,0.001003,0.000656,0.000141
28200,0.000607,0.001033,0.003085,0.006529,0.001142,0.001008,0.001009,0.002148,0.001003,0.000663,0.000141
28300,0.000600,0.000984,0.003087,0.006631,0.001158,0.001007,0.001008,0.002171,0.001005,0.000593,0.000147
28400,0.000620,0.001040,0.003086,0.007395,0.001142,0.001005,0.001005,0.002155,0.001009,0.000528,0.000137
28500,0.000569,0.001001,0.003086,0.007068,0.001139,0.001004,0.001007,0.002148,0.001009,0.000621,0.000140
28600,0.000571,0.000943,0.003087,0.007245,0.001163,0.001009,0.001004,0.002166,0.001008,0.000676,0.000139
28700,0.000628,0.000932,0.003084,0.006636,0.001138,0.001001,0.001004,0.002170,0.001001,0.000774,0.000142
28800,0.000576,0.001014,0.003089,0.007328,0.001149,0.001006,0.001005,0.002162,0.001005,0.000665,0.000144
28900,0.000600,0.000960,0.003087,0.007851,0.001137,0.001006,0.001008,0.002137,0.001004,0.000643,0.000139
29000,0.000599,0.001060,0.003087,0.006929,0.001149,0.001003,0.001007,0.002208,0.001006,0.000700,0.000141
29100,0.000587,0.000938,0.003083,0.006230,0.001155,0.001007,0.001007,0.002105,0.001004,0.000651,0.000138
29200,0.000581,0.001042,0.003082,0.006153,0.001154,0.001001,0.001004,0.002164,0.001006,0.000678,0.000142
29300,0.000567,0.000981,0.003086,0.006943,0.001156,0.001006,0.001009,0.002119,0.001003,0.000586,0.000139
29400,0.000590,0.001016,0.003084,0.006329,0.001148,0.001005,0.001006,0.002154,0.000998,0.000640,0.000142
29500,0.000593,0.001039,0.003091,0.006943,0.001149,0.001003,0.001002,0.002164,0.001006,0.000588,0.000142
29600,0.000599,0.001043,0.003082,0.006620,0.001153,0.001001,0.001004,0.002133,0.001007,0.000621,0.000139
29700,0.000577,0.001002,0.003092,0.007508,0.001148,0.001012,0.001007,0.002184,0.001030,0.000605,0.000139
29800,0.000585,0.001011,0.003083,0.006521,0.001141,0.001007,0.001007,0.002131,0.001005,0.000684,0.000139
29900,0.000577,0.001007,0.003080,0.007375,0.001145,0.001007,0.001006,0.002162,0.001005,0.000656,0.000145
30000,0.000601,0.000961,0.003086,0.007068,0.001153,0.001004,0.001006,0.002095,0.001010,0.000617,0.000137
30100,0.000623,0.000982,0.003087,0.006603,0.001147,0.001006,0.001008,0.002159,0.001010,0.000691,0.000143
30200,0.000614,0.000997,0.003087,0.006481,0.001146,0.001003,0.001004,0.002157,0.001006,0.000725,0.000142
30300,0.000578,0.001048,0.003086,0.007802,0.001154,0.001006,0.001005,0.002167,0.001003,0.000628,0.000141
30400,0.000605,0.000989,0.003079,0.006289,0.001144,0.001005,0.001003,0.002162,0.001013,0.000643,0.000141
30500,0.000589,0.001037,0.003085,0.008152,0.001159,0.001003,0.001002,0.002141,0.001006,0.000682,0.000144
30600,0.000634,0.000993,0.003085,0.008002,0.001135,0.001007,0.001007,0.002138,0.001010,0.000636,0.000138
30700,0.000613,0.000987,0.003082,0.006012,0.001148,0.001004,0.001004,0.002140,0.001009,0.000703,0.000139
30800,0.000579,0.001049,0.003081,0.006654,0.001147,0.001008,0.001010,0.002153,0.001004,0.000695,0.000141
30900,0.000565,0.000988,0.003088,0.006916,0.001148,0.001004,0.001005,0.002147,0.001004,0.000664,0.000142
31000,0.000592,0.001003,0.003082,0.006584,0.001139,0.001008,0.001003,0.002150,0.001008,0.000646,0.000143
31100,0.000560,0.001032,0.003083,0.006964,0.001150,0.001005,0.001005,0.002152,0.001007,0.000679,0.000140
31200,0.000592,0.000986,0.003086,0.006934,0.001146,0.001002,0.001005,0.002114,0.001006,0.000635,0.000141
31300,0.000551,0.000995,0.003088,0.006051,0.001148,0.001004,0.001003,0.002120,0.001004,0.000682,0.000144
31400,0.000593,0.000938,0.003080,0.006023,0.001158,0.001007,0.001006,0.002156,0.001007,0.000664,0.000141
31500,0.000591,0.001050,0.003087,0.006520,0.001148,0.001007,0.001005,0.002147,0.001006,0.000719,0.000143
31600,0.000615,0.000992,0.003081,0.006940,0.001154,0.001009,0.001009,0.002186,0.001005,0.000673,0.000141
31700,0.000597,0.000959,0.003084,0.007102,0.001142,0.001005,0.001005,0.002143,0.001005,0.000650,0.000141
31800,0.000570,0.000996,0.003085,0.007368,0.001149,0.001007,0.001010,0.002160,0.001004,0.000649,0.000137
31900,0.000580,0.000959,0.003083,0.005563,0.001155,0.001003,0.001003,0.002127,0.001004,0.000608,0.000141
32000,0.000592,0.001004,0.003090,0.006802,0.001146,0.001004,0.001003,0.002151,0.001003,0.000681,0.000141
32100,0.000578,0.000979,0.003081,0.007289,0.001160,0.001002,0.001005,0.002134,0.001011,0.000651,0.000144
32200,0.000602,0.000971,0.003079,0.007030,0.001148,0.001004,0.001007,0.002189,0.001010,0.000598,0.000136
32300,0.000575,0.000961,0.003082,0.005978,0.001154,0.001008,0.001006,0.002158,0.001009,0.000664,0.000140
32400,0.000587,0.000988,0.003083,0.006940,0.001153,0.001003,0.001004,0.002154,0.001005,0.000696,0.000137
32500,0.000580,0.000964,0.003089,0.006191,0.001155,0.001005,0.001007,0.002171,0.001007,0.000614,0.000138
32600,0.000604,0.001025,0.003085,0.007050,0.001147,0.001013,0.001009,0.002128,0.001004,0.000600,0.000148
32700,0.000597,0.000911,0.003089,0.006185,0.001148,0.001005,0.001005,0.002131,0.001006,0.000625,0.000137
32800,0.000566,0.000986,0.003086,0.006511,0.001144,0.001006,0.001006,0.002149,0.001004,0.000702,0.000138
32900,0.000596,0.001001,0.003083,0.006633,0.001156,0.001002,0.001005,0.002176,0.001005,0.000671,0.000139
33000,0.000608,0.001043,0.003082,0.006957,0.001151,0.001006,0.001007,0.002109,0.000999,0.000673,0.000144
33100,0.000601,0.000956,0.003081,0.007184,0.001149,0.001007,0.001005,0.002131,0.001008,0.000581,0.000142
33200,0.000598,0.000995,0.003090,0.006778,0.001151,0.001004,0.001006,0.002156,0.001010,0.000551,0.000141
33300,0.000564,0.001006,0.003084,0.007823,0.001143,0.001005,0.001006,0.002123,0.001007,0.000660,0.000141
33400,0.000572,0.000983,0.003087,0.006226,0.001154,0.001007,0.001008,0.002128,0.001004,0.000608,0.000140
33500,0.000572,0.001005,0.003082,0.006941,0.001132,0.001007,0.001001,0.002127,0.001003,0.000644,0.000138
33600,0.000554,0.000950,0.003085,0.006886,0.001160,0.001002,0.001004,0.002138,0.001002,0.000663,0.000143
33700,0.000589,0.001009,0.003087,0.006970,0.001146,0.001002,0.001003,0.002142,0.001007,0.000644,0.000137
33800,0.000588,0.001020,0.003087,0.007080,0.001146,0.001009,0.001008,0.002126,0.001003,0.000661,0.000134
33900,0.000589,0.000886,0.003083,0.006623,0.001153,0.001005,0.001005,0.002155,0.001008,0.000613,0.000139
34000,0.000592,0.000987,0.003085,0.006627,0.001152,0.001007,0.001008,0.002141,0.001007,0.000654,0.000139
34100,0.000611,0.001029,0.003081,0.006769,0.001146,0.001010,0.001007,0.002120,0.001008,0.000685,0.000143
34200,0.000610,0.000973,0.003086,0.007224,0.001145,0.001004,0.001004,0.002157,0.001010,0.000700,0.000138
34300,0.000541,0.000936,0.003083,0.006486,0.001155,0.001005,0.001007,0.002179,0.001006,0.000658,0.000140
34400,0.000585,0.000977,0.003086,0.006782,0.001146,0.001003,0.001004,0.002162,0.001007,0.000644,0.000140
34500,0.000607,0.000990,0.003087,0.007125,0.001141,0.001006,0.001008,0.002164,0.001004,0.000587,0.000145
34600,0.000582,0.000965,0.003093,0.006959,0.001149,0.001006,0.001002,0.002156,0.001003,0.000653,0.000140
34700,0.000579,0.000993,0.003080,0.007101,0.001150,0.001008,0.001004,0.002165,0.001003,0.000760,0.000143
34800,0.000578,0.000978,0.003082,0.006788,0.001147,0.001007,0.001009,0.002152,0.001008,0.000670,0.000142
34900,0.000616,0.001053,0.003086,0.006811,0.001139,0.001007,0.001007,0.002153,0.001003,0.000681,0.000146
35000,0.000578,0.001045,0.003089,0.006759,0.001150,0.001005,0.001005,0.002155,0.001009,0.000623,0.000136
35100,0.000614,0.001046,0.003085,0.007179,0.001143,0.001002,0.001003,0.002135,0.001005,0.000651,0.000141
35200,0.000574,0.001034,0.003088,0.006993,0.001147,0.001005,0.001004,0.002119,0.001007,0.000716,0.000139
35300,0.000589,0.001007,0.003082,0.006372,0.001140,0.001003,0.001004,0.002169,0.001012,0.000692,0.000137
35400,0.000606,0.000949,0.003086,0.007158,0.001148,0.001006,0.001005,0.002137,0.001006,0.000611,0.000140
35500,0.000595,0.000967,0.003081,0.006885,0.001147,0.001009,0.001006,0.002167,0.001007,0.000667,0.000140
35600,0.000608,0.001019,0.003080,0.006347,0.001148,0.001007,0.001008,0.002110,0.001005,0.000722,0.000143
35700,0.000615,0.001054,0.003089,0.006480,0.001153,0.001005,0.001006,0.002158,0.001008,0.000692,0.000141
35800,0.000575,0.001070,0.003084,0.007146,0.001148,0.001004,0.001005,0.002114,0.001004,0.000715,0.000140
35900,0.000584,0.001012,0.003080,0.006082,0.001137,0.001006,0.001005,0.002148,0.001009,0.000593,0.000140
36000,0.000584,0.000960,0.003087,0.007075,0.001144,0.001006,0.001006,0.002137,0.001009,0.000602,0.000140
36100,0.000597,0.000992,0.003085,0.007239,0.001133,0.001002,0.001005,0.002152,0.000999,0.000671,0.000142
36200,0.000617,0.001008,0.003089,0.007853,0.001135,0.001006,0.001003,0.002161,0.001002,0.000623,0.000139
36300,0.000605,0.000947,0.003081,0.006677,0.001157,0.001008,0.001007,0.002108,0.001002,0.000698,0.000140
36400,0.000573,0.001024,0.003086,0.006610,0.001147,0.001004,0.001003,0.002190,0.001005,0.000636,0.000139
36500,0.000550,0.000966,0.003083,0.006626,0.001155,0.001007,0.001005,0.002150,0.001006,0.000644,0.000139
36600,0.000602,0.000902,0.003082,0.007716,0.001148,0.001002,0.001003,0.002151,0.001003,0.000623,0.000136
36700,0.000577,0.000951,0.003083,0.006911,0.001142,0.001005,0.001006,0.002100,0.001005,0.000650,0.000140
36800,0.000594,0.001023,0.003088,0.006428,0.001157,0.001004,0.001004,0.002172,0.000998,0.000635,0.000136
36900,0.000572,0.000894,0.003088,0.006346,0.001143,0.001003,0.001004,0.002141,0.001003,0.000635,0.000140
37000,0.000619,0.001004,0.003081,0.006046,0.001150,0.001002,0.001004,0.002154,0.001004,0.000708,0.000139
37100,0.000596,0.001016,0.003088,0.006398,0.001141,0.001008,0.001003,0.002142,0.001006,0.000652,0.000141
37200,0.000600,0.001034,0.003082,0.007640,0.001143,0.001006,0.001008,0.002140,0.001005,0.000649,0.000137
37300,0.000588,0.000989,0.003085,0.007399,0.001139,0.001006,0.001007,0.002158,0.001005,0.000618,0.000136
37400,0.000624,0.001005,0.003084,0.007122,0.001139,0.001006,0.001003,0.002156,0.001010,0.000654,0.000145
37500,0.000605,0.001045,0.003088,0.006633,0.001153,0.001008,0.001009,0.002172,0.001006,0.000717,0.000148
37600,0.000594,0.000977,0.003083,0.006244,0.001140,0.001002,0.001003,0.002170,0.001006,0.000588,0.000138
37700,0.000580,0.000973,0.003083,0.007218,0.001156,0.001005,0.001004,0.002137,0.001005,0.000626,0.000137
37800,0.000567,0.001039,0.003082,0.006326,0.001150,0.001001,0.001002,0.002169,0.001003,0.000701,0.000146
37900,0.000553,0.001006,0.003084,0.007336,0.001147,0.001002,0.001005,0.002121,0.001006,0.000612,0.000140
38000,0.000625,0.001001,0.003079,0.007639,0.001152,0.001006,0.001006,0.002165,0.001002,0.000731,0.000142
38100,0.000612,0.000939,0.003084,0.006668,0.001131,0.001004,0.001004,0.002118,0.001002,0.000685,0.000136
38200,0.000575,0.000974,0.003085,0.006308,0.001150,0.001008,0.001007,0.002129,0.001001,0.000628,0.000136
38300,0.000575,0.000952,0.003089,0.007376,0.001151,0.001004,0.001004,0.002163,0.001005,0.000636,0.000138
38400,0.000555,0.000997,0.003080,0.006077,0.001144,0.001008,0.001009,0.002168,0.001006,0.000653,0.000140
38500,0.000565,0.001052,0.003084,0.006228,0.001150,0.001008,0.001003,0.002118,0.001013,0.000666,0.000140
38600,0.000595,0.000951,0.003082,0.007534,0.001138,0.001000,0.001003,0.002149,0.001008,0.000633,0.000144
38700,0.000590,0.001002,0.003089,0.007204,0.001131,0.001005,0.001004,0.002133,0.001005,0.000728,0.000140
38800,0.000581,0.001064,0.003084,0.006470,0.001160,0.001006,0.001006,0.002125,0.001002,0.000694,0.000143
38900,0.000581,0.001009,0.003083,0.007335,0.001145,0.001003,0.001005,0.002157,0.001008,0.000666,0.000141
39000,0.000574,0.000982,0.003082,0.006238,0.001148,0.001006,0.001006,0.002141,0.001005,0.000668,0.000138
39100,0.000594,0.001012,0.003084,0.007298,0.001139,0.001002,0.001005,0.002147,0.001007,0.000566,0.000140
39200,0.000578,0.000999,0.003085,0.006965,0.001146,0.001007,0.001005,0.002149,0.001004,0.000693,0.000143
39300,0.000561,0.000956,0.003083,0.007017,0.001150,0.001004,0.001002,0.002141,0.001002,0.000636,0.000142
39400,0.000608,0.001059,0.003094,0.006273,0.001145,0.001004,0.001003,0.002148,0.001005,0.000614,0.000142
39500,0.000525,0.000992,0.003081,0.007227,0.001141,0.001002,0.001004,0.002195,0.001006,0.000697,0.000145
39600,0.000566,0.000968,0.003079,0.005842,0.001142,0.001005,0.001004,0.002149,0.001002,0.000703,0.000139
39700,0.000574,0.001009,0.003084,0.006291,0.001141,0.001007,0.001005,0.002151,0.001008,0.000657,0.000141
39800,0.000582,0.001018,0.003085,0.006948,0.001143,0.001005,0.001003,0.002173,0.001002,0.000715,0.000140
39900,0.000565,0.000978,0.003085,0.006197,0.001141,0.001007,0.001006,0.002128,0.001007,0.000669,0.000143
40000,0.000600,0.001001,0.003089,0.006809,0.001152,0.001006,0.001011,0.002115,0.001006,0.000645,0.000139
40100,0.000602,0.001001,0.003085,0.006535,0.001151,0.001004,0.001004,0.002157,0.001004,0.000649,0.000136
40200,0.000571,0.000959,0.003082,0.007879,0.001138,0.001004,0.001005,0.002133,0.001002,0.000641,0.000135
40300,0.000602,0.000958,0.003087,0.006895,0.001150,0.001003,0.001003,0.002122,0.001004,0.000644,0.000138
40400,0.000619,0.001022,0.003080,0.007225,0.001150,0.001006,0.001004,0.002176,0.001004,0.000674,0.000146
40500,0.000592,0.000988,0.003082,0.007364,0.001144,0.001005,0.001008,0.002130,0.001008,0.000692,0.000137
40600,0.000592,0.001015,0.003086,0.007258,0.001141,0.001003,0.001004,0.002151,0.001005,0.000637,0.000135
40700,0.000606,0.000942,0.003085,0.006246,0.001157,0.001005,0.001003,0.002127,0.001005,0.000726,0.000134
40800,0.000604,0.000972,0.003089,0.007506,0.001151,0.001006,0.001006,0.002138,0.001005,0.000666,0.000144
40900,0.000552,0.000993,0.003083,0.006552,0.001147,0.001004,0.001005,0.002129,0.001005,0.000691,0.000140
41000,0.000565,0.001050,0.003086,0.006749,0.001128,0.001005,0.001002,0.002155,0.001002,0.000604,0.000138
41100,0.000587,0.001075,0.003085,0.006465,0.001156,0.001003,0.001004,0.002188,0.001002,0.000660,0.000138
41200,0.000576,0.000983,0.003087,0.006485,0.001157,0.001006,0.001007,0.002154,0.001010,0.000664,0.000143
41300,0.000576,0.001045,0.003083,0.007187,0.001150,0.001004,0.001004,0.002169,0.001002,0.000678,0.000139
41400,0.000596,0.000991,0.003081,0.007120,0.001145,0.001006,0.001009,0.002147,0.001000,0.000637,0.000146
41500,0.000574,0.001025,0.003082,0.006797,0.001146,0.001008,0.001008,0.002154,0.001008,0.000653,0.000142
41600,0.000600,0.000924,0.003085,0.006790,0.001132,0.001005,0.001004,0.002163,0.001011,0.000666,0.000140
41700,0.000583,0.000947,0.003084,0.006288,0.001143,0.001007,0.001006,0.002167,0.001006,0.000644,0.000138
41800,0.000570,0.001032,0.003081,0.006801,0.001139,0.001005,0.001005,0.002155,0.001007,0.000725,0.000139
41900,0.000616,0.001030,0.003086,0.006336,0.001148,0.001003,0.001003,0.002148,0.001000,0.000729,0.000134
42000,0.000570,0.000958,0.003089,0.007082,0.001147,0.001002,0.001003,0.002139,0.001006,0.000657,0.000144
42100,0.000603,0.000991,0.003077,0.006974,0.001142,0.001006,0.001007,0.002128,0.001005,0.000526,0.000138
42200,0.000597,0.001017,0.003082,0.007059,0.001151,0.001006,0.001006,0.002140,0.001008,0.000693,0.000141
42300,0.000555,0.001000,0.003084,0.006644,0.001154,0.001004,0.001001,0.002141,0.001011,0.000617,0.000137
42400,0.000591,0.000921,0.003092,0.006778,0.001142,0.001007,0.001006,0.002167,0.001005,0.000688,0.000138
42500,0.000563,0.001061,0.003085,0.006937,0.001147,0.001001,0.001003,0.002155,0.001003,0.000641,0.000140
42600,0.000560,0.000946,0.003086,0.006932,0.001153,0.001004,0.001002,0.002166,0.001006,0.000679,0.000145
42700,0.000592,0.000987,0.003083,0.007106,0.001146,0.001004,0.001002,0.002118,0.001004,0.000588,0.000142
42800,0.000583,0.000977,0.003085,0.007342,0.001131,0.001003,0.001005,0.002136,0.001011,0.000702,0.000139
42900,0.000590,0.001028,0.003079,0.006986,0.001160,0.001006,0.001006,0.002133,0.001003,0.000742,0.000139
43000,0.000603,0.000979,0.003081,0.006802,0.001143,0.001006,0.001005,0.002129,0.001002,0.000604,0.000137
43100,0.000514,0.000967,0.003085,0.006765,0.001148,0.001006,0.001009,0.002185,0.001003,0.000588,0.000139
43200,0.000561,0.001103,0.003078,0.006620,0.001155,0.001004,0.001004,0.002161,0.001004,0.000663,0.000139
43300,0.000577,0.001036,0.003084,0.007086,0.001147,0.001002,0.001003,0.002142,0.001007,0.000615,0.000144
43400,0.000604,0.000988,0.003091,0.006786,0.001154,0.001005,0.001003,0.002167,0.001009,0.000636,0.000138
43500,0.000573,0.000989,0.003084,0.006014,0.001139,0.001000,0.001002,0.002129,0.001000,0.000612,0.000150
43600,0.000617,0.001052,0.003085,0.007011,0.001144,0.001003,0.001006,0.002159,0.001006,0.000676,0.000142
43700,0.000593,0.000964,0.003085,0.006878,0.001138,0.001007,0.001006,0.002089,0.001005,0.000603,0.000136
43800,0.000612,0.000944,0.003088,0.006784,0.001148,0.001004,0.001005,0.002108,0.001008,0.000713,0.000143
43900,0.000598,0.000955,0.003080,0.006598,0.001168,0.001007,0.001004,0.002117,0.001003,0.000683,0.000140
44000,0.000577,0.000944,0.003081,0.007626,0.001148,0.001001,0.001004,0.002183,0.001001,0.000737,0.000143
44100,0.000602,0.000972,0.003084,0.006141,0.001147,0.001006,0.001007,0.002150,0.001005,0.000661,0.000139
44200,0.000565,0.000969,0.003085,0.007097,0.001147,0.001002,0.001004,0.002147,0.000997,0.000681,0.000140
44300,0.000592,0.001007,0.003086,0.006778,0.001133,0.001003,0.001003,0.002138,0.001013,0.000656,0.000143
44400,0.000580,0.000985,0.003083,0.007255,0.001135,0.001004,0.001008,0.002134,0.001004,0.000642,0.000141
44500,0.000596,0.000936,0.003096,0.006422,0.001152,0.001007,0.001008,0.002213,0.001010,0.000674,0.000136
44600,0.000571,0.001020,0.003077,0.006782,0.001150,0.001007,0.001014,0.002122,0.001002,0.000670,0.000138
44700,0.000566,0.000989,0.003084,0.006954,0.001150,0.001006,0.001005,0.002132,0.001002,0.000673,0.000139
44800,0.000583,0.000921,0.003083,0.006962,0.001149,0.001004,0.001005,0.002116,0.001009,0.000644,0.000139
44900,0.000594,0.000968,0.003086,0.006221,0.001154,0.001008,0.001006,0.002160,0.001004,0.000619,0.000145
45000,0.000601,0.000971,0.003084,0.006741,0.001141,0.001003,0.001001,0.002165,0.001009,0.000725,0.000140
45100,0.000595,0.000967,0.003084,0.006387,0.001142,0.001006,0.001006,0.002154,0.001004,0.000616,0.000138
45200,0.000592,0.001032,0.003084,0.006775,0.001142,0.001005,0.001003,0.002143,0.001004,0.000689,0.000141
45300,0.000564,0.000920,0.003086,0.006809,0.001141,0.001003,0.001003,0.002130,0.001004,0.000678,0.000140
45400,0.000600,0.000969,0.003076,0.007314,0.001153,0.001006,0.001005,0.002121,0.001009,0.000644,0.000139
45500,0.000586,0.001020,0.003082,0.006762,0.001149,0.001003,0.001003,0.002140,0.001000,0.000673,0.000145
45600,0.000561,0.001004,0.003086,0.006989,0.001147,0.001008,0.001007,0.002126,0.001002,0.000705,0.000140
45700,0.000577,0.000940,0.003090,0.006793,0.001140,0.001003,0.001002,0.002176,0.001004,0.000675,0.000139
45800,0.000583,0.000932,0.003079,0.006482,0.001157,0.001007,0.001005,0.002177,0.001004,0.000709,0.000139
45900,0.000580,0.001009,0.003082,0.006790,0.001149,0.001003,0.001008,0.002161,0.001011,0.000742,0.000142
46000,0.000575,0.000940,0.003083,0.007069,0.001148,0.001005,0.001003,0.002118,0.001010,0.000692,0.000143
46100,0.000590,0.000978,0.003089,0.007215,0.001148,0.001005,0.001005,0.002171,0.001010,0.000596,0.000139
46200,0.000579,0.001019,0.003082,0.006330,0.001156,0.001005,0.001004,0.002164,0.001006,0.000611,0.000139
46300,0.000543,0.000994,0.003086,0.006976,0.001151,0.001005,0.001004,0.002169,0.001008,0.000664,0.000141
46400,0.000588,0.001036,0.003079,0.006632,0.001152,0.001006,0.001006,0.002125,0.001006,0.000652,0.000139
46500,0.000588,0.000962,0.003083,0.006610,0.001148,0.001003,0.001002,0.002146,0.001004,0.000623,0.000143
46600,0.000604,0.001032,0.003084,0.005758,0.001156,0.001007,0.001008,0.002156,0.001003,0.000669,0.000137
46700,0.000618,0.000941,0.003084,0.006952,0.001148,0.001005,0.001003,0.002141,0.000998,0.000696,0.000140
46800,0.000627,0.000994,0.003087,0.007073,0.001145,0.001000,0.001003,0.002171,0.001003,0.000576,0.000137
46900,0.000605,0.000925,0.003083,0.006622,0.001138,0.001006,0.001002,0.002144,0.001007,0.000686,0.000136
47000,0.000594,0.001022,0.003081,0.005917,0.001142,0.001005,0.001007,0.002129,0.001008,0.000691,0.000137
47100,0.000591,0.000973,0.003082,0.006500,0.001146,0.001006,0.001007,0.002121,0.001003,0.000630,0.000140
47200,0.000597,0.001031,0.003084,0.006094,0.001132,0.001002,0.001001,0.002148,0.001008,0.000703,0.000140
47300,0.000598,0.000958,0.003087,0.007081,0.001167,0.001003,0.001006,0.002151,0.001003,0.000676,0.000136
47400,0.000607,0.000978,0.003085,0.007846,0.001151,0.001009,0.001007,0.002153,0.000999,0.000647,0.000142
47500,0.000619,0.000987,0.003086,0.007493,0.001158,0.001004,0.001002,0.002166,0.001007,0.000623,0.000140
47600,0.000610,0.001022,0.003083,0.006354,0.001147,0.001006,0.001005,0.002188,0.001005,0.000566,0.000141
47700,0.000570,0.001034,0.003084,0.007403,0.001146,0.001001,0.001002,0.002163,0.001003,0.000628,0.000137
47800,0.000583,0.000935,0.003082,0.007387,0.001152,0.001004,0.001005,0.002134,0.001004,0.000594,0.000135
47900,0.000600,0.000949,0.003087,0.007659,0.001139,0.001006,0.001002,0.002175,0.001007,0.000722,0.000141
48000,0.000618,0.001019,0.003084,0.006293,0.001150,0.001003,0.001002,0.002178,0.001005,0.000633,0.000141
48100,0.000602,0.000949,0.003083,0.006782,0.001142,0.001005,0.001006,0.002150,0.001005,0.000653,0.000140
48200,0.000579,0.001026,0.003091,0.006333,0.001131,0.001006,0.001006,0.002149,0.001003,0.000665,0.000142
48300,0.000602,0.000927,0.003083,0.007264,0.001145,0.001002,0.001003,0.002127,0.001005,0.000659,0.000141
48400,0.000592,0.000969,0.003087,0.007132,0.001169,0.001002,0.001002,0.002145,0.000992,0.000664,0.000143
48500,0.000589,0.000955,0.003088,0.006317,0.001148,0.001004,0.001005,0.002133,0.001000,0.000678,0.000142
48600,0.000580,0.000961,0.003086,0.006795,0.001145,0.001005,0.001005,0.002189,0.001006,0.000618,0.000140
48700,0.000580,0.001006,0.003084,0.007061,0.001138,0.001005,0.001003,0.002157,0.001005,0.000636,0.000135
48800,0.000596,0.000947,0.003086,0.006452,0.001149,0.001005,0.001006,0.002139,0.001006,0.000692,0.000141
48900,inf,0.001019,0.003081,0.006626,0.001149,0.001008,0.001006,0.002144,0.001005,0.000740,0.000136
49000,0.000605,0.000968,0.003084,0.006470,0.001135,0.001002,0.001006,0.002155,0.001013,0.000645,0.000143
49100,0.000577,0.000979,0.003083,0.006221,0.001141,0.001005,0.001007,0.002177,0.001003,0.000698,0.000139
49200,0.000600,0.000992,0.003083,0.006404,0.001141,0.001005,0.001001,0.002152,0.001006,0.000622,0.000142
49300,0.000559,0.000965,0.003086,0.007529,0.001136,0.001004,0.001004,0.002159,0.001000,0.000718,0.000140
49400,0.000580,0.000977,0.003088,0.006796,0.001148,0.001001,0.001002,0.002175,0.001002,0.000696,0.000142
49500,0.000609,0.000936,0.003081,0.007300,0.001144,0.001006,0.001006,0.002173,0.001006,0.000674,0.000138
49600,0.000571,0.001040,0.003081,0.006926,0.001158,0.001007,0.001005,0.002159,0.001005,0.000684,0.000137
49700,0.000576,0.000992,0.003087,0.006787,0.001143,0.001003,0.001006,0.002129,0.001005,0.000607,0.000140
49800,0.000572,0.001010,0.003088,0.007571,0.001149,0.001003,0.001004,0.002134,0.001003,0.000597,0.000144
49900,0.000570,0.001059,0.003086,0.006247,0.001125,0.001001,0.001002,0.002154,0.001002,0.000673,0.000138
50000,0.000591,0.001075,0.003088,0.006808,0.001131,0.001005,0.001004,0.002170,0.001004,0.000692,0.000137
50100,0.000563,0.000946,0.003084,0.007145,0.001155,0.001003,0.001003,0.002124,0.001007,0.000710,0.000131
50200,0.000595,0.001095,0.003081,0.006956,0.001146,0.001005,0.001003,0.002146,0.001003,0.000571,0.000137
50300,0.000594,0.000989,0.003079,0.006927,0.001140,0.001003,0.001007,0.002170,0.000999,0.000681,0.000137
50400,0.000599,0.001012,0.003083,0.006801,0.001151,0.001004,0.001008,0.002145,0.001009,0.000628,0.000138
50500,0.000580,0.001053,0.003089,0.006929,0.001143,0.001006,0.001009,0.002155,0.001004,0.000635,0.000135
50600,0.000629,0.000986,0.003082,0.006916,0.001149,0.001006,0.001006,0.002112,0.001005,0.000669,0.000135
50700,0.000589,0.001054,0.003083,0.006931,0.001147,0.001002,0.001002,0.002135,0.001009,0.000663,0.000139
50800,0.000558,0.001081,0.003083,0.006787,0.001140,0.001005,0.001004,0.002108,0.001006,0.000656,0.000140
50900,0.000583,0.001042,0.003085,0.006632,0.001155,0.001004,0.001003,0.002134,0.001000,0.000728,0.000141
51000,0.000563,0.001068,0.003089,0.006489,0.001133,0.001005,0.001004,0.002147,0.000998,0.000641,0.000139
51100,0.000620,0.001040,0.003085,0.006762,0.001137,0.001003,0.001005,0.002156,0.001003,0.000682,0.000139
51200,0.000577,0.000953,0.003087,0.006916,0.001143,0.001005,0.001005,0.002165,0.001004,0.000671,0.000139
51300,0.000588,0.000972,0.003081,0.007204,0.001144,0.001003,0.001007,0.002138,0.001002,0.000603,0.000141
51400,0.000562,0.000982,0.003084,0.006464,0.001148,0.001003,0.001002,0.002138,0.001001,0.000622,0.000136
51500,0.000573,0.000968,0.003081,0.006597,0.001134,0.001007,0.001006,0.002157,0.001002,0.000702,0.000141
51600,0.000610,0.001043,0.003083,0.006632,0.001140,0.001002,0.001002,0.002084,0.000999,0.000679,0.000137
51700,0.000621,0.001069,0.003090,0.006487,0.001137,0.001000,0.001004,0.002138,0.001003,0.000609,0.000140
51800,0.000565,0.000956,0.003081,0.006780,0.001150,0.001002,0.001001,0.002116,0.001003,0.000615,0.000140
51900,0.000563,0.000981,0.003091,0.007683,0.001147,0.001007,0.001006,0.002144,0.001008,0.000600,0.000143
52000,0.000598,0.001005,0.003078,0.006408,0.001151,0.001007,0.001008,0.002159,0.001002,0.000712,0.000138
52100,0.000572,0.001009,0.003083,0.006076,0.001137,0.001006,0.001004,0.002160,0.001006,0.000607,0.000142
52200,0.000594,0.001034,0.003084,0.007351,0.001135,0.001004,0.001003,0.002149,0.001005,0.000635,0.000143
52300,0.000609,0.001013,0.003089,0.006603,0.001151,0.001006,0.001004,0.002142,0.001007,0.000656,0.000137
52400,0.000618,0.001061,0.003083,0.006930,0.001148,0.001002,0.001001,0.002156,0.001007,0.000701,0.000142
52500,0.000548,0.001032,0.003080,0.006606,0.001153,0.001003,0.001005,0.002154,0.001004,0.000688,0.000137
52600,0.000580,0.000982,0.003084,0.005635,0.001145,0.001003,0.001003,0.002126,0.001005,0.000741,0.000138
52700,0.000581,0.000985,0.003082,0.006931,0.001146,0.001003,0.001005,0.002134,0.001002,0.000652,0.000139
52800,0.000606,0.001010,0.003081,0.006609,0.001141,0.001004,0.001005,0.002150,0.001006,0.000675,0.000141
52900,0.000610,0.001033,0.003080,0.007337,0.001156,0.001003,0.001001,0.002136,0.001002,0.000694,0.000142
53000,0.000566,0.000982,0.003083,0.005895,0.001147,0.001008,0.001005,0.002142,0.001002,0.000675,0.000141
53100,0.000601,0.001035,0.003086,0.006370,0.001141,0.001003,0.001004,0.002157,0.001006,0.000619,0.000139
53200,0.000576,0.000985,0.003083,0.006794,0.001154,0.001005,0.001004,0.002132,0.001009,0.000652,0.000139
53300,0.000584,0.000956,0.003081,0.006938,0.001158,0.001002,0.001007,0.002151,0.001007,0.000659,0.000138
53400,0.000591,0.000942,0.003087,0.006639,0.001155,0.001003,0.001001,0.002151,0.001008,0.000668,0.000139
53500,0.000594,0.000987,0.003086,0.006023,0.001148,0.001002,0.001004,0.002137,0.001002,0.000663,0.000141
53600,0.000599,0.000967,0.003082,0.007340,0.001149,0.001006,0.001002,0.002174,0.001003,0.000670,0.000140
53700,0.000572,0.001036,0.003084,0.006617,0.001152,0.001006,0.001003,0.002152,0.001001,0.000739,0.000137
53800,0.000593,0.001087,0.003083,0.007439,0.001143,0.001008,0.001005,0.002150,0.001004,0.000636,0.000145
53900,0.000610,0.000907,0.003082,0.006765,0.001147,0.001002,0.001003,0.002151,0.001004,0.000550,0.000136
54000,0.000567,0.000985,0.003087,0.006339,0.001147,0.001006,0.001005,0.002148,0.001004,0.000636,0.000142
54100,0.000583,0.001023,0.003081,0.005989,0.001133,0.001004,0.001003,0.002154,0.001002,0.000597,0.000142
54200,0.000598,0.001015,0.003085,0.007216,0.001145,0.001002,0.001002,0.002135,0.001006,0.000673,0.000138
54300,0.000645,0.000948,0.003086,0.007029,0.001145,0.001002,0.001001,0.002146,0.001011,0.000632,0.000142
54400,0.000591,0.000982,0.003079,0.006401,0.001142,0.001006,0.001001,0.002153,0.001007,0.000675,0.000141
54500,0.000552,0.000952,0.003083,0.006771,0.001145,0.001005,0.001005,0.002132,0.001011,0.000591,0.000143
54600,0.000567,0.000973,0.003085,0.006003,0.001138,0.001003,0.001003,0.002126,0.001002,0.000677,0.000142
54700,0.000609,0.000948,0.003085,0.006792,0.001162,0.001005,0.001004,0.002138,0.000998,0.000642,0.000143
54800,0.000569,0.000935,0.003088,0.006480,0.001147,0.001005,0.001009,0.002159,0.001005,0.000712,0.000142
54900,0.000584,0.000978,0.003084,0.005821,0.001158,0.001001,0.001000,0.002150,0.001007,0.000683,0.000137
55000,0.000619,0.000989,0.003082,0.007955,0.001140,0.001006,0.001003,0.002159,0.001002,0.000681,0.000136
55100,0.000586,0.001001,0.003086,0.007271,0.001139,0.001000,0.001001,0.002148,0.001000,0.000577,0.000142
55200,0.000586,0.001007,0.003081,0.006484,0.001148,0.001005,0.001008,0.002154,0.001004,0.000664,0.000146
55300,0.000597,0.000989,0.003084,0.006513,0.001152,0.001005,0.001003,0.002168,0.001002,0.000743,0.000140
55400,0.000560,0.001016,0.003084,0.006942,0.001139,0.001003,0.001005,0.002163,0.001006,0.000571,0.000146
55500,0.000580,0.001022,0.003081,0.007427,0.001139,0.001006,0.001008,0.002163,0.001004,0.000675,0.000138
55600,0.000569,0.000978,0.003089,0.006809,0.001146,0.001005,0.001006,0.002154,0.001005,0.000659,0.000139
55700,0.000600,0.000969,0.003077,0.006787,0.001158,0.001006,0.001002,0.002178,0.001003,0.000674,0.000136
55800,0.000590,0.000966,0.003085,0.006771,0.001139,0.001002,0.001002,0.002169,0.001002,0.000586,0.000136
55900,0.000562,0.001036,0.003085,0.006780,0.001147,0.001001,0.001001,0.002139,0.001006,0.000669,0.000145
56000,0.000604,0.001045,0.003084,0.006617,0.001147,0.001007,0.001005,0.002142,0.001005,0.000729,0.000137
56100,0.000594,0.000937,0.003083,0.006749,0.001144,0.001004,0.001004,0.002160,0.001011,0.000608,0.000134
56200,0.000571,0.000963,inf,0.006652,0.001149,0.001004,0.001005,0.002155,0.001002,0.000694,0.000135
56300,0.000593,0.001022,0.003081,0.006634,0.001151,0.001006,0.001004,0.002154,0.001005,0.000591,0.000139
56400,0.000620,0.000900,0.003084,0.007123,0.001143,0.001007,0.001005,0.002153,0.001011,0.000629,0.000140
56500,0.000580,0.001015,0.003085,0.007065,0.001149,0.001006,0.001005,0.002141,0.001007,0.000666,0.000138
56600,0.000576,0.000975,0.003082,0.006420,0.001153,0.001002,0.001002,0.002146,0.001002,0.000725,0.000136
56700,0.000580,0.000957,0.003084,0.006341,0.001142,0.001003,0.001005,0.002150,0.001001,0.000623,0.000136
56800,0.000587,0.001028,0.003086,0.006205,0.001140,0.001006,0.001004,0.002155,0.001006,0.000687,0.000140
56900,0.000591,0.000984,0.003079,0.006975,0.001151,0.001002,0.001005,0.002159,0.001000,0.000682,0.000135
57000,0.000600,0.000943,0.003084,0.007047,0.001151,0.001006,0.001004,0.002112,0.001002,0.000629,0.000139
57100,0.000590,0.001026,0.003082,0.006454,0.001143,0.001004,0.001003,0.002169,0.001001,0.000623,0.000139
57200,0.000616,0.000933,0.003086,0.007246,0.001156,0.001003,0.001003,0.002150,0.001005,0.000636,0.000136
57300,0.000558,0.000984,0.003083,0.007263,0.001147,0.000999,0.001001,0.002128,0.001003,0.000641,0.000140
57400,0.000576,0.000966,0.003086,0.006978,0.001149,0.001003,0.001004,0.002164,0.001003,0.000615,0.000141
57500,0.000579,0.001084,0.003081,0.006651,0.001148,0.001002,0.001002,0.002144,0.001002,0.000661,0.000139
57600,0.000593,0.000976,0.003081,0.007217,0.001151,0.001003,0.001003,0.002122,0.001003,0.000663,0.000135
57700,0.000600,0.000988,0.003082,0.007100,0.001148,0.001006,0.001006,0.002128,0.001002,0.000628,0.000140
57800,0.000578,0.000996,0.003080,0.006193,0.001154,0.001008,0.001006,0.002155,0.001000,0.000649,0.000139
57900,0.000609,0.000996,0.003086,0.006329,0.001144,0.001006,0.001005,0.002134,0.001005,0.000623,0.000139
58000,0.000588,0.000979,0.003078,0.006468,0.001155,0.001005,0.001004,0.002129,0.001008,0.000682,0.000136
58100,0.000594,0.000937,0.003087,0.007233,0.001141,0.001003,0.001004,0.002126,0.001010,0.000613,0.000142
58200,0.000563,0.000961,0.003082,0.006778,0.001135,0.001004,0.001004,0.002143,0.001007,0.000674,0.000143
58300,0.000593,0.001000,0.003085,0.006372,0.001135,0.001000,0.001002,0.002152,0.000999,0.000740,0.000142
58400,0.000617,0.000984,0.003087,0.007230,0.001138,0.001000,0.001002,0.002121,0.001004,0.000696,0.000139
58500,0.000619,0.001034,0.003085,0.006297,0.001150,0.001004,0.001005,0.002129,0.001001,0.000649,0.000135
58600,0.000573,0.000909,0.003083,0.006763,0.001149,0.001006,0.001001,0.002176,0.001004,0.000668,0.000136
58700,0.000563,0.001045,0.003085,0.006789,0.001143,0.001002,0.001006,0.002151,0.001003,0.000649,0.000139
58800,0.000563,0.001006,0.003079,0.006493,0.001153,0.001003,0.001004,0.002145,0.001001,0.000662,0.000143
58900,0.000565,0.000960,0.003083,0.007127,0.001145,0.001008,0.001007,0.002100,0.001001,0.000673,0.000146
59000,0.000593,0.000957,0.003087,0.006441,0.001141,0.001002,0.001003,0.002154,0.000999,0.000672,0.000135
59100,0.000555,0.000976,0.003084,0.006945,0.001154,0.001003,0.001002,0.002167,0.001005,0.000645,0.000135
59200,0.000573,0.001012,0.003084,0.007111,0.001128,0.001001,0.001005,0.002166,0.001001,0.000670,0.000139
59300,0.000627,0.000935,0.003098,0.006933,0.001147,0.001007,0.001007,0.002186,0.001008,0.000680,0.000135
59400,0.000583,0.001019,0.003078,0.005945,0.001154,0.001005,0.001007,0.002135,0.001005,0.000662,0.000141
59500,0.000580,0.000990,0.003083,0.006181,0.001147,0.001004,0.001004,0.002114,0.001004,0.000728,0.000140
59600,0.000589,0.000926,0.003083,0.006153,0.001143,0.001003,0.001003,0.002137,0.001009,0.000576,0.000142
59700,0.000592,0.001015,0.003085,0.006990,0.001148,0.001007,0.001006,0.002160,0.001002,0.000650,0.000141
59800,0.000594,0.000953,0.003083,0.006755,0.001136,0.001003,0.001002,0.002141,0.001005,0.000662,0.000138
59900,0.000608,0.000967,0.003082,0.006147,0.001147,0.001005,0.001004,0.002131,0.001003,0.000727,0.000141
60000,0.000570,0.000951,0.003079,0.007378,0.001140,0.001002,0.001001,0.002133,0.001004,0.000633,0.000138
60100,0.000599,0.000983,0.003082,0.007675,0.001141,0.001000,0.001003,0.002148,0.001001,0.000635,0.000137
60200,0.000571,0.000962,0.003077,0.006946,0.001148,0.001005,0.001010,0.002142,0.001007,0.000647,0.000133
60300,0.000598,0.000962,0.003083,0.006910,0.001137,0.000999,0.001001,0.002136,0.001002,0.000629,0.000136
60400,0.000594,0.000984,0.003082,0.006349,0.001143,0.001004,0.001007,0.002142,0.001004,0.000740,0.000136
60500,0.000602,0.000979,0.003079,0.007112,0.001145,0.001004,0.001003,0.002135,0.001005,0.000598,0.000138
60600,0.000579,0.000980,0.003084,0.006458,0.001150,0.001004,0.001004,0.002148,0.001003,0.000670,0.000136
60700,0.000567,0.000989,0.003081,0.006577,0.001143,0.001005,0.001004,0.002133,0.001005,0.000669,0.000138
60800,0.000588,0.000930,0.003085,0.006443,0.001153,0.001000,0.001003,0.002146,0.001004,0.000593,0.000135
60900,0.000614,0.001050,0.003087,0.006779,0.001138,0.001006,0.001006,0.002199,0.001006,0.000608,0.000137
61000,0.000579,0.000975,0.003083,0.005930,0.001152,0.001003,0.001002,0.002147,0.001002,0.000662,0.000143
61100,0.000586,0.001055,0.003084,0.006793,0.001152,0.001007,0.001003,0.002141,0.001007,0.000633,0.000140
61200,0.000585,0.001019,0.003082,0.006421,0.001148,0.001003,0.001004,0.002165,0.001001,0.000645,0.000143
61300,0.000623,0.000997,0.003079,0.007113,0.001146,0.001001,0.001004,0.002133,0.001007,0.000698,0.000134
61400,0.000581,0.001019,0.003082,0.006483,0.001157,0.001007,0.001006,0.002168,0.001001,0.000669,0.000135
61500,0.000547,0.000999,0.003083,0.007190,0.001149,0.001004,0.001004,0.002128,0.001002,0.000702,0.000133
61600,0.000591,0.000951,0.003090,0.007171,0.001158,0.001002,0.001001,0.002149,0.001002,0.000667,0.000140
61700,0.000569,0.000969,0.003077,0.006378,0.001139,0.001003,0.001001,0.002126,0.001003,0.000643,0.000141
61800,0.000559,0.000973,0.003081,0.006264,0.001142,0.001000,0.001006,0.002148,0.001003,0.000638,0.000142
61900,0.000595,0.001014,0.003089,0.006663,0.001145,0.001004,0.001004,0.002168,0.001005,0.000749,0.000139
62000,0.000588,0.000980,0.003080,0.006784,0.001143,0.001003,0.001003,0.002148,0.001004,0.000635,0.000136
62100,0.000589,0.001006,0.003091,0.006892,0.001141,0.001001,0.001004,0.002155,0.000999,0.000642,0.000135
62200,0.000570,0.001004,0.003086,0.007348,0.001155,0.001005,0.001004,0.002141,0.000999,0.000693,0.000138
62300,0.000603,0.000992,0.003085,0.006629,0.001134,0.001002,0.001004,0.002161,0.001007,0.000663,0.000140
62400,0.000590,0.001063,0.003081,0.007419,0.001148,0.001004,0.001005,0.002143,0.001009,0.000695,0.000139
62500,0.000590,0.000983,0.003085,0.006399,0.001146,0.001002,0.001003,0.002130,0.001003,0.000585,0.000134
62600,0.000576,0.000941,0.003080,0.006401,0.001142,0.001005,0.001008,0.002145,0.001007,0.000634,0.000144
62700,0.000611,0.001025,0.003084,0.006224,0.001152,0.001006,0.001004,0.002140,0.001003,0.000673,0.000137
62800,0.000588,0.000988,0.003086,0.007002,0.001147,0.001002,0.001001,0.002132,0.001007,0.000696,0.000135
62900,0.000573,0.000934,0.003080,0.006650,0.001141,0.001005,0.001005,0.002107,0.001004,0.000700,0.000138
63000,0.000585,0.000975,0.003089,0.007292,0.001141,0.001003,0.001004,0.002120,0.001004,0.000646,0.000137
63100,0.000573,0.000854,0.003084,0.006536,0.001146,0.001003,0.001002,0.002133,0.001002,0.000697,0.000132
63200,0.000590,0.000976,0.003082,0.007034,0.001148,0.001003,0.001002,0.002135,0.000995,0.000620,0.000137
63300,0.000601,0.000952,0.003083,0.007029,0.001136,0.001001,0.001003,0.002153,0.001004,0.000615,0.000139
63400,0.000556,0.001009,0.003086,0.006968,0.001151,0.001006,0.001005,0.002153,0.001004,0.000606,0.000141
63500,0.000622,0.000995,0.003085,0.006599,0.001143,0.001005,0.001002,0.002156,0.001003,0.000594,0.000144
63600,0.000627,0.001024,0.003082,0.006782,0.001151,0.001009,0.001005,0.002167,0.001002,0.000647,0.000141
63700,0.000600,0.001017,0.003080,0.005722,0.001145,0.001006,0.001004,0.002126,0.001004,0.000657,0.000142
63800,0.000577,0.001045,0.003085,0.006549,0.001139,0.001003,0.001003,0.002169,0.001003,0.000668,0.000141
63900,0.000585,0.000998,0.003078,0.006115,0.001143,0.001006,0.001006,0.002168,0.001003,0.000697,0.000141
64000,0.000593,0.001002,0.003083,0.006142,0.001156,0.001001,0.001000,0.002138,0.001008,0.000684,0.000141
64100,0.000582,0.000954,0.003083,0.007309,0.001143,0.001003,0.001006,0.002156,0.001003,0.000656,0.000138
64200,0.000575,0.000993,0.003084,0.006784,0.001147,0.001008,0.001002,0.002167,0.001003,0.000680,0.000135
64300,0.000527,0.000971,0.003081,0.006751,0.001146,0.001003,0.001005,0.002153,0.001000,0.000625,0.000136
64400,0.000586,0.001011,0.003079,0.006027,0.001150,0.001003,0.001007,0.002140,0.001003,0.000636,0.000136
64500,0.000579,0.001028,0.003084,0.007476,0.001137,0.001004,0.001003,0.002169,0.001006,0.000644,0.000136
64600,0.000591,0.000995,0.003089,0.006671,0.001144,0.001002,0.001002,0.002127,0.000999,0.000673,0.000139
64700,0.000564,0.000976,0.003085,0.006948,0.001139,0.001002,0.001000,0.002122,0.001003,0.000658,0.000135
64800,0.000572,0.000964,0.003084,0.006435,0.001138,0.001003,0.001005,0.002114,0.000999,0.000668,0.000138
64900,0.000569,0.001048,0.003085,0.006597,0.001137,0.001004,0.001003,0.002156,0.001005,0.000592,0.000139
65000,0.000601,0.000945,0.003085,0.006332,0.001137,0.001002,0.001002,0.002151,0.001004,0.000648,0.000145
65100,0.000606,0.000969,0.003077,0.006946,0.001139,0.001005,0.001005,0.002151,0.000999,0.000659,0.000139
65200,0.000589,0.000999,0.003084,0.006685,0.001144,0.001010,0.001005,0.002089,0.001001,0.000630,0.000140
65300,0.000601,0.000926,0.003083,0.006385,0.001153,0.001002,0.001006,0.002106,0.001001,0.000565,0.000137
65400,0.000591,0.001025,0.003082,0.007750,0.001141,0.001003,0.001005,0.002132,0.001005,0.000647,0.000138
65500,0.000581,0.001038,0.003084,0.007355,0.001137,0.001002,0.001001,0.002115,0.001004,0.000646,0.000136
65600,0.000579,0.000965,0.003082,0.006783,0.001142,0.001005,0.001003,0.002141,0.001008,0.000649,0.000136
65700,0.000604,0.001035,0.003082,0.006947,0.001145,0.001002,0.001001,0.002140,0.001001,0.000623,0.000137
65800,0.000539,0.000944,0.003090,0.006357,0.001138,0.001005,0.001004,0.002170,0.001001,0.000773,0.000137
65900,0.000597,0.000991,0.003085,0.006560,0.001153,0.001006,0.001007,0.002135,0.001001,0.000673,0.000140
66000,0.000597,0.000984,0.003085,0.007483,0.001143,0.001002,0.001003,0.002152,0.000999,0.000612,0.000146
66100,0.000597,0.000991,0.003080,0.006273,0.001120,0.001006,0.001007,0.002176,0.001006,0.000628,0.000142
66200,0.000596,0.000984,0.003083,0.006939,0.001143,0.001002,0.001000,0.002136,0.001001,0.000633,0.000135
66300,0.000579,0.000968,0.003081,0.007693,0.001136,0.001009,0.001005,0.002116,0.001002,0.000628,0.000138
66400,0.000595,0.001037,0.003087,0.006930,0.001135,0.001004,0.001002,0.002159,0.001001,0.000672,0.000135
66500,0.000576,0.001020,0.003086,0.007851,0.001139,0.001000,0.001001,0.002149,0.001001,0.000687,0.000138
66600,0.000593,0.001011,0.003081,0.006779,0.001140,0.001005,0.001001,0.002172,0.001006,0.000688,0.000134
66700,0.000620,0.000944,0.003089,0.006239,0.001162,0.001009,0.001006,0.002163,0.001007,0.000667,0.000138
66800,0.000594,0.000882,0.003078,0.006987,0.001150,0.001005,0.001006,0.002165,0.001001,0.000610,0.000139
66900,0.000563,0.001022,0.003082,0.006775,0.001149,0.001006,0.001007,0.002146,0.001003,0.000687,0.000143
67000,0.000589,0.001017,0.003080,0.006801,0.001136,0.001004,0.001005,0.002130,0.001007,0.000643,0.000139
67100,0.000589,0.001010,0.003086,0.006641,0.001146,0.001005,0.001006,0.002144,0.000999,0.000668,0.000142
67200,0.000588,0.001003,0.003084,0.007749,0.001131,0.001001,0.001002,0.002157,0.001008,0.000670,0.000138
67300,0.000566,0.001034,0.003082,0.006470,0.001148,0.001004,0.001004,0.002125,0.001008,0.000578,0.000135
67400,0.000587,0.000985,0.003078,0.007106,0.001140,0.001003,0.001000,0.002122,0.001001,0.000608,0.000134
67500,0.000599,0.001008,0.003082,0.007232,0.001150,0.001002,0.001003,0.002155,0.001005,0.000632,0.000138
67600,0.000605,0.000961,0.003080,0.006458,0.001148,0.001002,0.001005,0.002138,0.001005,0.000687,0.000136
67700,0.000622,0.001043,0.003082,0.006652,0.001151,0.001002,0.001003,0.002146,0.000997,0.000586,0.000140
67800,0.000574,0.000931,0.003082,0.006954,0.001149,0.001005,0.001007,0.002150,0.001002,0.000572,0.000137
67900,0.000580,0.000899,0.003085,0.007473,0.001154,0.001005,0.001003,0.002139,0.001003,0.000650,0.000140
68000,0.000569,0.001011,0.003081,0.007956,0.001153,0.001002,0.001004,0.002179,0.001004,0.000688,0.000139
68100,0.000598,0.000929,0.003081,0.005856,0.001150,0.001005,0.001004,0.002153,0.001007,0.000650,0.000141
68200,0.000588,0.001029,0.003082,0.006628,0.001143,0.001003,0.000999,0.002135,0.001010,0.000655,0.000139
68300,0.000601,0.001018,0.003088,0.007089,0.001148,0.001005,0.001003,0.002173,0.001004,0.000601,0.000136
68400,0.000585,0.001008,0.003083,0.005940,0.001148,0.001004,0.001003,0.002108,0.001004,0.000661,0.000135
68500,0.000553,0.000951,0.003080,0.006075,0.001153,0.001003,0.001003,0.002131,0.000998,0.000772,0.000139
68600,0.000564,0.000961,0.003080,0.007243,0.001144,0.001007,0.001004,0.002165,0.001001,0.000613,0.000138
68700,0.000594,0.000973,0.003084,0.006421,0.001142,0.001001,0.001004,0.002135,0.001005,0.000650,0.000138
68800,0.000600,0.001010,0.003080,0.007153,0.001141,0.001004,0.001005,0.002136,0.001002,0.000664,0.000140
68900,0.000578,0.000931,0.003081,0.006516,0.001139,0.001004,0.001004,0.002132,0.001000,0.000596,0.000137
69000,0.000589,0.000943,0.003088,0.006763,0.001139,0.001002,0.001001,0.002179,0.001003,0.000671,0.000138
69100,0.000611,0.000926,0.003082,0.006460,0.001137,0.001002,0.001000,0.002149,0.001009,0.000634,0.000136
69200,0.000601,0.001027,0.003078,0.007510,0.001137,0.001003,0.001003,0.002124,0.001005,0.000670,0.000134
69300,0.000565,0.001001,0.003083,0.007793,0.001159,0.001005,0.001007,0.002175,0.001004,0.000705,0.000138
69400,0.000574,0.000924,0.003083,0.006239,0.001150,0.001003,0.001003,0.002128,0.001009,0.000596,0.000142
69500,0.000573,0.000956,0.003085,0.006567,0.001153,0.001005,0.001002,0.002158,0.001003,0.000641,0.000136
69600,0.000614,0.001003,0.003086,0.006540,0.001142,0.001004,0.001006,0.002145,0.001006,0.000673,0.000139
69700,0.000593,0.000990,0.003086,0.007393,0.001149,0.001005,0.001001,0.002123,0.000999,0.000688,0.000139
69800,0.000617,0.000997,0.003081,0.007210,0.001138,0.001004,0.001005,0.002152,0.001003,0.000635,0.000144
69900,0.000615,0.000931,0.003080,0.006652,0.001141,0.001002,0.001002,0.002115,0.001006,0.000693,0.000141
70000,0.000620,0.001001,0.003078,0.007477,0.001149,0.001005,0.001006,0.002141,0.001003,0.000726,0.000131
70100,0.000563,0.001014,0.003080,0.006944,0.001148,0.001005,0.001003,0.002146,0.001006,0.000629,0.000141
70200,0.000613,0.001032,0.003086,0.006626,0.001138,0.001004,0.001002,0.002139,0.001011,0.000689,0.000138
70300,0.000578,0.000952,0.003081,0.006596,0.001146,0.001006,0.001003,0.002160,0.001003,0.000635,0.000137
70400,0.000606,0.000960,0.003087,0.007572,0.001147,0.001002,0.001003,0.002170,0.001003,0.000692,0.000135
70500,0.000566,0.000964,0.003085,0.007089,0.001172,0.001005,0.001002,0.002157,0.001005,0.000690,0.000136
70600,0.000587,0.000997,0.003083,0.006243,0.001140,0.001002,0.001000,0.002140,0.001002,0.000661,0.000139
70700,0.000600,0.001014,0.003086,0.007168,0.001146,0.001002,0.001002,0.002146,0.001005,0.000699,0.000137
70800,0.000610,0.000973,0.003084,0.007167,0.001141,0.001003,0.001005,0.002136,0.001003,0.000710,0.000139
70900,0.000569,0.000961,0.003084,0.007462,0.001136,0.001002,0.001004,0.002134,0.001001,0.000665,0.000139
71000,0.000597,0.000978,0.003080,0.006793,0.001144,0.001008,0.001005,0.002134,0.001001,0.000633,0.000140
71100,0.000600,0.001000,0.003081,0.006781,0.001139,0.001006,0.001004,0.002141,0.001002,0.000627,0.000142
71200,0.000601,0.000967,0.003085,0.006334,0.001151,0.001003,0.001005,0.002142,0.001007,0.000695,0.000135
71300,0.000576,0.000971,0.003084,0.006584,0.001153,0.001002,0.001007,0.002139,0.001006,0.000611,0.000136
71400,0.000582,0.001002,0.003082,0.006531,0.001135,0.001002,0.001001,0.002176,0.001002,0.000740,0.000141
71500,0.000580,0.001000,0.003085,0.006352,0.001167,0.001001,0.001005,0.002156,0.001004,0.000639,0.000137
71600,0.000579,0.000969,0.003091,0.006131,0.001142,0.001001,0.001003,0.002140,0.001004,0.000668,0.000141
71700,0.000604,0.000930,0.003080,0.006778,0.001140,0.001002,0.001004,0.002110,0.000998,0.000612,0.000138
71800,0.000594,0.000949,0.003079,0.006484,0.001141,0.001007,0.001005,0.002161,0.001003,0.000599,0.000136
71900,0.000576,0.000990,0.003084,0.006803,0.001147,0.001003,0.001004,0.002159,0.001007,0.000685,0.000136
72000,0.000598,0.001004,0.003088,0.005939,0.001151,0.001003,0.000998,0.002159,0.001002,0.000615,0.000139
72100,0.000569,0.000977,0.003084,0.006941,0.001138,0.001001,0.001001,0.002133,0.001004,0.000613,0.000136
72200,0.000598,0.000988,0.003085,0.007203,0.001149,0.001003,0.001002,0.002125,0.001001,0.000634,0.000139
72300,0.000625,0.000995,0.003083,0.006601,0.001148,0.001004,0.001003,0.002128,0.001004,0.000718,0.000140
72400,0.000589,0.000998,0.003079,0.007054,0.001147,0.001001,0.001002,0.002145,0.001000,0.000642,0.000139
72500,0.000582,0.001051,0.003081,0.006934,0.001141,0.001005,0.001006,0.002142,0.000998,0.000704,0.000136
72600,0.000598,0.000997,0.003082,0.007313,0.001143,0.001005,0.001021,0.002139,0.001004,0.000654,0.000137
72700,0.000585,0.001025,0.003087,0.006666,0.001139,0.001004,0.001003,0.002103,0.001000,0.000629,0.000135
72800,0.000587,0.000926,0.003081,0.007587,0.001146,0.001005,0.001002,0.002131,0.001004,0.000646,0.000138
72900,0.000589,0.000950,0.003082,0.006392,0.001134,0.001001,0.001005,0.002140,0.001000,0.000576,0.000137
73000,0.000606,0.001013,0.003079,0.007112,0.001139,0.001002,0.001003,0.002152,0.001009,0.000663,0.000135
73100,0.000606,0.000965,0.003083,0.007324,0.001142,0.001000,0.000999,0.002120,0.001002,0.000663,0.000136
73200,0.000575,0.000957,0.003082,0.006397,0.001140,0.001002,0.001002,0.002132,0.001005,0.000640,0.000140
73300,0.000585,0.001023,0.003085,0.006504,0.001144,0.001007,0.001009,0.002143,0.000999,0.000627,0.000136
73400,0.000601,0.000996,0.003085,0.007616,0.001152,0.001004,0.001004,0.002133,0.001000,0.000645,0.000136
73500,0.000583,0.001026,0.003079,0.006629,0.001143,0.001005,0.001005,0.002137,0.001005,0.000646,0.000138
73600,0.000592,0.001055,0.003084,0.006933,0.001148,0.001002,0.001000,0.002132,0.000997,0.000714,0.000140
73700,0.000604,0.000973,0.003080,0.006799,0.001155,0.001005,0.001005,0.002151,0.001003,0.000707,0.000137
73800,0.000584,0.001002,0.003084,0.006420,0.001129,0.001001,0.001003,0.002139,0.001003,0.000671,0.000135
73900,0.000593,0.000975,0.003084,0.006808,0.001142,0.001000,0.001004,0.002132,0.001002,0.000748,0.000134
74000,0.000614,0.001005,0.003081,0.006913,0.001140,0.001001,0.001003,0.002126,0.001000,0.000631,0.000138
74100,0.000583,0.001005,0.003086,0.007228,0.001137,0.001007,0.001005,0.002144,0.001006,0.000597,0.000138
74200,0.000597,0.000995,0.003079,0.006782,0.001159,0.001008,0.001006,0.002099,0.001003,0.000705,0.000139
74300,0.000583,0.001012,0.003084,0.006789,0.001140,0.001004,0.001003,0.002133,0.001002,0.000695,0.000137
74400,0.000600,0.000923,0.003084,0.007028,0.001150,0.001002,0.001004,0.002139,0.001005,0.000666,0.000134
74500,0.000589,0.000951,0.003086,0.007313,0.001141,0.001005,0.001004,0.002170,0.001006,0.000698,0.000131
74600,0.000600,0.000969,0.003085,0.006116,0.001142,0.001002,0.001000,0.002135,0.001002,0.000622,0.000136
74700,0.000584,0.001015,0.003085,0.006982,0.001138,0.001002,0.001004,0.002176,0.001004,0.000661,0.000137
74800,0.000589,0.000933,0.003080,0.006468,0.001134,0.001000,0.001000,0.002150,0.001002,0.000657,0.000134
74900,0.000593,0.000957,0.003087,0.006308,0.001146,0.001002,0.001002,0.002126,0.001004,0.000646,0.000140
75000,0.000589,0.000938,0.003079,0.007422,0.001154,0.001003,0.001003,0.002159,0.001008,0.000691,0.000143
75100,0.000576,0.000860,0.003078,0.006980,0.001138,0.001002,0.001003,0.002150,0.001003,0.000632,0.000139
75200,0.000601,0.001018,0.003084,0.007271,0.001152,0.001006,0.001009,0.002131,0.001002,0.000636,0.000140
75300,0.000546,0.000923,0.003083,0.006644,0.001140,0.001003,0.001003,0.002153,0.001002,0.000671,0.000138
75400,0.000584,0.000953,0.003082,0.006965,0.001154,0.001003,0.001002,0.002138,0.001004,0.000666,0.000138
75500,0.000584,0.000986,0.003081,0.006603,0.001148,0.001002,0.001002,0.002092,0.001004,0.000605,0.000137
75600,0.000587,0.000950,0.003083,0.006441,0.001149,0.001004,0.001004,0.002112,0.001012,0.000707,0.000132
75700,0.000593,0.000962,0.003086,0.007047,0.001145,0.001006,0.001003,0.002157,0.001003,0.000645,0.000142
75800,0.000595,0.000960,0.003083,0.006476,0.001151,0.001003,0.001003,0.002140,0.001002,0.000698,0.000136
75900,0.000594,0.000994,0.003083,0.005829,0.001146,0.001003,0.001002,0.002124,0.000999,0.000693,0.000137
76000,0.000613,0.000995,0.003080,0.007325,0.001149,0.001004,0.001004,0.002169,0.001003,0.000657,0.000137
76100,0.000586,0.000989,0.003083,0.006533,0.001132,0.001002,0.001003,0.002157,0.001003,0.000641,0.000136
76200,0.000604,0.001035,0.003079,0.007003,0.001144,0.001006,0.001003,0.002105,0.001002,0.000751,0.000141
76300,0.000593,0.001019,0.003080,0.006760,0.001138,0.001003,0.001001,0.002142,0.001003,0.000669,0.000135
76400,0.000577,0.001000,0.003084,0.006510,0.001141,0.001001,0.001002,0.002157,0.001002,0.000665,0.000140
76500,0.000583,0.000964,0.003082,0.007113,0.001155,0.001000,0.001000,0.002141,0.001014,0.000632,0.000136
76600,0.000605,0.000958,0.003079,0.005952,0.001144,0.001001,0.001004,0.002136,0.001004,0.000690,0.000142
76700,0.000636,0.001065,0.003083,0.007002,0.001166,0.001006,0.001004,0.002157,0.001007,0.000666,0.000137
76800,0.000591,0.000964,0.003082,0.006612,0.001155,0.001004,0.001005,0.002164,0.001001,0.000667,0.000136
76900,0.000587,0.001003,0.003079,0.007218,0.001141,0.001004,0.001004,0.002130,0.001003,0.000611,0.000140
77000,0.000579,0.000932,0.003085,0.007935,0.001149,0.001006,0.001005,0.002151,0.001000,0.000624,0.000139
77100,0.000599,0.001042,0.003086,0.007027,0.001138,0.001001,0.001005,0.002189,0.001006,0.000734,0.000134
77200,0.000582,0.000979,0.003081,0.006792,0.001142,0.001004,0.001003,0.002087,0.001003,0.000622,0.000132
77300,0.000597,0.000970,0.003082,0.006444,0.001150,0.001001,0.000998,0.002152,0.001006,0.000658,0.000136
77400,0.000575,0.001102,0.003078,0.006239,0.001146,0.001006,0.001003,0.002180,0.001000,0.000690,0.000136
77500,0.000611,0.000997,0.003084,0.006106,0.001142,0.001004,0.001003,0.002108,0.001003,0.000621,0.000138
77600,0.000576,0.000900,0.003081,0.007677,0.001151,0.001004,0.001001,0.002187,0.001004,0.000573,0.000142
77700,0.000593,0.000970,0.003084,0.005872,0.001147,0.001006,0.001005,0.002129,0.001003,0.000741,0.000136
77800,0.000625,0.000916,0.003092,0.006260,0.001147,0.001005,0.001004,0.002162,0.001001,0.000690,0.000138
77900,0.000578,0.000937,0.003082,0.006784,0.001146,0.001000,0.001004,0.002173,0.001001,0.000539,0.000135
78000,0.000600,0.000972,0.003082,0.006068,0.001143,0.001002,0.001000,0.002138,0.000999,0.000715,0.000137
78100,0.000608,0.001010,0.003080,0.006664,0.001145,0.001000,0.001003,0.002099,0.001003,0.000597,0.000137
78200,0.000581,0.001005,0.003086,0.006516,0.001154,0.001005,0.001005,0.002153,0.001003,0.000606,0.000135
78300,0.000593,0.001014,0.003083,0.007143,0.001131,0.001004,0.001004,0.002125,0.001004,0.000657,0.000138
78400,0.000601,0.000946,0.003081,0.006223,0.001146,0.001003,0.001002,0.002155,0.001001,0.000682,0.000133
78500,0.000597,0.000978,0.003082,0.006645,0.001136,0.001005,0.001007,0.002110,0.001003,0.000717,0.000138
78600,0.000577,0.000988,0.003084,0.006288,0.001146,0.001003,0.001002,0.002126,0.001010,0.000663,0.000138
78700,0.000603,0.000978,0.003081,0.006479,0.001144,0.001005,0.001005,0.002135,0.001006,0.000636,0.000134
78800,0.000603,0.000979,0.003083,0.005932,0.001136,0.001003,0.001002,0.002131,0.001004,0.000618,0.000136
78900,0.000611,0.000941,0.003083,0.006604,0.001140,0.001006,0.001005,0.002135,0.001002,0.000619,0.000140
79000,0.000579,0.000943,0.003088,0.006800,0.001144,0.001000,0.001000,0.002132,0.001005,0.000659,0.000137
79100,0.000582,0.001013,0.003077,0.007315,0.001170,0.001005,0.001001,0.002145,0.001002,0.000679,0.000141
79200,0.000540,0.000991,0.003079,0.006910,0.001148,0.001006,0.001007,0.002141,0.001004,0.000730,0.000138
79300,0.000593,0.000980,0.003084,0.007533,0.001145,0.001004,0.001004,0.002141,0.001005,0.000584,0.000132
79400,0.000591,0.000981,0.003091,0.005621,0.001147,0.001004,0.001003,0.002182,0.001005,0.000713,0.000142
79500,0.000593,0.000964,0.003084,0.006250,0.001137,0.001000,0.001001,0.002166,0.001004,0.000630,0.000134
79600,0.000588,0.000976,0.003084,0.007298,0.001147,0.001006,0.001003,0.002156,0.001002,0.000664,0.000142
79700,0.000569,0.000954,0.003084,0.006954,0.001136,0.001002,0.001003,0.002130,0.001006,0.000670,0.000141
79800,0.000589,0.001041,0.003080,0.006782,0.001149,0.000999,0.001003,0.002129,0.001002,0.000687,0.000137
79900,0.000575,0.001025,0.003077,0.006669,0.001136,0.001004,0.001006,0.002149,0.001001,0.000708,0.000138
80000,0.000604,0.000991,0.003080,0.006650,0.001149,0.001002,0.001004,0.002117,0.001001,0.000603,0.000136
80100,0.000609,0.001142,0.003086,0.006960,0.001141,0.001000,0.001004,0.002149,0.001002,0.000595,0.000140
80200,0.000602,0.001014,0.003081,0.006453,0.001142,0.001003,0.001001,0.002165,0.001001,0.000744,0.000137
80300,0.000599,0.000981,0.003076,0.006775,0.001144,0.001000,0.001004,0.002174,0.001001,0.000667,0.000139
80400,0.000566,0.000955,0.003082,0.007076,0.001151,0.001003,0.001003,0.002134,0.000999,0.000694,0.000137
80500,0.000578,0.000979,0.003083,0.006944,0.001131,0.001001,0.001000,0.002105,0.001000,0.000693,0.000134
80600,0.000619,0.000960,0.003089,0.006362,0.001135,0.001003,0.001004,0.002127,0.001002,0.000667,0.000139
80700,0.000558,0.001011,0.003079,0.007717,0.001145,0.001006,0.001005,0.002158,0.001000,0.000701,0.000137
80800,0.000605,0.001012,0.003083,0.006767,0.001138,0.001004,0.001003,0.002133,0.001003,0.000653,0.000132
80900,0.000584,0.000970,0.003079,0.006905,0.001113,0.001004,0.001005,0.002169,0.001000,0.000665,0.000141
81000,0.000595,0.000970,0.003084,0.007448,0.001144,0.001000,0.001002,0.002155,0.001001,0.000676,0.000140
81100,0.000585,0.000986,0.003080,0.007978,0.001156,0.001004,0.001005,0.002155,0.001001,0.000632,0.000131
81200,0.000568,0.001015,0.003082,0.006950,0.001138,0.001001,0.001001,0.002098,0.000998,0.000651,0.000137
81300,0.000579,0.000969,0.003089,0.007143,0.001144,0.001004,0.001000,0.002154,0.001001,0.000607,0.000144
81400,0.000575,0.001028,0.003079,0.007338,0.001150,0.001002,0.001004,0.002116,0.000999,0.000655,0.000135
81500,0.000602,0.001054,0.003085,0.006786,0.001138,0.001004,0.001005,0.002153,0.001008,0.000588,0.000142
81600,0.000592,0.001044,0.003081,0.005827,0.001152,0.001008,0.001009,0.002132,0.001000,0.000636,0.000138
81700,0.000580,0.000943,0.003079,0.007286,0.001145,0.001004,0.001002,0.002134,0.001002,0.000648,0.000136
81800,0.000597,0.001001,0.003086,0.007319,0.001133,0.001001,0.001004,0.002154,inf,0.000649,0.000138
81900,0.000577,0.001049,0.003083,0.008045,0.001158,0.001004,0.001004,0.002158,0.001005,0.000656,0.000136
82000,0.000590,0.001041,0.003082,0.006778,0.001135,0.001001,0.000999,0.002109,0.001006,0.000670,0.000136
82100,0.000576,0.000921,0.003081,0.007375,0.001142,0.001004,0.001001,0.002132,0.001007,0.000679,0.000141
82200,0.000610,0.000976,0.003080,0.006033,0.001143,0.001002,0.000998,0.002139,0.001005,0.000626,0.000140
82300,0.000592,0.001007,0.003085,0.006603,0.001144,0.001002,0.001001,0.002119,0.001002,0.000661,0.000137
82400,0.000582,0.000981,0.003083,0.007060,0.001139,0.001002,0.001007,0.002126,0.001005,0.000693,0.000136
82500,0.000574,0.000901,0.003079,0.006917,0.001126,0.001000,0.001000,0.002139,0.001000,0.000650,0.000138
82600,0.000571,0.001012,0.003083,0.007310,0.001147,0.001005,0.001006,0.002130,0.001003,0.000683,0.000138
82700,0.000618,0.001000,0.003087,0.006806,0.001148,0.000999,0.001004,0.002153,0.001001,0.000665,0.000136
82800,0.000604,0.000950,0.003078,0.006191,0.001146,0.001003,0.001000,0.002132,0.001004,0.000655,0.000137
82900,0.000622,0.001018,0.003083,0.006366,0.001153,0.001006,0.001006,0.002176,0.001010,0.000740,0.000139
83000,0.000584,0.000974,0.003082,0.007242,0.001133,0.001001,0.001000,0.002133,0.001005,0.000689,0.000141
83100,0.000579,0.001011,0.003085,0.006787,0.001149,0.001005,0.001006,0.002144,0.001002,0.000696,0.000131
83200,0.000582,0.000960,0.003082,0.006655,0.001137,0.001001,0.001003,0.002091,0.001003,0.000663,0.000141
83300,0.000628,0.001021,0.003086,0.007270,0.001137,0.001004,0.001003,0.002131,0.001002,0.000642,0.000134
83400,0.000567,0.000999,0.003078,0.007232,0.001151,0.001004,0.001005,0.002116,0.001003,0.000682,0.000141
83500,0.000589,0.000930,0.003083,0.006895,0.001154,0.001004,0.001002,0.002166,0.001002,0.000672,0.000141
83600,0.000575,0.000955,0.003078,0.006897,0.001150,0.001006,0.001004,0.002147,0.001005,0.000545,0.000137
83700,0.000607,0.000966,0.003084,0.007285,0.001144,0.001001,0.001003,0.002142,0.000998,0.000645,0.000136
83800,0.000568,0.001016,0.003087,0.006661,0.001137,0.001000,0.001001,0.002158,0.001004,0.000654,0.000141
83900,0.000590,0.000976,0.003084,0.006291,0.001146,0.001001,0.001004,0.002109,0.001011,0.000617,0.000137
84000,0.000584,0.000969,0.003080,0.006356,0.001145,0.001002,0.001002,0.002160,0.001005,0.000651,0.000141
84100,0.000594,0.001094,0.003082,0.006434,0.001147,0.001005,0.001006,0.002133,0.001006,0.000719,0.000142
84200,0.000603,0.000949,0.003080,0.007079,0.001140,0.001001,0.001001,0.002152,0.001004,0.000706,0.000135
84300,0.000597,0.000940,0.003088,0.006790,0.001148,0.001003,0.001003,0.002149,0.001007,0.000635,0.000136
84400,0.000579,0.000951,0.003085,0.006374,0.001142,0.001004,0.001005,0.002078,0.001004,0.000682,0.000130
84500,0.000580,0.000957,0.003083,0.006807,0.001147,0.001001,0.001002,0.002165,0.001003,0.000623,0.000140
84600,0.000600,0.001027,0.003085,0.006940,0.001144,0.001003,0.001003,0.002138,0.001003,0.000703,0.000138
84700,0.000590,0.001016,0.003079,0.006507,0.001140,0.000998,0.001001,0.002169,0.000999,0.000677,0.000137
84800,0.000582,0.000958,0.003079,0.006921,0.001141,0.001003,0.001005,0.002139,0.001001,0.000623,0.000140
84900,0.000594,0.001080,0.003080,0.006282,0.001152,0.001003,0.001002,0.002133,0.001006,0.000681,0.000139
85000,0.000575,0.001026,0.003084,0.006646,0.001149,0.001000,0.001001,0.002119,0.001005,0.000689,0.000139
85100,0.000564,0.001004,0.003082,0.006000,0.001138,0.001004,0.001003,0.002177,0.001007,0.000664,0.000134
85200,0.000585,0.000937,0.003087,0.006993,0.001128,0.001004,0.001003,0.002166,0.001003,0.000726,0.000134
85300,0.000610,0.000981,0.003085,0.007187,0.001143,0.001002,0.001002,0.002159,0.001000,0.000686,0.000135
85400,0.000584,0.001026,0.003081,0.006964,0.001124,0.001002,0.001000,0.002122,0.000992,0.000607,0.000137
85500,0.000593,0.001052,0.003083,0.007456,0.001143,0.001001,0.001004,0.002170,0.001002,0.000717,0.000139
85600,0.000620,0.000942,0.003087,0.006573,0.001143,0.001004,0.001005,0.002141,0.001001,0.000699,0.000137
85700,0.000599,0.000978,0.003082,0.007778,0.001141,0.001003,0.001004,0.002139,0.001005,0.000611,0.000136
85800,0.000588,0.000944,0.003081,0.007111,0.001149,0.001000,0.001002,0.002167,0.001001,0.000660,0.000139
85900,0.000576,0.000967,0.003079,0.006427,0.001144,0.001006,0.001006,0.002119,0.001007,0.000681,0.000139
86000,0.000585,0.000979,0.003082,0.007272,0.001142,0.001000,0.001004,0.002160,0.001008,0.000614,0.000135
86100,0.000599,0.000999,0.003081,0.007146,0.001146,0.001005,0.001002,0.002162,0.001005,0.000687,0.000137
86200,0.000581,0.001042,0.003084,0.006651,0.001138,0.001000,0.001000,0.002139,0.001003,0.000677,0.000142
86300,0.000588,0.001026,0.003085,0.005855,0.001137,0.001002,0.001004,0.002123,0.001001,0.000661,0.000141
86400,0.000610,0.000936,0.003083,0.006399,0.001147,0.001001,0.001005,0.002173,0.001004,0.000656,0.000135
86500,0.000581,0.001021,0.003079,0.006774,0.001128,0.001004,0.001001,0.002141,0.001003,0.000633,0.000139
86600,0.000581,0.000978,0.003078,0.007573,0.001149,0.001006,0.001004,0.002211,0.001000,0.000662,0.000134
86700,0.000596,0.000969,0.003082,0.007129,0.001143,0.001001,0.001002,0.002140,0.001003,0.000646,0.000137
86800,0.000602,0.001033,0.003087,0.006213,0.001137,0.001002,0.001005,0.002129,0.001003,0.000624,0.000135
86900,0.000590,0.001005,0.003083,0.006890,0.001140,0.001002,0.001000,0.002159,0.000997,0.000701,0.000138
87000,0.000581,0.000962,0.003084,0.006391,0.001135,0.001003,0.001002,0.002143,0.001003,0.000619,0.000138
87100,0.000572,0.000957,0.003080,0.006779,0.001143,0.001002,0.001004,0.002126,0.001005,0.000623,0.000134
87200,0.000575,0.001022,0.003080,0.007115,0.001141,0.001001,0.001002,0.002147,0.001005,0.000646,0.000141
87300,0.000613,0.000995,0.003079,0.006944,0.001155,0.001004,0.001002,0.002146,0.001004,0.000681,0.000133
87400,0.000599,0.000943,0.003081,0.006481,0.001140,0.001004,0.001006,0.002127,0.001000,0.000693,0.000139
87500,0.000584,0.001028,0.003084,0.007232,0.001136,0.001005,0.001004,0.002166,0.001001,0.000650,0.000134
87600,0.000577,0.000998,0.003083,0.006448,0.001140,0.001002,0.001004,0.002146,0.001000,0.000648,0.000135
87700,0.000590,0.000951,0.003081,0.005563,0.001150,0.001002,0.001001,0.002167,0.001003,0.000644,0.000139
87800,0.000605,0.000920,0.003082,0.006657,0.001146,0.001004,0.001002,0.002176,0.001009,0.000633,0.000139
87900,0.000566,0.000937,0.003081,0.007431,0.001152,0.000999,0.001001,0.002157,0.001000,0.000632,0.000134
88000,0.000586,0.001019,0.003087,0.006531,0.001148,0.001005,0.000999,0.002131,0.000994,0.000748,0.000138
88100,0.000595,0.001002,0.003082,0.006578,0.001150,0.001004,0.001003,0.002152,0.000999,0.000682,0.000136
88200,0.000595,0.000962,0.003085,0.007119,0.001143,0.001002,0.001003,0.002147,0.000998,0.000587,0.000136
88300,0.000591,0.000992,0.003081,0.006623,0.001148,0.001006,0.001003,0.002150,0.001005,0.000703,0.000135
88400,0.000593,0.001061,0.003082,0.006546,0.001149,0.001001,0.001001,0.002146,0.000997,0.000663,0.000135
88500,0.000558,0.000991,0.003081,0.007341,0.001140,0.001006,0.001006,0.002153,0.001003,0.000627,0.000134
88600,0.000553,0.000927,0.003079,0.007456,0.001138,0.001000,0.001001,0.002128,0.000999,0.000625,0.000143
88700,0.000574,0.000923,0.003087,0.006624,0.001129,0.001000,0.001000,0.002141,0.001011,0.000614,0.000133
88800,0.000573,0.000921,0.003084,0.007517,0.001151,0.001002,0.001005,0.002170,0.001004,0.000680,0.000141
88900,0.000607,0.001063,0.003087,0.007407,0.001139,0.001007,0.001003,0.002156,0.001006,0.000637,0.000136
89000,0.000568,0.000958,0.003077,0.006632,0.001143,0.001005,0.001004,0.002156,0.001001,0.000653,0.000138
89100,0.000585,0.000982,0.003081,0.005776,0.001138,0.001004,0.001003,0.002160,0.001002,0.000597,0.000132
89200,0.000602,0.000939,0.003079,0.006313,0.001148,0.001000,0.001005,0.002132,0.001005,0.000714,0.000143
89300,0.000554,0.001062,0.003084,0.006797,0.001147,0.001004,0.001002,0.002134,0.001002,0.000684,0.000135
89400,0.000600,0.001006,0.003085,0.007132,0.001138,0.001001,0.000999,0.002165,0.001006,0.000608,0.000132
89500,0.000560,0.000973,0.003082,0.006632,0.001148,0.001003,0.001004,0.002121,0.001007,0.000658,0.000138
89600,0.000607,0.000983,0.003082,0.006311,0.001128,0.001003,0.001001,0.002143,0.001002,0.000638,0.000136
89700,0.000598,0.000948,0.003082,0.006658,0.001134,0.000997,0.001003,0.002092,0.001003,0.000634,0.000133
89800,0.000593,0.000972,0.003081,0.007516,0.001147,0.001005,0.001004,0.002130,0.001006,0.000587,0.000139
89900,0.000568,0.001004,0.003080,0.006975,0.001137,0.001003,0.001002,0.002127,0.001000,0.000613,0.000139
90000,0.000581,0.000949,0.003080,0.007567,0.001145,0.001004,0.001005,0.002117,0.001002,0.000618,0.000137
90100,0.000579,0.000932,0.003087,0.006638,0.001137,0.001005,0.001002,0.002142,0.001003,0.000623,0.000132
90200,0.000603,0.000977,0.003082,0.007092,0.001140,0.001001,0.001002,0.002146,0.001002,0.000611,0.000135
90300,0.000579,0.000962,0.003080,0.006950,0.001137,0.001005,0.001002,0.002135,0.001006,0.000654,0.000138
90400,0.000597,0.000967,0.003082,0.006643,0.001147,0.001002,0.001003,0.002162,0.001003,0.000638,0.000139
90500,0.000589,0.000999,0.003085,0.006127,0.001150,0.001002,0.001004,0.002144,0.001000,0.000726,0.000137
90600,0.000599,0.000960,0.003081,0.006886,0.001141,0.001002,0.001006,0.002129,0.001007,0.000726,0.000139
90700,0.000629,0.000951,0.003084,0.006223,0.001146,0.001002,0.001003,0.002177,0.001004,0.000623,0.000140
90800,0.000560,0.000948,0.003076,0.006681,0.001158,0.001002,0.001002,0.002142,0.001004,0.000644,0.000136
90900,0.000577,0.000898,0.003084,0.007175,0.001142,0.001001,0.001003,0.002147,0.001006,0.000715,0.000139
91000,0.000588,0.001005,0.003079,0.006651,0.001154,0.001004,0.001004,0.002167,0.001001,0.000729,0.000140
91100,0.000599,0.000958,0.003084,0.006939,0.001142,0.001003,0.001003,0.002143,0.001006,0.000705,0.000139
91200,0.000620,0.001012,0.003086,0.006775,0.001136,0.001000,0.001000,0.002154,0.001004,0.000689,0.000135
91300,0.000592,0.000959,0.003075,0.007490,0.001137,0.001003,0.001001,0.002153,0.001003,0.000623,0.000142
91400,0.000558,0.000921,0.003081,0.006780,0.001143,0.001002,0.001000,0.002139,0.000998,0.000623,0.000139
91500,0.000597,0.001010,0.003083,0.006477,0.001141,0.001004,0.001005,0.002150,0.001006,0.000690,0.000134
91600,0.000628,0.000981,0.003081,0.006443,0.001139,0.001001,0.001001,0.002125,0.000996,0.000604,0.000139
91700,0.000600,0.000989,0.003084,0.006776,0.001141,0.001004,0.001004,0.002135,0.001005,0.000674,0.000141
91800,0.000591,0.000918,0.003082,0.006311,0.001139,0.001003,0.001005,0.002118,0.001000,0.000636,0.000133
91900,0.000595,0.001008,0.003088,0.006301,0.001142,0.001000,0.001004,0.002147,0.001008,0.000663,0.000140
92000,0.000567,0.001006,0.003080,0.006777,0.001148,0.001003,0.001004,0.002156,0.000999,0.000637,0.000140
92100,0.000580,0.000987,0.003083,0.006960,0.001143,0.001000,0.000998,0.002137,0.001001,0.000593,0.000137
92200,0.000582,0.001029,0.003077,0.007438,0.001147,0.001003,0.001005,0.002153,0.001004,0.000711,0.000132
92300,0.000583,0.000928,0.003080,0.007075,0.001158,0.001006,0.001003,0.002149,0.001001,0.000594,0.000133
92400,0.000597,0.000972,0.003086,0.006270,0.001142,0.001000,0.001002,0.002154,0.001010,0.000678,0.000134
92500,0.000579,0.000995,0.003078,0.006478,0.001133,0.001003,0.001002,0.002113,0.001003,0.000665,0.000144
92600,0.000603,0.000938,0.003091,0.007443,0.001141,0.001003,0.001001,0.002152,0.001000,0.000660,0.000133
92700,0.000593,0.000952,0.003077,0.006968,0.001154,0.001002,0.001000,0.002148,0.001002,0.000705,0.000138
92800,0.000575,0.000996,0.003084,0.006651,0.001142,0.000999,0.001000,0.002131,0.000998,0.000515,0.000137
92900,0.000634,0.000999,0.003082,0.007123,0.001131,0.001002,0.001002,0.002122,0.001004,0.000703,0.000136
93000,0.000613,0.000911,0.003086,0.006128,0.001138,0.001008,0.001008,0.002122,0.001004,0.000666,0.000138
93100,0.000578,0.000991,0.003081,0.007026,0.001141,0.001003,0.001001,0.002119,0.001001,0.000624,0.000135
93200,0.000597,0.001040,0.003081,0.006045,0.001137,0.001003,0.001005,0.002124,0.001002,0.000671,0.000131
93300,0.000617,0.000997,0.003081,0.007005,0.001150,0.001008,0.001005,0.002140,0.001001,0.000637,0.000137
93400,0.000630,0.000978,0.003084,0.006405,0.001139,0.001000,0.001002,0.002162,0.001003,0.000672,0.000136
93500,0.000564,0.001031,0.003085,0.006248,0.001133,0.001004,0.001003,0.002163,0.001005,0.000653,0.000139
93600,0.000593,0.001005,0.003083,0.007588,0.001141,0.001002,0.001001,0.002177,0.001002,0.000709,0.000139
93700,0.000578,0.000978,0.003083,0.006457,0.001143,0.001001,0.001004,0.002151,0.000997,0.000622,0.000137
93800,0.000561,0.000983,0.003087,0.007942,0.001142,0.001004,0.001001,0.002152,0.001001,0.000557,0.000136
93900,0.000566,0.000988,0.003080,0.007098,0.001139,0.001003,0.001000,0.002127,0.001002,0.000678,0.000141
94000,0.000579,0.000948,0.003081,0.005925,0.001135,0.001005,0.001007,0.002141,0.001001,0.000653,0.000138
94100,0.000597,0.000926,0.003080,0.006977,0.001145,0.001002,0.001003,0.002134,0.001000,0.000646,0.000136
94200,0.000613,0.000913,0.003087,0.006651,0.001139,0.001003,0.000999,0.002139,0.001004,0.000615,0.000136
94300,0.000593,0.001030,0.003083,0.006921,0.001123,0.001000,0.001000,0.002125,0.001000,0.000640,0.000135
94400,0.000572,0.001016,0.003084,0.007370,0.001135,0.001002,0.001002,0.002170,0.001002,0.000615,0.000141
94500,0.000592,0.001003,0.003081,0.007425,0.001143,0.001001,0.001001,0.002135,0.001005,0.000563,0.000138
94600,0.000566,0.001017,0.003082,0.007462,0.001142,0.001003,0.001004,0.002153,0.001003,0.000700,0.000134
94700,0.000543,0.000994,0.003076,0.006512,0.001145,0.001005,0.001003,0.002113,0.001001,0.000635,0.000136
94800,0.000590,0.000967,0.003078,0.007007,0.001150,0.001006,0.001006,0.002124,0.001001,0.000682,0.000138
94900,0.000585,0.000996,0.003089,0.006773,0.001153,0.001004,0.001003,0.002146,0.001001,0.000728,0.000139
95000,0.000598,0.000988,0.003079,0.006790,0.001139,0.001003,0.001003,0.002099,0.001004,0.000674,0.000138
95100,0.000570,0.000986,0.003082,0.007601,0.001140,0.001002,0.001000,0.002137,0.001003,0.000565,0.000143
95200,0.000574,0.000971,0.003082,0.006112,0.001143,0.001003,0.001001,0.002107,0.001006,0.000703,0.000134
95300,0.000598,0.000981,0.003081,0.006223,0.001140,0.001002,0.000999,0.002132,0.001002,0.000695,0.000141
95400,0.000587,0.000993,0.003085,0.006940,0.001135,0.001003,0.001004,0.002163,0.000997,0.000679,0.000142
95500,0.000598,0.001010,0.003082,0.007041,0.001140,0.001002,0.001008,0.002109,0.001001,0.000636,0.000137
95600,0.000629,0.000992,0.003084,0.005617,0.001144,0.001004,0.001003,0.002134,0.001001,0.000646,0.000139
95700,0.000602,0.001025,0.003080,0.006206,0.001137,0.001005,0.001002,0.002134,0.001004,0.000665,0.000139
95800,0.000614,0.000937,0.003083,0.006638,0.001138,0.001000,0.000999,0.002152,0.001000,0.000714,0.000135
95900,0.000602,0.000917,0.003079,0.007077,0.001142,0.001006,0.001002,0.002124,0.001003,0.000644,0.000135
96000,0.000628,0.001009,0.003085,0.007762,0.001149,0.001002,0.001000,0.002119,0.001002,0.000654,0.000135
96100,0.000601,0.001036,0.003080,0.006461,0.001144,0.001002,0.000998,0.002170,0.001008,0.000658,0.000138
96200,0.000562,0.000955,0.003081,0.006772,0.001145,0.000999,0.001001,0.002146,0.001000,0.000640,0.000138
96300,0.000578,0.001020,0.003088,0.006913,0.001145,0.001005,0.001005,0.002123,0.001005,0.000699,0.000139
96400,0.000570,0.001024,0.003076,0.006278,0.001153,0.001005,0.001004,0.002151,0.001004,0.000671,0.000135
96500,0.000585,0.001003,0.003081,0.007504,0.001143,0.001001,0.001002,0.002146,0.001003,0.000688,0.000136
96600,0.000579,0.000993,0.003081,0.006587,0.001154,0.001001,0.001001,0.002135,0.001003,0.000633,0.000135
96700,0.000580,0.000949,0.003083,0.006181,0.001144,0.001002,0.001001,0.002162,0.001006,0.000660,0.000132
96800,0.000568,0.001064,0.003086,0.006309,0.001135,0.001001,0.001000,0.002137,0.001000,0.000703,0.000136
96900,0.000610,0.001025,0.003082,0.007200,0.001145,0.001003,0.001004,0.002138,0.000998,0.000658,0.000137
97000,0.000600,0.001021,0.003082,0.007837,0.001137,0.001001,0.001002,0.002098,0.001004,0.000683,0.000138
97100,0.000599,0.000956,0.003084,0.006550,0.001147,0.001001,0.001005,0.002147,0.001006,0.000604,0.000134
97200,0.000582,0.000988,0.003075,0.006353,0.001151,0.001003,0.001003,0.002138,0.001005,0.000687,0.000134
97300,0.000570,0.000980,0.003082,0.007033,0.001142,0.001003,0.001002,0.002150,0.000999,0.000644,0.000138
97400,0.000573,0.000946,0.003082,0.007229,0.001153,0.001003,0.001004,0.002151,0.001000,0.000607,0.000138
97500,0.000592,0.000963,0.003084,0.007173,0.001157,0.001002,0.001002,0.002150,0.001001,0.000708,0.000135
97600,0.000571,0.001030,0.003077,0.006582,0.001128,0.001001,0.001001,0.002117,0.001006,0.000679,0.000141
97700,0.000599,0.000969,0.003080,0.006198,0.001133,0.001008,0.001006,0.002131,0.001002,0.000626,0.000138
97800,0.000596,0.000993,0.003083,0.006516,0.001141,0.000999,0.000998,0.002168,0.001008,0.000659,0.000137
97900,0.000583,0.000973,0.003089,0.006915,0.001151,0.001003,0.001001,0.002109,0.001004,0.000680,0.000136
98000,0.000598,0.001024,0.003079,0.007039,0.001140,0.001002,0.001002,0.002151,0.001004,0.000633,0.000138
98100,0.000596,0.000970,0.003081,0.006025,0.001138,0.001001,0.001002,0.002123,0.001000,0.000692,0.000140
98200,0.000565,0.000967,0.003081,0.006631,0.001147,0.001003,0.001003,0.002171,0.001002,0.000657,0.000140
98300,0.000585,0.001013,0.003082,0.007616,0.001143,0.001002,0.001001,0.002115,0.001002,0.000653,0.000135
98400,0.000571,0.000972,0.003083,0.006580,0.001134,0.001006,0.001005,0.002130,0.001001,0.000606,0.000136
98500,0.000607,0.000999,0.003075,0.007004,0.001138,0.001004,0.001000,0.002120,0.000999,0.000640,0.000138
98600,0.000603,0.001016,0.003085,0.006777,0.001141,0.001002,0.001000,0.002126,0.001004,0.000664,0.000141
98700,0.000585,0.001003,0.003076,0.006152,0.001136,0.001001,0.001000,0.002134,0.001005,0.000658,0.000132
98800,0.000598,0.001015,0.003081,0.006180,0.001141,0.000999,0.001000,0.002158,0.001005,0.000691,0.000139
98900,0.000585,0.001025,0.003079,0.006293,0.001140,0.001005,0.001005,0.002152,0.001004,0.000679,0.000133
99000,0.000588,0.001022,0.003078,0.006774,0.001148,0.001003,0.001003,0.002115,0.001005,0.000619,0.000138
99100,0.000577,0.001015,0.003086,0.007141,0.001150,0.001001,0.001002,0.002141,0.001003,0.000665,0.000139
99200,0.000586,0.000998,0.003083,0.006743,0.001152,0.001005,0.001006,0.002152,0.000996,0.000639,0.000136
99300,0.000629,0.000989,0.003086,0.006628,0.001142,0.001000,0.001003,0.002132,0.001000,0.000624,0.000142
99400,0.000587,0.000966,0.003083,0.006447,0.001144,0.001003,0.001003,0.002121,0.001000,0.000604,0.000139
99500,0.000612,0.001031,0.003079,0.007301,0.001144,0.001002,0.000999,0.002138,0.000999,0.000676,0.000143
99600,0.000552,0.001017,0.003080,0.006259,0.001145,0.001003,0.001003,0.002121,0.001002,0.000667,0.000138
99700,0.000595,0.001018,0.003080,0.007105,0.001141,0.001004,0.001002,0.002147,0.001001,0.000660,0.000136
99800,0.000593,0.000952,0.003085,0.006779,0.001145,0.001002,0.001001,0.002174,0.001009,0.000654,0.000140
99900,0.000580,0.000986,0.003080,0.006783,0.001152,0.001006,0.001004,0.002138,0.001004,0.000727,0.000137
100000,0.000579,0.000964,0.003085,0.007095,0.001132,0.001004,0.001004,0.002136,0.001003,0.000604,0.000143
100100,0.000591,0.001007,0.003081,0.007169,0.001145,0.001001,0.001003,0.002125,0.001001,0.000632,0.000137
100200,0.000609,0.001013,0.003081,0.007305,0.001137,0.001000,0.000998,0.002110,0.000994,0.000677,0.000136
100300,0.000591,0.000973,0.003082,0.006601,0.001139,0.001003,0.001003,0.002126,0.001000,0.000624,0.000139
100400,0.000604,0.000906,0.003084,0.006780,0.001144,0.001005,0.001004,0.002106,0.001001,0.000659,0.000136
100500,0.000622,0.000949,0.003082,0.006597,0.001148,0.001003,0.001002,0.002112,0.001004,0.000671,0.000138
100600,0.000584,0.001012,0.003081,0.006671,0.001144,0.001004,0.001000,0.002126,0.001004,0.000626,0.000138
100700,0.000591,0.000995,0.003080,0.006772,0.001138,0.001001,0.001002,0.002143,0.001007,0.000686,0.000136
100800,0.000592,0.000970,0.003082,0.006630,0.001144,0.001003,0.001002,0.002152,0.001003,0.000664,0.000140
100900,0.000582,0.000986,0.003083,0.006424,0.001148,0.001002,0.001002,0.002131,0.001002,0.000607,0.000137
101000,0.000610,0.000978,0.003084,0.006604,0.001145,0.001002,0.001002,0.002189,0.001001,0.000668,0.000135
101100,0.000595,0.000941,0.003084,0.005685,0.001135,0.001001,0.001007,0.002138,0.001001,0.000671,0.000136
101200,0.000599,0.000949,0.003087,0.007090,0.001143,0.001000,0.000999,0.002155,0.001003,0.000671,0.000136
101300,0.000601,0.000958,0.003077,0.007626,0.001167,0.001003,0.001003,0.002115,0.001001,0.000614,0.000139
101400,0.000584,0.000993,0.003082,0.006758,0.001144,0.001003,0.001003,0.002132,0.001007,0.000666,0.000136
101500,0.000583,0.001046,0.003079,0.007422,0.001135,0.001001,0.001001,0.002134,0.001004,0.000639,0.000139
101600,0.000626,0.000974,0.003084,0.006255,0.001141,0.001000,0.001000,0.002146,0.001007,0.000640,0.000142
101700,0.000624,0.001018,0.003082,0.006051,0.001145,0.001002,0.001001,0.002104,0.000997,0.000703,0.000140
101800,0.000586,0.000981,0.003086,0.007349,0.001144,0.001002,0.001001,0.002154,0.001005,0.000679,0.000134
101900,0.000584,0.001009,0.003080,0.005894,0.001140,0.001001,0.001002,0.002141,0.001010,0.000688,0.000140
102000,0.000618,0.000953,0.003079,0.007392,0.001129,0.001004,0.001003,0.002153,0.001003,0.000705,0.000137
102100,0.000566,0.000975,0.003082,0.007381,0.001138,0.001004,0.001003,0.002105,0.001000,0.000667,0.000137
102200,0.000595,0.001006,0.003080,0.007571,0.001134,0.001008,0.001003,0.002130,0.001001,0.000645,0.000137
102300,0.000576,0.000964,0.003085,0.006924,0.001139,0.001004,0.001012,0.002165,0.000999,0.000620,0.000140
102400,0.000598,0.000995,0.003084,0.006447,0.001150,0.001003,0.001003,0.002130,0.001001,0.000615,0.000134
102500,0.000597,0.001002,0.003081,0.006652,0.001150,0.001002,0.001012,0.002138,0.001001,0.000598,0.000135
102600,0.000586,0.001009,0.003087,0.006127,0.001151,0.001003,0.001001,0.002151,0.001000,0.000689,0.000134
102700,0.000571,0.000990,0.003081,0.006942,0.001142,0.000998,0.001003,0.002167,0.000998,0.000557,0.000137
102800,0.000596,0.000950,0.003084,0.006785,0.001149,0.001002,0.001003,0.002163,0.001003,0.000610,0.000136
102900,0.000563,0.000912,0.003083,0.007335,0.001131,0.001004,0.001004,0.002134,0.001000,0.000665,0.000142
103000,0.000593,0.000991,0.003084,0.006767,0.001136,0.001002,0.001003,0.002141,0.001003,0.000598,0.000135
103100,0.000593,0.000948,0.003082,0.006954,0.001142,0.001003,0.001002,0.002150,0.001003,0.000645,0.000138
103200,0.000567,0.000965,0.003079,0.006380,0.001141,0.001001,0.001000,0.002135,0.001000,0.000670,0.000129
103300,0.000580,0.001005,0.003079,0.007556,0.001137,0.001006,0.001002,0.002128,0.000997,0.000645,0.000133
103400,0.000587,0.000992,0.003086,0.006930,0.001137,0.001000,0.001001,0.002129,0.001002,0.000693,0.000140
103500,0.000593,0.000974,0.003085,0.007108,0.001145,0.000999,0.001000,0.002128,0.000999,0.000637,0.000134
103600,0.000590,0.001024,0.003078,0.007100,0.001141,0.001003,0.001001,0.002155,0.001005,0.000683,0.000135
103700,0.000593,0.000931,0.003086,0.006764,0.001143,0.001012,0.001005,0.002165,0.001015,0.000655,0.000135
103800,0.000586,0.000949,0.003081,0.007537,0.001149,0.001002,0.001002,0.002104,0.001002,0.000661,0.000137
103900,0.000627,0.000921,0.003080,0.006540,0.001144,0.001002,0.001003,0.002103,0.001004,0.000624,0.000134
104000,0.000557,0.000998,0.003081,0.007400,0.001148,0.001002,0.001003,0.002138,0.001005,0.000649,0.000137
104100,0.000596,0.000963,0.003085,0.007203,0.001140,0.001002,0.001004,0.002127,0.001004,0.000623,0.000138
104200,0.000550,0.000977,0.003082,0.006796,0.001152,0.001000,0.001002,0.002146,0.000999,0.000698,0.000136
104300,0.000626,0.001007,0.003082,0.007399,0.001138,0.001002,0.001002,0.002147,0.001001,0.000696,0.000133
104400,0.000593,0.000983,0.003077,0.007879,0.001134,0.001000,0.001000,0.002133,0.001002,0.000714,0.000139
104500,0.000570,0.000979,0.003082,0.007182,0.001141,0.001000,0.001000,0.002126,0.001003,0.000669,0.000134
104600,0.000581,0.000967,0.003080,0.008147,0.001147,0.001004,0.001003,0.002140,0.001007,0.000632,0.000133
104700,0.000585,0.000928,0.003078,0.007064,0.001151,0.000999,0.001002,0.002136,0.001000,0.000649,0.000138
104800,0.000593,0.000947,0.003083,0.006934,0.001153,0.001005,0.001003,0.002170,0.001001,0.000642,0.000139
104900,0.000587,0.000985,0.003088,0.007588,0.001135,0.001002,0.001002,0.002170,0.001002,0.000689,0.000141
105000,0.000577,0.000972,0.003080,0.006728,0.001142,0.001000,0.001003,0.002121,0.000999,0.000670,0.000134
105100,0.000594,0.000971,0.003078,0.007336,0.001151,0.001003,0.001003,0.002139,0.001005,0.000599,0.000138
105200,0.000563,0.001015,0.003081,0.006915,0.001142,0.001003,0.000998,0.002145,0.001006,0.000694,0.000139
105300,0.000576,0.001002,0.003087,0.006221,0.001139,0.001003,0.001004,0.002145,0.001004,0.000697,0.000136
105400,0.000575,0.000998,0.003081,0.006237,0.001138,0.001003,0.001003,0.002140,0.001001,0.000632,0.000136
105500,0.000605,0.000969,0.003083,0.006385,0.001138,0.001002,0.001003,0.002126,0.001000,0.000614,0.000134
105600,0.000587,0.000983,0.003081,0.007087,0.001148,0.001003,0.001001,0.002135,0.001001,0.000655,0.000135
105700,0.000616,0.001037,0.003083,0.006670,0.001143,0.001000,0.001001,0.002149,0.001004,0.000647,0.000137
105800,0.000592,0.001056,0.003082,0.006310,0.001146,0.001004,0.001005,0.002126,0.000998,0.000598,0.000131
105900,0.000597,0.000937,0.003082,0.007716,0.001135,0.001000,0.001001,0.002120,0.001006,0.000669,0.000139
106000,0.000589,0.000974,0.003084,0.006180,0.001147,0.001001,0.001001,0.002120,0.000999,0.000695,0.000137
106100,0.000579,0.000996,0.003077,0.006813,0.001141,0.001001,0.001002,0.002184,0.001006,0.000744,0.000133
106200,0.000596,0.001028,0.003081,0.007578,0.001141,0.001002,0.001003,0.002133,0.001004,0.000630,0.000137
106300,0.000598,0.000965,0.003082,0.006766,0.001137,0.001003,0.001002,0.002158,0.001005,0.000681,0.000135
106400,0.000580,0.000948,0.003078,0.005869,0.001128,0.001002,0.001000,0.002098,0.001003,0.000608,0.000140
106500,0.000585,0.000954,0.003085,0.007615,0.001139,0.001003,0.001003,0.002143,0.001001,0.000691,0.000138
106600,0.000568,0.000918,0.003081,0.007322,0.001147,0.001003,0.001007,0.002141,0.001004,0.000634,0.000136
106700,0.000575,0.000973,0.003084,0.006331,0.001131,0.001003,0.001001,0.002131,0.001005,0.000640,0.000136
106800,0.000604,0.000976,0.003080,0.007437,0.001146,0.001003,0.001003,0.002152,0.001003,0.000664,0.000135
106900,0.000575,0.000948,0.003080,0.007448,0.001142,0.001000,0.001002,0.002122,0.001008,0.000630,0.000138
107000,0.000616,0.000932,0.003081,0.007462,0.001133,0.001002,0.001001,0.002123,0.000999,0.000651,0.000132
107100,0.000607,0.000913,0.003079,0.005688,0.001141,0.001003,0.001001,0.002145,0.001000,0.000622,0.000138
107200,0.000570,0.000995,0.003085,0.007452,0.001138,0.000999,0.001002,0.002150,0.001008,0.000654,0.000146
107300,0.000561,0.000964,0.003079,0.007343,0.001133,0.001003,0.001004,0.002113,0.001004,0.000649,0.000137
107400,0.000572,0.000932,0.003085,0.006373,0.001142,0.001003,0.001002,0.002175,0.001003,0.000668,0.000133
107500,0.000591,0.000940,0.003083,0.007364,inf,0.001002,0.001003,0.002183,0.001001,0.000638,0.000135
107600,0.000587,0.000949,0.003079,0.007145,0.001136,0.000999,0.001000,0.002155,0.000998,0.000659,0.000138
107700,0.000606,0.001023,0.003081,0.007057,0.001140,0.001001,0.001001,0.002143,0.001002,0.000640,0.000137
107800,0.000577,0.000991,0.003083,0.006026,0.001151,0.001005,0.001004,0.002109,0.001001,0.000610,0.000133
107900,0.000606,0.001000,0.003084,0.007526,0.001137,0.001000,0.001002,0.002124,0.001005,0.000680,0.000138
108000,0.000586,0.000963,0.003082,0.007067,0.001140,0.001005,0.001001,0.002135,0.000995,0.000653,0.000137
108100,0.000583,0.000900,0.003078,0.006286,0.001152,0.001002,0.001005,0.002148,0.001003,0.000657,0.000136
108200,0.000601,0.001012,0.003079,0.007054,0.001143,0.000999,0.001000,0.002115,0.001003,0.000657,0.000137
108300,0.000605,0.000928,0.003082,0.006939,0.001142,0.001003,0.001006,0.002093,0.001005,0.000627,0.000133
108400,0.000600,0.000978,0.003082,0.007061,0.001136,0.000999,0.001000,0.002124,0.001003,0.000605,0.000139
108500,0.000573,0.000991,0.003082,0.006621,0.001148,0.001002,0.001001,0.002144,0.001001,0.000665,0.000137
108600,0.000563,0.001002,0.003085,0.006745,0.001151,0.001002,0.001003,0.002129,0.001005,0.000638,0.000139
108700,0.000606,0.001016,0.003072,0.007343,0.001141,0.001000,0.001002,0.002156,0.001001,0.000690,0.000138
108800,0.000573,0.000985,0.003080,0.007052,0.001137,0.001005,0.001001,0.002117,0.001004,0.000634,0.000138
108900,0.000583,0.000925,0.003080,0.006352,0.001146,0.001001,0.001003,0.002117,0.001004,0.000609,0.000144
109000,0.000575,0.001023,0.003087,0.007198,0.001139,0.001002,0.001005,0.002160,0.001004,0.000656,0.000135
109100,0.000564,0.001004,0.003080,0.006543,0.001142,0.000999,0.000999,0.002151,0.001002,0.000706,0.000137
109200,0.000576,0.000951,0.003082,0.006329,0.001139,0.000999,0.001004,0.002150,0.001000,0.000578,0.000139
109300,0.000555,0.000973,0.003094,0.006633,0.001142,0.001003,0.001003,0.002111,0.001003,0.000679,0.000133
109400,0.000625,0.000987,0.003079,0.006739,0.001156,0.000999,0.001000,0.002145,0.001008,0.000761,0.000139
109500,0.000578,0.000977,0.003079,0.006647,0.001140,0.001003,0.001005,0.002150,0.001000,0.000691,0.000141
109600,0.000560,0.001017,0.003078,0.006073,0.001153,0.001002,0.001005,0.002129,0.000998,0.000662,0.000137
109700,0.000598,0.000941,0.003083,0.006960,0.001160,0.001004,0.001004,0.002135,0.001000,0.000650,0.000130
109800,0.000570,0.000938,0.003081,0.007419,0.001138,0.001000,0.001002,0.002155,0.001003,0.000655,0.000138
109900,0.000611,0.000967,0.003080,0.007164,0.001151,0.001004,0.001003,0.002139,0.001000,0.000618,0.000143
110000,0.000562,0.000936,0.003082,0.006797,0.001134,0.001002,0.001000,0.002132,0.001011,0.000715,0.000130
110100,0.000579,0.000949,0.003084,0.006820,0.001139,0.001000,0.000999,0.002140,0.001000,0.000695,0.000139
110200,0.000595,0.001033,0.003086,0.006328,0.001143,0.001002,0.001000,0.002144,0.000999,0.000698,0.000136
110300,0.000594,0.000958,0.003083,0.006601,0.001140,0.001002,0.001002,0.002137,0.001001,0.000704,0.000134
110400,0.000598,0.000977,0.003083,0.006951,0.001142,0.001001,0.001004,0.002129,0.001001,0.000625,0.000140
110500,0.000612,0.000986,0.003080,0.007045,0.001150,0.001005,0.001004,0.002120,0.001001,0.000653,0.000135
110600,0.000606,0.000976,0.003079,0.006467,0.001128,0.001001,0.001000,0.002135,0.000998,0.000696,0.000131
110700,0.000602,0.000944,0.003076,0.006490,0.001143,0.001004,0.001004,0.002104,0.001001,0.000661,0.000132
110800,0.000595,0.000951,0.003080,0.006469,0.001137,0.001002,0.000998,0.002189,0.001000,0.000710,0.000143
110900,0.000614,0.000932,0.003091,0.006578,0.001133,0.000999,0.001002,0.002138,0.000998,0.000638,0.000138
111000,0.000564,0.000942,0.003082,0.006584,0.001133,0.000999,0.001000,0.002114,0.001000,0.000702,0.000138
111100,0.000592,0.001028,0.003084,0.006494,0.001141,0.001006,0.001005,0.002156,0.001007,0.000698,0.000137
111200,0.000582,0.000946,0.003079,0.007211,0.001147,0.001004,0.001004,0.002117,0.001002,0.000539,0.000140
111300,0.000593,0.001027,0.003079,0.005947,0.001138,0.001002,0.001002,0.002132,0.000999,0.000669,0.000137
111400,0.000596,0.000976,0.003080,0.006619,0.001143,0.001002,0.001002,0.002162,0.001010,0.000658,0.000142
111500,0.000575,0.001006,0.003084,0.007221,0.001141,0.001005,0.001004,0.002162,0.001004,0.000636,0.000139
111600,0.000585,0.001017,0.003081,0.007201,0.001144,0.001004,0.001003,0.002135,0.001009,0.000644,0.000134
111700,0.000599,0.000991,0.003083,0.007009,0.001142,0.001002,0.001001,0.002136,0.001004,0.000693,0.000133
111800,0.000597,0.001036,0.003078,0.007649,0.001141,0.001001,0.001001,0.002150,0.000997,0.000704,0.000133
111900,0.000579,0.000997,0.003082,0.005956,0.001147,0.001000,0.001003,0.002123,0.001002,0.000598,0.000129
112000,0.000597,0.000952,0.003076,0.005892,0.001142,0.001001,0.001007,0.002149,0.001003,0.000706,0.000135
112100,0.000608,0.000969,0.003080,0.006980,0.001142,0.001001,0.001001,0.002133,0.001000,0.000654,0.000132
112200,0.000588,0.001033,0.003080,0.006458,0.001132,0.001003,0.001004,0.002160,0.001001,0.000636,0.000139
112300,0.000585,0.000980,0.003087,0.006230,0.001129,0.001003,0.001002,0.002160,0.001001,0.000687,0.000134
112400,0.000584,0.000994,0.003078,0.007117,0.001136,0.001001,0.001004,0.002107,0.001006,0.000663,0.000140
112500,0.000563,0.000975,0.003083,0.006460,0.001141,0.001000,0.000999,0.002123,0.001005,0.000681,0.000135
112600,0.000605,0.001033,0.003080,0.006619,0.001142,0.001001,0.001001,0.002170,0.001006,0.000677,0.000133
112700,0.000592,0.000914,0.003085,0.007052,0.001138,0.001004,0.001001,0.002133,0.001001,0.000664,0.000131
112800,0.000595,0.001041,0.003083,0.006635,0.001136,0.001001,0.001001,0.002143,0.001003,0.000678,0.000139
112900,0.000583,0.000953,0.003083,0.007111,0.001150,0.001002,0.001002,0.002110,0.001002,0.000594,0.000140
113000,0.000578,0.000942,0.003079,0.006395,0.001131,0.001003,0.001003,0.002120,0.001001,0.000740,0.000135
113100,0.000554,0.000982,0.003084,0.007335,0.001139,0.001000,0.001001,0.002155,0.001002,0.000662,0.000136
113200,0.000581,0.000984,0.003080,0.007402,0.001137,0.001005,0.001003,0.002109,0.001000,0.000642,0.000131
113300,0.000645,0.000978,0.003080,0.006261,0.001141,0.001001,0.001002,0.002139,0.000999,0.000644,0.000133
113400,0.000597,0.001018,0.003083,0.007917,0.001138,0.000997,0.001002,0.002145,0.001004,0.000694,0.000134
113500,0.000571,0.000961,0.003080,0.006423,0.001145,0.000999,0.000998,0.002119,0.001007,0.000585,0.000137
113600,0.000580,0.000979,0.003080,0.006126,0.001146,0.001002,0.001000,0.002124,0.001002,0.000641,0.000141
113700,0.000562,0.000999,0.003079,0.007291,0.001143,0.001006,0.001005,0.002132,0.001005,0.000654,0.000136
113800,0.000571,0.000975,0.003079,0.006916,0.001141,0.001002,0.001001,0.002162,0.001002,0.000558,0.000138
113900,0.000582,0.000961,0.003086,0.005902,0.001150,0.001004,0.001003,0.002164,0.001003,0.000688,0.000142
114000,0.000601,0.001024,0.003085,0.006902,0.001148,0.001004,0.001004,0.002143,0.000997,0.000666,0.000137
114100,0.000572,0.000986,0.003089,0.006629,0.001138,0.001001,0.001000,0.002144,0.000997,0.000614,0.000136
114200,0.000601,0.000986,0.003078,0.007079,0.001142,0.001005,0.001002,0.002105,0.001000,0.000650,0.000139
114300,0.000593,0.001018,0.003084,0.007666,0.001138,0.000999,0.001003,0.002126,0.001000,0.000617,0.000134
114400,0.000589,0.001015,0.003079,0.007519,0.001143,0.001001,0.001006,0.002104,0.001003,0.000664,0.000138
114500,0.000556,0.000998,0.003077,0.006330,0.001153,0.001001,0.001002,0.002113,0.001005,0.000641,0.000140
114600,0.000573,0.001020,0.003084,0.006264,0.001142,0.001001,0.001001,0.002105,0.001003,0.000690,0.000135
114700,0.000589,0.000972,0.003078,0.006934,0.001157,0.001002,0.001004,0.002100,0.001005,0.000708,0.000138
114800,0.000604,0.001005,0.003091,0.007412,0.001136,0.001003,0.001001,0.002112,0.000998,0.000652,0.000139
114900,0.000550,0.000935,0.003078,0.007490,0.001145,0.001002,0.001002,0.002107,0.001005,0.000647,0.000132
115000,0.000595,0.000934,0.003079,0.007518,0.001150,0.001001,0.000999,0.002192,0.000997,0.000686,0.000143
115100,0.000606,0.001028,0.003080,0.007258,0.001132,0.000999,0.001002,0.002149,0.001003,0.000690,0.000140
115200,0.000593,0.000971,0.003083,0.006774,0.001131,0.001003,0.001005,0.002103,0.001001,0.000588,0.000130
115300,0.000623,0.000943,0.003082,0.006483,0.001142,0.001000,0.001001,0.002144,0.001004,0.000640,0.000138
115400,0.000555,0.001053,0.003080,0.007375,0.001146,0.001001,0.001003,0.002143,0.001001,0.000616,0.000134
115500,0.000565,0.001010,0.003078,0.006088,0.001147,0.001002,0.001004,0.002128,0.000999,0.000660,0.000139
115600,0.000562,0.000939,0.003081,0.006782,0.001151,0.001002,0.001003,0.002155,0.001006,0.000686,0.000139
115700,0.000601,0.000889,0.003083,0.006929,0.001140,0.001001,0.001005,0.002116,0.001001,0.000670,0.000135
115800,0.000569,0.000983,0.003080,0.007206,0.001141,0.001000,0.001001,0.002160,0.001002,0.000705,0.000138
115900,0.000570,0.000997,0.003083,0.006122,0.001148,0.001003,0.001001,0.002096,0.001000,0.000694,0.000138
116000,0.000594,0.000949,0.003085,0.006102,0.001146,0.000997,0.001001,0.002145,0.001005,0.000678,0.000134
116100,0.000617,0.001039,0.003067,0.006107,0.001140,0.001002,0.001004,0.002154,0.001001,0.000582,0.000135
116200,0.000580,0.000993,0.003079,0.006054,0.001146,0.001005,0.001005,0.002151,0.001007,0.000633,0.000137
116300,0.000580,0.000945,0.003081,0.007337,0.001132,0.001001,0.000999,0.002139,0.000998,0.000692,0.000134
116400,0.000588,0.000969,0.003085,0.007480,0.001143,0.001001,0.001004,0.002135,0.001003,0.000642,0.000135
116500,0.000587,0.001015,0.003082,0.006625,0.001151,0.000999,0.000999,0.002149,0.001002,0.000636,0.000142
116600,0.000586,0.001010,0.003082,0.007613,0.001143,0.001001,0.001000,0.002142,0.000998,0.000659,0.000134
116700,0.000615,0.000978,0.003079,0.006497,0.001139,0.001002,0.001000,0.002147,0.001002,0.000670,0.000136
116800,0.000610,0.000988,0.003081,0.005514,0.001143,0.000998,0.001000,0.002185,0.001001,0.000676,0.000139
116900,0.000562,0.000928,0.003079,0.007503,0.001143,0.001004,0.001004,0.002132,0.000999,0.000697,0.000134
117000,0.000602,0.001003,0.003081,0.006983,0.001139,0.001006,0.001003,0.002203,0.000999,0.000679,0.000135
117100,0.000584,0.000960,0.003088,0.005851,0.001126,0.001001,0.001003,0.002146,0.001001,0.000649,0.000138
117200,0.000588,0.000972,0.003079,0.007260,0.001141,0.001000,0.001001,0.002147,0.001000,0.000656,0.000141
117300,0.000606,0.000988,0.003079,0.006614,0.001136,0.001003,0.001001,0.002168,0.001003,0.000690,0.000137
117400,0.000596,0.000998,0.003081,0.007229,0.001130,0.001001,0.001001,0.002172,0.001004,0.000649,0.000132
117500,0.000593,0.000964,0.003080,0.006425,0.001139,0.001000,0.001000,0.002152,0.001004,0.000611,0.000137
117600,0.000575,0.000943,0.003084,0.007357,0.001145,0.001003,0.001004,0.002152,0.000998,0.000648,0.000140
117700,0.000599,0.001024,0.003082,0.006184,0.001151,0.001004,0.001004,0.002156,0.000999,0.000717,0.000136
117800,0.000587,0.000995,0.003080,0.006609,0.001143,0.001004,0.001002,0.002119,0.001003,0.000634,0.000139
117900,0.000604,0.000986,0.003081,0.006960,0.001142,0.001002,0.001003,0.002140,0.001002,0.000658,0.000139
118000,0.000570,0.000993,0.003082,0.007188,0.001147,0.001000,0.000999,0.002098,0.000998,0.000666,0.000137
118100,0.000572,0.000966,0.003078,0.006118,0.001147,0.001007,0.001002,0.002128,0.001001,0.000647,0.000130
118200,0.000556,0.000936,0.003080,0.006413,0.001141,0.001002,0.001003,0.002125,0.001000,0.000637,0.000140
118300,0.000569,0.000906,0.003087,0.006170,0.001138,0.000999,0.001001,0.002140,0.001003,0.000536,0.000135
118400,0.000575,0.000948,0.003077,0.007192,0.001137,0.001001,0.001001,0.002105,0.000999,0.000653,0.000133
118500,0.000602,0.000931,0.003085,0.006809,0.001141,0.001002,0.001004,0.002128,0.001003,0.000645,0.000139
118600,0.000609,0.001005,0.003080,0.006646,0.001141,0.001006,0.001002,0.002120,0.000998,0.000595,0.000137
118700,0.000595,0.000980,0.003080,0.006933,0.001136,0.001000,0.001003,0.002115,0.001003,0.000658,0.000136
118800,0.000608,0.001042,0.003080,0.006643,0.001151,0.001000,0.001003,0.002150,0.001008,0.000601,0.000137
118900,0.000583,0.000916,0.003085,0.006793,0.001149,0.001002,0.001006,0.002155,0.000999,0.000502,0.000136
119000,0.000596,0.001014,0.003080,0.006283,0.001143,0.001001,0.000999,0.002137,0.001003,0.000758,0.000133
119100,0.000593,0.000974,0.003081,0.006748,0.001150,0.001002,0.001001,0.002126,0.001000,0.000541,0.000136
119200,0.000595,0.000992,0.003078,0.006949,0.001140,0.001001,0.001002,0.002123,0.001002,0.000665,0.000139
119300,0.000592,0.000962,0.003080,0.007459,0.001140,0.001000,0.000998,0.002148,0.001003,0.000566,0.000137
119400,0.000580,0.000906,0.003077,0.007056,0.001141,0.001001,0.001007,0.002159,0.001004,0.000641,0.000136
119500,0.000585,0.000983,0.003081,0.006709,0.001140,0.001001,0.001000,0.002148,0.001000,0.000644,0.000138
119600,0.000582,0.000949,0.003079,0.007169,0.001132,0.001004,0.001004,0.002150,0.001001,0.000670,0.000133
119700,0.000571,0.001013,0.003086,0.007294,0.001127,0.001001,0.001002,0.002132,0.001003,0.000671,0.000134
119800,0.000591,0.001002,0.003077,0.006626,0.001137,0.001000,0.001000,0.002141,0.001002,0.000602,0.000139
119900,0.000589,0.000934,0.003081,0.007650,0.001138,0.001004,0.001001,0.002150,0.001003,0.000683,0.000133
120000,0.000518,0.000970,0.003080,0.005679,0.001130,0.000998,0.001001,0.002138,0.001002,0.000601,0.000136
120100,0.000586,0.000943,0.003087,0.006481,0.001138,0.001004,0.001003,0.002170,0.001001,0.000706,0.000132
120200,0.000582,0.001007,0.003082,0.006785,0.001143,0.001000,0.001002,0.002128,0.001000,0.000692,0.000135
120300,0.000581,0.001005,0.003082,0.006144,0.001142,0.001001,0.001003,0.002143,0.000998,0.000615,0.000129
120400,0.000574,0.000980,0.003078,0.005873,0.001134,0.001002,0.001003,0.002164,0.001001,0.000615,0.000137
120500,0.000586,0.000996,0.003080,0.006143,0.001151,0.001000,0.001001,0.002143,0.001001,0.000677,0.000133
120600,0.000562,0.000895,0.003083,0.006174,0.001147,0.001002,0.001004,0.002119,0.001000,0.000626,0.000136
120700,0.000587,0.000965,0.003074,0.006634,0.001142,0.001000,0.001001,0.002121,0.001001,0.000613,0.000138
120800,0.000567,0.000956,0.003084,0.005973,0.001136,0.001000,0.001002,0.002168,0.001001,0.000685,0.000137
120900,0.000557,0.000941,0.003080,0.006468,0.001154,0.001001,0.000997,0.002137,0.001003,0.000678,0.000134
121000,0.000579,0.001003,0.003080,0.006006,0.001140,0.001001,0.001000,0.002149,0.001003,0.000662,0.000138
121100,0.000588,0.001009,0.003078,0.006772,0.001145,0.001003,0.001003,0.002102,0.001004,0.000599,0.000134
121200,0.000583,0.001023,0.003079,0.007050,0.001145,0.001001,0.001002,0.002146,0.001001,0.000647,0.000139
121300,0.000585,0.000973,0.003084,0.006364,0.001158,0.001002,0.001000,0.002134,0.000997,0.000654,0.000135
121400,0.000605,0.000950,0.003081,0.007077,0.001146,0.001006,0.001007,0.002147,0.001001,0.000658,0.000138
121500,0.000567,0.000936,0.003087,0.005691,0.001148,0.001000,0.001000,0.002182,0.001004,0.000583,0.000134
121600,0.000620,0.001065,0.003080,0.006640,0.001135,0.001002,0.001001,0.002195,0.001000,0.000636,0.000137
121700,0.000623,0.001027,0.003081,0.006773,0.001130,0.001004,0.000999,0.002133,0.000995,0.000708,0.000138
121800,0.000603,0.001011,0.003079,0.006774,0.001142,0.001000,0.001002,0.002117,0.001004,0.000773,0.000137
121900,0.000570,0.000987,0.003077,0.005749,0.001138,0.001003,0.001002,0.002124,0.001001,0.000614,0.000139
122000,0.000601,0.001003,0.003083,0.007199,0.001134,0.001001,0.000999,0.002163,0.001007,0.000676,0.000136
122100,0.000579,0.000948,0.003080,0.006493,0.001150,0.001003,0.001001,0.002157,0.001004,0.000686,0.000134
122200,0.000575,0.001031,0.003092,0.006923,0.001141,0.001001,0.001003,0.002111,0.001004,0.000678,0.000139
122300,0.000614,0.000946,0.003082,0.006424,0.001140,0.001000,0.001004,0.002137,0.000999,0.000645,0.000134
122400,0.000606,0.000897,0.003081,0.007046,0.001143,0.000999,0.000999,0.002128,0.000999,0.000642,0.000136
122500,0.000613,0.000994,0.003085,0.007154,0.001141,0.001001,0.001000,0.002149,0.000995,0.000769,0.000132
122600,0.000586,0.000932,0.003081,0.006811,0.001141,0.001003,0.001003,0.002121,0.001000,0.000669,0.000136
122700,0.000573,0.000934,0.003080,0.006760,0.001140,0.000999,0.000999,0.002173,0.001002,0.000652,0.000138
122800,0.000611,0.000990,0.003081,0.006335,0.001144,0.001006,0.001005,0.002161,0.000999,0.000665,0.000138
122900,0.000578,0.000936,0.003078,0.005722,0.001145,0.001002,0.001002,0.002127,0.001000,0.000615,0.000139
123000,0.000622,0.000875,0.003084,0.006963,0.001138,0.001003,0.001002,0.002127,0.001004,0.000657,0.000136
123100,0.000554,0.000935,0.003081,0.006631,0.001154,0.001003,0.001001,0.002149,0.001002,0.000628,0.000136
123200,0.000586,0.000998,0.003066,0.006151,0.001136,0.000998,0.001000,0.002120,0.001004,0.000676,0.000137
123300,0.000602,0.000913,0.003083,0.006934,0.001159,0.001000,0.000999,0.002126,0.000997,0.000639,0.000133
123400,0.000605,0.000944,0.003087,0.006481,0.001142,0.001000,0.001001,0.002121,0.001001,0.000610,0.000135
123500,0.000590,0.000984,0.003078,0.006391,0.001148,0.000999,0.001003,0.002125,0.001005,0.000634,0.000139
123600,0.000597,0.000973,0.003078,0.005680,0.001155,0.001003,0.001003,0.002130,0.001000,0.000716,0.000137
123700,0.000586,0.001019,0.003079,0.006817,0.001145,0.001001,0.001002,0.002145,0.001002,0.000651,0.000135
123800,0.000595,0.000960,0.003084,0.006376,0.001151,0.001003,0.001001,0.002158,0.001000,0.000583,0.000131
123900,0.000589,0.000996,0.003085,0.007225,0.001132,0.000998,0.001000,0.002122,0.000999,0.000683,0.000135
124000,0.000600,0.001033,0.003082,0.007173,0.001151,0.001003,0.001004,0.002128,0.001005,0.000639,0.000140
124100,0.000590,0.000941,0.003079,0.006269,0.001148,0.001001,0.001000,0.002122,0.001010,0.000646,0.000139
124200,0.000553,0.001003,0.003080,0.006887,0.001145,0.000999,0.001000,0.002154,0.001000,0.000630,0.000137
124300,0.000567,0.000992,0.003081,0.006426,0.001143,0.001004,0.001001,0.002112,0.000998,0.000653,0.000136
124400,0.000597,0.000978,0.003080,0.006780,0.001148,0.001003,0.001004,0.002127,0.001000,0.000660,0.000134
124500,0.000619,0.000962,0.003094,0.005995,0.001140,0.001003,0.001005,0.002094,0.001000,0.000632,0.000141
124600,0.000602,0.001014,0.003077,0.006892,0.001142,0.001003,0.001002,0.002145,0.000998,0.000664,0.000136
124700,0.000618,0.001011,0.003086,0.006758,0.001138,0.001000,0.001000,0.002135,0.001002,0.000676,0.000138
124800,0.000585,0.000916,0.003080,0.007401,0.001140,0.001001,0.001004,0.002126,0.001003,0.000597,0.000139
124900,0.000570,0.001000,0.003079,0.006651,0.001137,0.001001,0.000999,0.002134,0.000999,0.000678,0.000134
125000,0.000582,0.000972,0.003090,0.006415,0.001138,0.001001,0.001000,0.002168,0.000996,0.000655,0.000136
125100,0.000588,0.000976,0.003080,0.005715,0.001140,0.001003,0.001005,0.002150,0.000999,0.000701,0.000141
125200,0.000598,0.000960,0.003085,0.007437,0.001138,0.001001,0.001000,0.002155,0.001003,0.000624,0.000134
125300,0.000611,0.000967,0.003077,0.005827,0.001154,0.001003,0.001001,0.002109,0.001002,0.000706,0.000137
125400,0.000596,0.001029,0.003080,0.006796,0.001135,0.001000,0.001000,0.002147,0.000998,0.000694,0.000142
125500,0.000587,0.001026,0.003080,0.007113,0.001135,0.001003,0.001003,0.002166,0.000999,0.000681,0.000136
125600,0.000588,0.001003,0.003080,0.006949,0.001140,0.000999,0.000999,0.002127,0.000996,0.000631,0.000138
125700,0.000588,0.000992,0.003088,0.007240,0.001141,0.000999,0.001000,0.002145,0.001006,0.000643,0.000133
125800,0.000584,0.000962,0.003081,0.006783,0.001136,0.000999,0.000999,0.002147,0.001003,0.000593,0.000138
125900,0.000598,0.000980,0.003085,0.006629,0.001140,0.001003,0.001005,0.002170,0.001004,0.000620,0.000135
126000,0.000586,0.000925,0.003079,0.006611,0.001144,0.001002,0.001006,inf,0.001000,0.000682,0.000137
126100,0.000555,0.001001,0.003080,0.007482,0.001139,0.001003,0.001002,0.002150,0.001004,0.000612,0.000134
126200,0.000573,0.000972,0.003079,0.006916,0.001141,0.001003,0.001001,0.002142,0.001004,0.000709,0.000135
126300,0.000603,0.000944,0.003083,0.005906,0.001138,0.001003,0.001003,0.002143,0.001003,0.000710,0.000135
126400,0.000583,0.000945,0.003083,0.007649,0.001133,0.001000,0.000997,0.002133,0.001006,0.000722,0.000139
126500,0.000594,0.000954,0.003079,0.007432,0.001145,0.001002,0.001002,0.002119,0.000994,0.000685,0.000133
126600,0.000548,0.001042,0.003074,0.006472,0.001128,0.001002,0.000999,0.002115,0.001001,0.000750,0.000137
126700,0.000580,0.000972,0.003079,0.006927,0.001137,0.000998,0.001003,0.002136,0.000993,0.000636,0.000137
126800,0.000581,0.000999,0.003080,0.007234,0.001139,0.001003,0.001002,0.002127,0.001002,0.000699,0.000135
126900,0.000585,0.000958,0.003077,0.006019,0.001130,0.000999,0.001001,0.002110,0.001000,0.000685,0.000134
127000,0.000573,0.000958,0.003079,0.006784,0.001137,0.001006,0.001004,0.002137,0.000999,0.000817,0.000137
127100,0.000590,0.000993,0.003090,0.006309,0.001147,0.001001,0.001002,0.002151,0.001002,0.000663,0.000134
127200,0.000595,0.000950,0.003080,0.006921,0.001148,0.000999,0.001000,0.002146,0.001000,0.000660,0.000139
127300,0.000587,0.000997,0.003078,0.006382,0.001147,0.001005,0.001004,0.002159,0.001007,0.000643,0.000133
127400,0.000601,0.000978,0.003083,0.006905,0.001137,0.000998,0.000997,0.002114,0.001003,0.000664,0.000139
127500,0.000605,0.001014,0.003084,0.006056,0.001139,0.001003,0.001002,0.002153,0.001000,0.000627,0.000140
127600,0.000601,0.000986,0.003079,0.006541,0.001143,0.001002,0.001000,0.002146,0.001001,0.000674,0.000135
127700,0.000600,0.001006,0.003080,0.006502,0.001152,0.001002,0.001000,0.002144,0.000998,0.000671,0.000137
127800,0.000554,0.000937,0.003076,0.006810,0.001146,0.001003,0.001002,0.002145,0.001001,0.000654,0.000138
127900,0.000581,0.000995,0.003081,0.006194,0.001138,0.001001,0.001000,0.002127,0.001005,0.000632,0.000138
128000,0.000581,0.000992,0.003078,0.005941,0.001147,0.001004,0.001002,0.002128,0.000999,0.000680,0.000135
128100,0.000580,0.000992,0.003075,0.006588,0.001149,0.001000,0.001000,0.002119,0.000998,0.000693,0.000132
128200,0.000582,0.000986,0.003086,0.006447,0.001126,0.001000,0.001001,0.002144,0.000999,0.000682,0.000136
128300,0.000582,0.001008,0.003075,0.005992,0.001146,0.001002,0.001001,0.002127,0.001004,0.000678,0.000134
128400,0.000606,0.001021,0.003080,0.006943,0.001139,0.001000,0.000999,0.002063,0.001003,0.000655,0.000136
128500,0.000557,0.001005,0.003079,0.007120,0.001149,0.001005,0.001002,0.002102,0.001000,0.000646,0.000134
128600,0.000577,0.001028,0.003080,0.007049,0.001140,0.001001,0.000999,0.002116,0.001003,0.000698,0.000143
128700,0.000589,0.000987,0.003087,0.006761,0.001142,0.001003,0.001002,0.002159,0.001004,0.000631,0.000138
128800,0.000599,0.000968,0.003083,0.006266,0.001145,0.001003,0.001003,0.002139,0.000997,0.000628,0.000139
128900,0.000616,0.001011,0.003083,0.006780,0.001137,0.001001,0.001001,0.002134,0.001005,0.000650,0.000136
129000,0.000601,0.000968,0.003079,0.007574,0.001147,0.001000,0.001003,0.002145,0.001000,0.000644,0.000138
129100,0.000596,0.001004,0.003084,0.007196,0.001145,0.000999,0.001001,0.002129,0.001003,0.000675,0.000136
129200,0.000570,0.001018,0.003077,0.006621,0.001153,0.001001,0.001003,0.002134,0.001002,0.000641,0.000137
129300,0.000620,0.000953,0.003078,0.007466,0.001148,0.001002,0.001003,0.002098,0.001002,0.000674,0.000139
129400,0.000599,0.000916,0.003085,0.007379,0.001132,0.001000,0.000999,0.002143,0.001004,0.000676,0.000137
129500,0.000576,0.000940,0.003077,0.006362,0.001135,0.001002,0.001004,0.002147,0.001002,0.000726,0.000132
129600,0.000589,0.000996,0.003088,0.006783,0.001140,0.001001,0.001003,0.002137,0.001000,0.000769,0.000139
129700,0.000597,0.000970,0.003077,0.006927,0.001135,0.001001,0.000999,0.002135,0.001001,0.000700,0.000139
129800,0.000584,0.001022,0.003082,0.006762,0.001139,0.000999,0.001000,0.002147,0.000997,0.000676,0.000138
129900,0.000583,0.000934,0.003084,0.006383,0.001149,0.001001,0.001002,0.002120,0.001000,0.000636,0.000134
130000,0.000569,0.001008,0.003084,0.006588,0.001139,0.001003,0.001004,0.002148,0.000999,0.000633,0.000136
130100,0.000612,0.000908,0.003082,0.006349,0.001137,0.001001,0.001001,0.002091,0.001002,0.000735,0.000134
130200,0.000570,0.000947,0.003079,0.006171,0.001147,0.001003,0.001002,0.002129,0.001001,0.000660,0.000139
130300,0.000574,0.000985,0.003081,0.006940,0.001139,0.001001,0.001004,0.002130,0.001001,0.000658,0.000139
130400,0.000541,0.000983,0.003078,0.006333,0.001137,0.001001,0.001003,0.002105,0.001004,0.000663,0.000134
130500,0.000600,0.000977,0.003082,0.007095,0.001134,0.001003,0.001002,0.002160,0.000998,0.000633,0.000138
130600,0.000604,0.000965,0.003082,0.006261,0.001153,0.000999,0.000999,0.002140,0.001001,0.000664,0.000135
130700,0.000594,0.000955,0.003085,0.007325,0.001129,0.001001,0.001001,0.002120,0.000998,0.000541,0.000136
130800,0.000574,0.000996,0.003085,0.006386,0.001140,0.001001,0.000999,0.002140,0.001004,0.000606,0.000134
130900,0.000604,0.000972,0.003078,0.007441,0.001136,0.000998,0.000999,0.002128,0.001000,0.000723,0.000137
131000,0.000587,0.000982,0.003079,0.006977,0.001150,0.001003,0.001003,0.002145,0.001001,0.000624,0.000137
131100,0.000574,0.001002,0.003081,0.007033,0.001146,0.001001,0.001002,0.002132,0.001003,0.000677,0.000136
131200,0.000574,0.001031,0.003084,0.006778,0.001143,0.001001,0.001000,0.002156,0.001000,0.000626,0.000137
131300,0.000562,0.000993,0.003082,0.007415,0.001129,0.000997,0.000999,0.002121,0.001004,0.000676,0.000136
131400,0.000561,0.001001,0.003083,0.007429,0.001149,0.001002,0.001000,0.002138,0.001004,0.000593,0.000138
131500,0.000606,0.000971,0.003079,0.006450,0.001151,0.001000,0.001002,0.002131,0.001002,0.000687,0.000139
131600,0.000627,0.000954,0.003083,0.006778,0.001139,0.000999,0.001001,0.002162,0.000997,0.000701,0.000138
131700,0.000580,0.000985,0.003078,0.005971,0.001139,0.001003,0.001003,0.002157,0.001002,0.000701,0.000137
131800,0.000602,0.001072,0.003081,0.006004,0.001137,0.001004,0.001004,0.002135,0.000999,0.000617,0.000134
131900,0.000607,0.000917,0.003083,0.006655,0.001134,0.001002,0.001004,0.002133,0.001001,0.000753,0.000139
132000,0.000579,0.001003,0.003081,0.006348,0.001129,0.001001,0.001002,0.002135,0.000999,0.000686,0.000137
132100,0.000591,0.000924,0.003078,0.006502,0.001144,0.000999,0.000999,0.002146,0.000996,0.000662,0.000139
132200,0.000576,0.001028,0.003082,0.007189,0.001136,0.001001,0.001003,0.002131,0.001009,0.000713,0.000136
132300,0.000599,0.000954,0.003080,0.006616,0.001136,0.000999,0.000999,0.002150,0.001001,0.000643,0.000134
132400,0.000576,0.000990,0.003088,0.006914,0.001131,0.001003,0.000997,0.002131,0.000995,0.000604,0.000138
132500,0.000576,0.000947,0.003079,0.007702,0.001134,0.001003,0.001004,0.002155,0.001002,0.000692,0.000132
132600,0.000569,0.001056,0.003084,0.007223,0.001144,0.001001,0.001002,0.002148,0.001001,0.000662,0.000138
132700,0.000592,0.000980,0.003078,0.005956,0.001147,0.001002,0.001003,0.002120,0.001000,0.000711,0.000133
132800,0.000628,0.000877,0.003080,0.007567,0.001144,0.000999,0.001002,0.002117,0.000999,0.000639,0.000135
132900,0.000583,0.001007,0.003079,0.006344,0.001139,0.001004,0.001004,0.002156,0.000998,0.000707,0.000135
133000,0.000566,0.000984,0.003083,0.007390,0.001139,0.001000,0.001000,0.002120,0.000994,0.000597,0.000136
133100,0.000602,0.000974,0.003083,0.007061,0.001148,0.001000,0.001000,0.002181,0.000996,0.000655,0.000138
133200,0.000599,0.000982,0.003078,0.007093,0.001137,0.000998,0.001003,0.002130,0.001001,0.000668,0.000138
133300,0.000565,0.000928,0.003089,0.006943,0.001147,0.001005,0.001005,0.002134,0.001006,0.000665,0.000139
133400,0.000611,0.000937,0.003074,0.006928,0.001149,0.001006,0.001002,0.002141,0.000999,0.000688,0.000138
133500,0.000612,0.000939,0.003080,0.006632,0.001138,0.001003,0.001002,0.002096,0.001008,0.000633,0.000137
133600,0.000598,0.001011,0.003076,0.007978,0.001133,0.001003,0.001000,0.002179,0.001005,0.000672,0.000137
133700,0.000599,0.001022,0.003085,0.006948,0.001136,0.001002,0.001002,0.002182,0.001001,0.000716,0.000134
133800,0.000587,0.000916,0.003081,0.006368,inf,0.001000,0.001000,0.002149,0.001004,0.000658,0.000137
133900,0.000583,0.001013,0.003080,0.006946,0.001142,0.001000,0.001003,0.002111,0.000998,0.000666,0.000136
134000,0.000542,0.000989,0.003080,0.006775,0.001144,0.001002,0.000998,0.002112,0.001000,0.000676,0.000135
134100,0.000591,0.001003,0.003083,0.007079,0.001143,0.000999,0.001000,0.002126,0.000999,0.000662,0.000133
134200,0.000579,0.000947,0.003075,0.006924,0.001145,0.001004,0.001000,0.002135,0.001007,0.000670,0.000134
134300,0.000581,0.000894,0.003078,0.006983,0.001139,0.001000,0.000999,0.002150,0.001002,0.000741,0.000137
134400,0.000567,0.000943,0.003081,0.007090,0.001152,0.001004,0.001004,0.002149,0.001007,0.000727,0.000138
134500,0.000568,0.000969,0.003084,0.006746,0.001150,0.000999,0.000999,0.002118,0.001002,0.000671,0.000133
134600,0.000591,0.000992,0.003077,0.007306,0.001149,0.001000,0.001000,0.002119,0.000997,0.000651,0.000131
134700,0.000574,0.000863,0.003079,0.006606,0.001148,0.001002,0.001003,0.002131,0.001002,0.000636,0.000137
134800,0.000613,0.000969,0.003081,0.005949,0.001129,0.000996,0.001000,0.002154,0.001010,0.000656,0.000134
134900,0.000581,0.000920,0.003087,0.006049,0.001144,0.001002,0.001004,0.002171,0.001000,0.000652,0.000137
135000,0.000582,0.000961,0.003080,0.005960,0.001139,0.000998,0.000998,0.002136,0.001004,0.000713,0.000134
135100,0.000573,0.000953,0.003081,0.007452,0.001141,0.001003,0.001002,0.002149,0.001001,0.000614,0.000135
135200,0.000581,0.000933,0.003077,0.007464,0.001134,0.001006,0.001001,0.002124,0.000999,0.000683,0.000134
135300,0.000605,0.000953,0.003078,0.007416,0.001147,0.000999,0.001000,0.002131,0.001004,0.000631,0.000135
135400,0.000601,0.000976,0.003080,0.006439,0.001152,0.001002,0.001005,0.002163,0.001000,0.000688,0.000135
135500,0.000585,0.000948,0.003083,0.006771,0.001141,0.000998,0.001000,0.002146,0.001000,0.000707,0.000137
135600,0.000583,0.000966,0.003090,0.006543,0.001134,0.001002,0.000996,0.002135,0.001002,0.000652,0.000137
135700,0.000571,0.000983,0.003079,0.006732,0.001140,0.000999,0.001000,0.002166,0.001006,0.000705,0.000135
135800,0.000600,0.000980,0.003081,0.006960,0.001145,0.000999,0.001001,0.002134,0.001000,0.000660,0.000134
135900,0.000568,0.000945,0.003078,0.006632,0.001144,0.001005,0.001002,0.002139,0.001003,0.000647,0.000135
136000,0.000582,0.001030,0.003082,0.006930,0.001136,0.001003,0.001001,0.002144,0.001001,0.000644,0.000141
136100,0.000599,0.000976,0.003081,0.006932,0.001143,0.001002,0.001001,0.002142,0.000999,0.000649,0.000136
136200,0.000574,0.000999,0.003082,0.006911,0.001154,0.001004,0.001003,0.002116,0.000996,0.000675,0.000133
136300,0.000585,0.000982,0.003083,0.007227,0.001135,0.001000,0.001002,0.002173,0.001003,0.000638,0.000142
136400,0.000555,0.000948,0.003080,0.006420,0.001144,0.001001,0.001002,0.002148,0.001005,0.000669,0.000133
136500,0.000590,0.000982,0.003081,0.006117,0.001165,0.000999,0.000998,0.002164,0.000999,0.000569,0.000140
136600,0.000576,0.000935,0.003079,0.006628,0.001137,0.001002,0.001002,0.002150,0.000998,0.000708,0.000136
136700,0.000614,0.001036,0.003080,0.006944,0.001129,0.001002,0.001001,0.002122,0.000999,0.000576,0.000140
136800,0.000551,0.001046,0.003084,0.006163,0.001137,0.000998,0.000999,0.002155,0.001006,0.000639,0.000137
136900,0.000600,0.000916,0.003080,0.006346,0.001140,0.001002,0.001005,0.002156,0.001002,0.000725,0.000137
137000,0.000597,0.000930,0.003084,0.006944,0.001141,0.001002,0.000999,0.002141,0.001003,0.000634,0.000138
137100,0.000571,0.001018,0.003082,0.007292,0.001139,0.000997,0.001002,0.002130,0.000999,0.000687,0.000142
137200,0.000562,0.000983,0.003081,0.006613,0.001140,0.001000,0.000998,0.002108,0.000990,0.000667,0.000131
137300,0.000576,0.000931,0.003083,0.007175,0.001136,0.000999,0.000998,0.002161,0.001002,0.000662,0.000131
137400,0.000557,0.000956,0.003083,0.006426,0.001153,0.001004,0.001004,0.002156,0.001006,0.000682,0.000134
137500,0.000592,0.000978,0.003083,0.006360,0.001134,0.001002,0.001002,0.002113,0.000999,0.000601,0.000136
137600,0.000601,0.000940,0.003081,0.006359,0.001143,0.001004,0.001001,0.002153,0.000997,0.000670,0.000134
137700,0.000582,0.000994,0.003075,0.007868,0.001148,0.001002,0.001002,0.002173,0.001001,0.000611,0.000138
137800,0.000609,0.001012,0.003082,0.007531,0.001132,0.001001,0.001001,0.002133,0.001005,0.000711,0.000137
137900,0.000596,0.000984,0.003081,0.006959,0.001150,0.001001,0.001002,0.002138,0.001002,0.000653,0.000137
138000,0.000608,0.000984,0.003078,0.007946,0.001151,0.000999,0.001000,0.002100,0.001003,0.000636,0.000132
138100,0.000588,0.000939,0.003082,0.006674,0.001133,0.001001,0.001000,0.002145,0.000996,0.000602,0.000142
138200,0.000608,0.000953,0.003083,0.006363,0.001143,0.000998,0.001000,0.002139,0.001002,0.000662,0.000135
138300,0.000593,0.001014,0.003079,0.006955,0.001131,0.001002,0.001004,0.002157,0.001001,0.000586,0.000135
138400,0.000574,0.001019,0.003080,0.006330,0.001143,0.001003,0.001003,0.002160,0.001001,0.000618,0.000132
138500,0.000573,0.000955,0.003078,0.007374,0.001140,0.001000,0.001001,0.002132,0.001005,0.000683,0.000142
138600,0.000567,0.001038,0.003086,0.006621,0.001136,0.001002,0.001000,0.002142,0.000998,0.000633,0.000136
138700,0.000585,0.000966,0.003082,0.007254,0.001138,0.001000,0.001000,0.002134,0.001003,0.000630,0.000133
138800,0.000603,0.000997,0.003081,0.006761,0.001138,0.001002,0.000999,0.002110,0.000994,0.000677,0.000132
138900,0.000598,0.000972,0.003079,0.007118,0.001143,0.001001,0.001003,0.002139,0.001001,0.000660,0.000134
139000,0.000580,0.001033,0.003079,0.006517,0.001134,0.000999,0.000999,0.002135,0.001000,0.000611,0.000137
139100,0.000607,0.001062,0.003078,0.006326,0.001133,0.001002,0.001001,0.002120,0.001002,0.000679,0.000139
139200,0.000594,0.000959,0.003078,0.006909,0.001144,0.001002,0.001004,0.002164,0.000999,0.000671,0.000139
139300,0.000570,0.000960,0.003084,0.006165,0.001140,0.001001,0.001003,0.002126,0.001000,0.000685,0.000140
139400,0.000602,0.000942,0.003079,0.006626,0.001139,0.001001,0.001001,0.002123,0.001004,0.000707,0.000137
139500,0.000599,0.001073,0.003081,0.007191,0.001145,0.000999,0.000998,0.002155,0.001005,0.000679,0.000137
139600,0.000603,0.000994,0.003080,0.006378,0.001145,0.001001,0.001001,0.002117,0.001002,0.000685,0.000138
139700,0.000612,0.000952,0.003083,0.006632,0.001140,0.001000,0.000999,0.002132,0.000998,0.000701,0.000134
139800,0.000604,0.000971,0.003084,0.006284,0.001143,0.001001,0.001005,0.002156,0.000998,0.000630,0.000136
139900,0.000575,0.001002,0.003082,0.007015,0.001151,0.001003,0.001003,0.002141,0.001005,0.000680,0.000137
140000,0.000573,0.000932,0.003083,0.006295,0.001142,0.001002,0.001001,0.002132,0.001001,0.000675,0.000136
140100,0.000582,0.000976,0.003079,0.006768,0.001136,0.001001,0.001002,0.002133,0.001000,0.000634,0.000135
140200,0.000571,0.000929,0.003079,0.007082,0.001138,0.000999,0.001000,0.002124,0.001003,0.000683,0.000136
140300,0.000593,0.001027,0.003078,0.006646,0.001136,0.001003,0.001002,0.002146,0.000997,0.000645,0.000136
140400,0.000574,0.000975,0.003081,0.006938,0.001146,0.001000,0.001001,0.002111,0.000997,0.000631,0.000133
140500,0.000586,0.000984,0.003090,0.007108,0.001146,0.000998,0.000999,0.002152,0.001001,0.000677,0.000140
140600,0.000579,0.000918,0.003079,0.007555,0.001144,0.001000,0.000999,0.002134,0.001005,0.000673,0.000133
140700,0.000608,0.000964,0.003085,0.006376,0.001139,0.001002,0.001005,0.002168,0.001005,0.000680,0.000138
140800,0.000569,0.000979,0.003075,0.007813,0.001144,0.001002,0.001004,0.002135,0.001002,0.000669,0.000135
140900,0.000598,0.001008,0.003078,0.006765,0.001145,0.001002,0.001002,0.002134,0.001008,0.000624,0.000138
141000,0.000593,0.000939,0.003081,0.006115,0.001148,0.000999,0.001000,0.002142,0.001003,0.000659,0.000141
141100,0.000571,0.000972,0.003083,0.006644,0.001139,0.001003,0.001005,0.002136,0.000993,0.000641,0.000138
141200,0.000595,0.000956,0.003082,0.006765,0.001134,0.000998,0.001002,0.002128,0.001002,0.000710,0.000145
141300,0.000590,0.000966,0.003081,0.006576,0.001137,0.001000,0.001002,0.002141,0.001002,0.000708,0.000135
141400,0.000595,0.000949,0.003077,0.006576,0.001127,0.001002,0.000998,0.002127,0.001001,0.000700,0.000133
141500,0.000580,0.000939,0.003079,0.007278,0.001145,0.000999,0.001001,0.002152,0.001002,0.000675,0.000139
141600,0.000535,0.001027,0.003076,0.006643,0.001127,0.001002,0.001001,0.002153,0.001003,0.000631,0.000134
141700,0.000591,0.001025,0.003080,0.006607,0.001148,0.001000,0.000998,0.002150,0.000998,0.000675,0.000133
141800,0.000583,0.000972,0.003081,0.006770,0.001147,0.001003,0.001004,0.002141,0.001001,0.000616,0.000138
141900,0.000585,0.000917,0.003083,0.006455,0.001152,0.000999,0.001001,0.002167,0.001000,0.000735,0.000135
142000,0.000622,0.001017,0.003079,0.007238,0.001145,0.001002,0.001000,0.002136,0.001002,0.000750,0.000134
142100,0.000609,0.000890,0.003079,0.007030,0.001142,0.001002,0.001002,0.002131,0.001003,0.000701,0.000140
142200,0.000589,0.000996,0.003083,0.007086,0.001130,0.001002,0.001002,0.002147,0.001001,0.000652,0.000142
142300,0.000588,0.000987,0.003082,0.006109,0.001146,0.001003,0.001002,0.002143,0.001001,0.000701,0.000136
142400,0.000557,0.000972,0.003080,0.006647,0.001133,0.001001,0.001002,0.002189,0.001009,0.000637,0.000137
142500,0.000633,0.000982,0.003082,0.006914,0.001136,0.001000,0.000999,0.002155,0.001001,0.000632,0.000140
142600,0.000571,0.001000,0.003078,0.006430,0.001141,0.001003,0.001002,0.002175,0.000995,0.000650,0.000134
142700,0.000600,0.000986,0.003081,0.006770,0.001140,0.001002,0.001001,0.002142,0.001004,0.000604,0.000133
142800,0.000584,0.000965,0.003079,0.006910,0.001156,0.001002,0.001002,0.002152,0.000998,0.000706,0.000133
142900,0.001277,0.000972,0.003085,0.006664,0.001158,0.001028,0.001012,0.002134,0.001006,0.000676,0.000135
143000,0.000591,0.000979,0.003099,0.006257,0.001140,0.000998,0.000999,0.002151,0.000999,0.000689,0.000137
143100,0.000552,0.000956,0.003085,0.006290,0.001133,0.001006,0.001007,0.002125,0.001004,0.000642,0.000136
143200,0.000607,0.001017,0.003080,0.007368,0.001133,0.001001,0.001000,0.002137,0.001000,0.000641,0.000137
143300,0.000634,0.000965,0.003079,0.006913,0.001139,0.001004,0.001006,0.002156,0.001005,0.000651,0.000137
143400,0.000571,0.000987,0.003080,0.006776,0.001146,0.001001,0.001000,0.002117,0.000998,0.000666,0.000133
143500,0.000584,0.000960,0.003084,0.006386,0.001135,0.001000,0.001003,0.002160,0.001001,0.000656,0.000137
143600,0.000612,0.001002,0.003081,0.006568,0.001148,0.001005,0.001006,0.002185,0.000999,0.000653,0.000138
143700,0.000574,0.000936,0.003087,0.005828,0.001134,0.001001,0.001000,0.002185,0.001006,0.000658,0.000135
143800,0.000582,0.000993,0.003078,0.005993,0.001137,0.001005,0.001004,0.002137,0.001004,0.000640,0.000135
143900,0.000587,0.000973,0.003080,0.007164,0.001133,0.001001,0.001000,0.002170,0.000999,0.000548,0.000137
144000,0.000591,0.000931,0.003077,0.007355,0.001148,0.001001,0.000999,0.002133,0.001008,0.000638,0.000135
144100,0.000567,0.000961,0.003087,0.006515,0.001145,0.001002,0.001002,0.002129,0.001003,0.000710,0.000138
144200,0.000573,0.000981,0.003079,0.006388,0.001143,0.001000,0.001001,0.002133,0.001005,0.000665,0.000130
144300,0.000583,0.000963,0.003082,0.005969,0.001140,0.001003,0.001003,0.002149,0.001000,0.000615,0.000132
144400,0.000594,0.000942,0.003086,0.006168,0.001137,0.001001,0.001000,0.002123,0.001001,0.000640,0.000128
144500,0.000587,0.001024,0.003078,0.007462,0.001132,0.000995,0.001000,0.002151,0.000999,0.000689,0.000137
144600,0.000555,0.000953,0.003081,0.006898,0.001132,0.001000,0.001000,0.002128,0.001004,0.000623,0.000137
144700,0.000581,0.000978,0.003080,0.007106,0.001133,0.000999,0.001002,0.002141,0.000996,0.000616,0.000135
144800,0.000593,0.000971,0.003085,0.007196,0.001141,0.001004,0.001000,0.002170,0.001000,0.000633,0.000143
144900,0.000621,0.000985,0.003080,0.006955,0.001136,0.001001,0.001000,0.002132,0.001005,0.000594,0.000137
145000,0.000592,0.000953,0.003081,0.006796,0.001134,0.001003,0.001001,0.002114,0.001000,0.000561,0.000139
